local_folder,local_path,filename,file_size,page_count,pdf_title,pdf_author,detected_title,detected_author,year,publisher,isbn_10,isbn_13,doi,language,text_sample,scan_error
Atlas de Accesibilidad y Conectividad,5 DOT y planeación urbana (Gregor Wessels)/Atlas de Accesibilidad y Conectividad/atlas_introduccion.pdf,atlas_introduccion.pdf,1640416,16,,,atlas_introduccion,,,,,,,,"






",
Atlas de Accesibilidad y Conectividad,5 DOT y planeación urbana (Gregor Wessels)/Atlas de Accesibilidad y Conectividad/atlas_seccion1_generalidades.pdf,atlas_seccion1_generalidades.pdf,1371455,10,,,atlas_seccion1_generalidades,,,,,,,,"






",
Atlas de Accesibilidad y Conectividad,5 DOT y planeación urbana (Gregor Wessels)/Atlas de Accesibilidad y Conectividad/atlas_seccion2_sociodemografico.pdf,atlas_seccion2_sociodemografico.pdf,3346056,22,,,atlas_seccion2_sociodemografico,,,,,,,,"






",
Atlas de Accesibilidad y Conectividad,5 DOT y planeación urbana (Gregor Wessels)/Atlas de Accesibilidad y Conectividad/atlas_seccion3_sociodeconomico.pdf,atlas_seccion3_sociodeconomico.pdf,2904433,20,,,atlas_seccion3_sociodeconomico,,,,,,,,"






",
Atlas de Accesibilidad y Conectividad,5 DOT y planeación urbana (Gregor Wessels)/Atlas de Accesibilidad y Conectividad/atlas_seccion4_proximidad_peatonal_movilidadnomotorizada.pdf,atlas_seccion4_proximidad_peatonal_movilidadnomotorizada.pdf,7300504,13,,,atlas_seccion4_proximidad_peatonal_movilidadnomotorizada,,,,,,,,"






",
Captura de valor,5 DOT y planeación urbana (Gregor Wessels)/Captura de valor/ACOSTA PATRICIA 2008 Policy Learningn new Challenges for Smart Value capture in colombia.pdf,ACOSTA PATRICIA 2008 Policy Learningn new Challenges for Smart Value capture in colombia.pdf,15448649,126,,,Policy Learning :,Patricia Acosta,1993,Submitted to the Department of Urban Studies and Planning,,,,eng,"Policy Learning :
New Challenges for Smart Value Capture in Colombia
By
Patricia Acosta
BArch. Architecture
Universidad de Los Andes
Bogota, Colombia (1993)
Submitted to the Department of Urban Studies and Planning
in partial fulfillment of the requirements for the degree of
Master of Science
at the
MASSACHUSETTS INSTITUTE OF TECHNOLOGY
June 2008
© 2008 Patricia Acosta. All Rights Reserved
The author here by grants to MIT the permission to reproduce and to
distribute publicly paper and electronic copies of the thesis document in
whole or in part.
MASSACHUSETTS INSTTrU1TE
OF TECHNOLOGY
JUN 2 5 2008
LIBRARIES
ARCHNVE
Author
Department of Urban Studies and Planning
May 22, 2008
/Z
Certified by
Ralph Gakenheimer
FAICP Professor of Urban Planning
Thesis Supervisor
Accepted by ... . .....................................................................
Langley Keyes
Chair MCP Committee
I //


Policy Learning:
New Challenges for Smart Value Capture in Colombia
By Patricia Acosta
Submitted to the Department of Urban Studies and Planning
On May 22, 2008, in partial fulfillment of the requirements for the degree of
Master of Science
Abstract.
Contribucibn por Valorizacicn is a form of value capture similar to Special Assessment,
used in Colombia to complement Local revenues for major public infrastructure
programs. SA's continued use countrywide and its resulting technical evolution has,
despite some shortcomings, made it a value capture practice that is internationally
recognized as a noteworthy experience. Participaci6n en Plusvalias is an instrument
recently implemented to capture up to 50% of the increments on land values created by
public actions, similar to betterment levies and unearned increment taxes. This newer,
more complex form of value capture faces important implementation challenges, which
need to be addressed.
The purpose of this study is to evaluate both Special Assessment (SA) and Participation
in Land Value Increments (PLVI), in order to understand what elements of the process of
implementation and consolidation of SA, can inform a strategy to make PLVI a politically
sustainable policy instrument. This study explores how local political economy has
shaped and influenced the development of these two instruments, highlighting that
despite their common conceptual origins, SA and PLVI are significantly different.
Acknowledging these differences, the research unpacks the experience in BogotA with
SA and sheds light on alternate approaches for PLVI's current managers to address the
new instrument's challenging implementation arena.
The findings of the study suggest that for PLVI to evolve and consolidate as a policy
instrument in BogotA, strategic choices that reframe its management as a long term
policy rather than a procedure, must be made. Complementary organizational strategies
to enhance efficiency and to influence broader public support are amongst the valuable
lessons from the experience with SA that underline the importance of a policy's
responsiveness to its implementation arena for its political sustainability.
The evolution of PLVI in BogotA is important, because it will strongly influence its debate
in the rest of the country. For international scholars and decision makers, the
comparative approach to understand the challenges this new chapter of the Colombian
experience with value capture faces, can be useful to assess other policy environments;
while the analysis of each instrument and its relation to the local political and legislative
specificities, can be useful to temper these instrument's understanding.
Thesis Supervisor : Ralph Gakenheimer
FAICP Professor of Urban Planning
Keywords : Participaci6n en Plusvalia, Contribuci6n por Valorizaci6n, Value Capture Instruments, Value Capture
in Latin America, Special Assessment, Participation in Land Value Increments, Unearned Increment Tax,
Betterment Levies, Land Policy Innovations.


Acknowledgements
My deepest gratitude.
To mi patient advisor
Ralph Gakenheimer
To my interviewees:
In the US:
Carolina Barco
Patricia Torres Arzayuz
Martim Smolka
In Colombia:
Francisco Bermidez - Secretaria Distrital de Planeaci6n BogotA
Sandra Forero - Camacol BogotA
Jorge Herndndez
Jos6 Salazar - Universidad Nacional de Colombia. Bogota
Maria Clara Vejarano - Universidad Nacional de Colombia. Bogota
Juan Felipe Pinilla - CIDER
Special Thanks at MIT to:
Cherie Abbanat
Sam Bass
Xavier Briggs
Daphne Gondhalekar
Bish Sanyal
Mark Schuster (in memoriam)
Merilee Grindle (Harvard KSG)
And most especially,
To my family
and my partner through this adventure, Gabi.


Contents
1. Introduction
The
The
The
Challenge
Approach
Lessons
2. A Look at Value Capture
2.1 Conceptual Building Blocks : Where the Value Comes From
2.1.1 Relation Between the Price of Land and the Price of Housing
Additional Unearned Increments in the Informal Land Market
2.1.2 Land Value Capture Instruments
2.1.3 Value Capture on the Policy Agenda
Fiscal and Redistributive Policies
Land Market and Land M",
Captura de valor,5 DOT y planeación urbana (Gregor Wessels)/Captura de valor/BANCO MUNDIAL 2013 Urbanization-Planning-Connecting-Financing.pdf,BANCO MUNDIAL 2013 Urbanization-Planning-Connecting-Financing.pdf,2461233,132,,,"Planning, Connecting, and Financing Cities—Now provides mayors and other policy makers with",,2013,the World Bank’s Urbanization,,9780821398395,10.1596/978-0-,eng,"Planning, Connecting, and Financing Cities—Now provides mayors and other policy makers with 
a policy framework and diagnostic tools to anticipate and implement strategies that can preclude 
their cities from locking into irreversible physical and social structures. At the core of the policy 
framework are three main dimensions of urban development: 
•	 Planning—Charting	a	course	for	cities	by	setting	the	terms	of	urbanization,	especially	policies	
for using urban land and expanding basic infrastructure and public services.
•	 Connecting—Making	a	city’s	markets	(labor,	goods,	and	services)	accessible	to	other	cities	 
and to other neighborhoods.
•	 Financing—Finding	sources	for	large	capital	outlays	needed	to	provide	infrastructure	and	
services	as	cities	grow	and	urbanization	picks	up	speed.
This report also distills lessons from 
prototype	urbanization	diagnostics	
that reflect challenges for countries 
at	the	nascent	level	(Uganda	and	
Vietnam),	intermediate	level	(China,	
India,	and	Indonesia),	and	mature	
level	(Brazil,	Colombia,	Republic	of	
Korea,	and	T urkey)	of	urbanization.	
These	diagnostics,	carried	out	under	
the	World	Bank’s	Urbanization	
Review	program,	have	engaged	
strategic	counterparts,	such	as	those	
in national ministries of finance and 
planning,	to	consider	policy	choices	
that	influence	urbanization	and	 
city development. 
90000
97 80821 39839 5
ISBN 978-0-8213-9839-5
SKU 19839
PlannIng,	ConneCTIng,	and	 F InanCIng	 CITIes—n oW
PlannI ng,
ConneCTIng	&
FInanCIng
CITIes–noW
P RIo RITIes 	F o R	C IT y 	l eadeR s
VALUE land use 
through transparent 
assessment
COORDINATE land use 
with infrastructure, 
natural resources, and 
hazard risk
LEVER AGE competitive 
markets alongside 
regulation to expand 
basic services
VALUE the city’s 
external and internal 
connections
COORDINATE among 
transport options and 
with land use
LEVER AGE investments 
that will generate 
the largest returns—
individually and 
collectively
VALUE and 
develop the city’s 
creditworthiness
COORDINATE public-
private /f_i nance using 
clear, consistent rules
LEVER AGE existing 
assets to develop new 
ones, and link both to 
land use planning
Plan Connec tF inance
Urbanization Policy Framework
Helping City Leaders Address Key Challenges
Improving 
living 
conditions, 
especially 
in slums
Managing
the city’s
physical
form
Creating
jobs
Expanding
the coverage
and quality
of basic
infrastructure
services
Bridging
the divided
city and
fostering
inclusion
 
Planning, Connecting, and
Financing Cities—Now
 
Value land use  
through transparent  
assessment
Coordinate land use 
with infrastructure, 
natural resources, and 
hazard risk
l
eV
erage competitive 
markets alongside 
regulation to expand 
basic services
Value the city’s 
external and internal 
connections
Coordinate among 
transport options and 
with land use
l
eV
erage investments 
that will generate 
the largest returns—
individually and 
collectively
Value and  
develop the city’s 
creditworthiness
Coordinate public-
private finance using 
clear, consistent rules
l
eV
erage existing 
assets to develop new 
ones, and link both to 
land use planning
Plan Connect Finance
Urbanization Policy Framework
Helping City leaders addr ess Key Challenges
im proving  
living  
conditions,  
especially  
in slums
Managing 
the city’s 
physical 
form
Creating 
jobs
ex panding 
the coverage 
and quality 
of basic 
infrastructure 
services
Bridging 
the divided 
city and 
fostering 
inclusion
Planning, Connecting, and
Financing Cities—Now
Priorities for City Leaders
 
THE WORLD BANK
Washington, DC
© 2013 International Bank for Reconstruction and Development / The World Bank
1818 H Street NW, Washington DC 20433
Telephone: 202-473-1000; Internet: www.worldbank.org
Some rights reserved
1 2 3 4  16 15 14 13 
This work is a product of the staff of The World Bank with external contributions. Note that The World 
Bank does not necessarily own each component of the content included in the work. The World Bank 
therefore does not warrant that the use of the content contained in the work will not infringe on the 
rights of third parties. The risk of claims resulting from such infringement rests solely with you.
The findings, interpretations, and conclusions expressed in this work do not necessarily reflect the 
views of The World Bank, its Board of Executive Directors, or the governments they represent. The 
World Bank does not guarantee the accuracy of the data included in this work. The boundaries, colors, 
denominations, and other information shown on any map in this work do not imply any judgment on 
the part of The World Bank concerning the legal status of any territory or the endorsement or acceptance 
of such boundaries.
Nothing herein shall constitute or be considered to be a limitation upon or waiver of the privileges 
and immunities of The World Bank, all of which are specifically reserved.
Rights and Permissions
This work is available under the Creative Commons Attribution 3.0",
Captura de valor,5 DOT y planeación urbana (Gregor Wessels)/Captura de valor/CAF (2014) Creación y captura valor para proyectos de transporte.pdf,CAF (2014) Creación y captura valor para proyectos de transporte.pdf,56287856,282,Microsoft Word - CAF (2014) Creación y captura valor para proyectos de transporte.docx,,Figuras ..................................................................................................................................... 4,,2014,,,,,spa," 
Creación y captura de valor para el desarrollo de 
proyectos de transporte 
Proyecto “La captura de valor como fuente de financiación de la infraestructura de 
transporte público y sostenible en América Latina” 
 
Informe 3: Informe final 
 
Infratrans Consultancy LAC SAS, Juan Felipe Pinilla Pineda 
Junio 10 de 2014 
 
 
 
   
  

Contenido 
 
Figuras ..................................................................................................................................... 4	
Tablas ....................................................................................................................................... 6	
1	 Introducción ..................................................................................................................... 9	
2	 OBJETIVO 1: Revisar las principales referencias teóricas sobre la captura de valor, 
sus implicaciones en términos de bienestar econó mico y equidad y su pertinencia y 
aplicación específica en la financiación de infraestructuras de transporte. ........................... 11	
2.1	 Financiación de infraestructura de transporte ...................................................................... 11	
2.2	 ¿Qué financiar en transporte? .............................................................................................. 14	
2.1	 Instrumentos y fuentes de financiación en transporte .......................................................... 16	
2.1.1	 Impuestos al transporte ................................................................................... 16	
2.1.2	 Impuestos generales ........................................................................................ 17	
2.1.3	 Instrumentos de asignación de precios ............................................................ 17	
2.1.4	 Préstamos y “grants” ....................................................................................... 18	
2.1.5	 Financiación climática ...................................................................................... 19	
2.1.6	 Fuentes generales de ingresos (local, nacional) ................................................ 20	
2.1.7	 Alianzas Público-Privadas ................................................................................. 20	
2.1.8	 Instrumentos de captura de valor del suelo ..................................................... 24	
2.2	 Potencial de la captura de valor como instrumento de financiación de transporte ................ 25	
2.2.1	 Adquirir suelo y construir el sistema de transporte .......................................... 25	
2.2.2	 El impacto de los sistemas de transporte público en precios del suelo: 
algunas evidencias .......................................................................................................... 26	
2.2.3	 Cómo se ha utilizado la captura de valor .......................................................... 30	
2.3	 Captura de Valor: fundamentos conceptuales ...................................................................... 30	
2.3.1	 ¿Qué “valor” es el que se quiere capturar? ...................................................... 30	
2.3.2	 La formación de los precios del suelo ............................................................... 31	
2.3.3	 ¿Cómo se  estima el mayor valor del precio del suelo? ..................................... 33	
2.4	 Captura de valor: tipos de instrumentos............................................................................... 38	
2.4.1	 Instrumentos fiscales ....................................................................................... 39	
2.4.2	 Instrumentos regulatorios ............................................................................... 52	
2.5	 Potencial de instrumentos de captura de valor para financiación de transporte urbano........ 79	
2.6	 Limitaciones en el éxito de implementación de instrumentos ............................................... 82	
3	 OBJETIVO 2: Revisar en detalle experiencias exitosas y no exitosas de captura de 
valor para infraestructura de transporte en seis ciudades de América Latina ........................ 83	
3.1	 Bogotá ................................................................................................................................. 85	
3.1.1	 Análisis jurídico y normativo ............................................................................ 86	
3.1.2	 Políticas de transporte, proyectos y financiación.............................................. 90	
3.1.3	 Proyectos futuros y financiación ...................................................................... 91	
3.1.4	 Fuentes de financiación planeadas para proyectos futuros .............................. 93	
3.1.5	 Estrategias de captura de valor ........................................................................ 94	
3.1.6	 Captura de valor en transporte ........................................................................ 98	
3.1.7	 Limitaciones y aplicabilidad ...............................",
Captura de valor,5 DOT y planeación urbana (Gregor Wessels)/Captura de valor/Connolly_et_al-2016-Financial_Accountability_&_Management.pdf,Connolly_et_al-2016-Financial_Accountability_&_Management.pdf,164257,22,Value Capture: A Valid Means of Funding PPPs&#x0003F;,,Value Capture: A Valid Means of Funding PPPs&#x0003F;,an appraisal process that was subject to excessive gaming. Shaoul (2005) also,2016,∗The authors are respectively from Queen’s University Belfast and the University of Ulster.,,,,eng,"Financial Accountability & Management , 32(2), May 2016, 0267-4424
Value Capture: A Valid Means of
Funding PPPs?
CIARAN CONNOLLY AND ANTHONY WALL∗
Abstract: This paper considers the use of value capture (VC) as a means of
financing public-private partnerships (PPPs) in the United Kingdom (UK). Although
some VC techniques are used in the UK, they are employed more widely in the United
States of America. After considering the traditional approach to financing UK PPPs,
this paper describes the main VC finance instruments. The findings of a series of
case studies are then presented and conclusions drawn. While VC financing may
prove unpopular with those bearing the cost of infrastructure improvements, it is
recommended that such instruments are considered by UK policy makers.
Keywords: value capture, public-private partnerships, infrastructure improvements
INTRODUCTION
The funding of infrastructure projects has become increasingly complex,
particularly in the last two decades. Previously, such projects were typically
funded directly by government, with contributions from users either directly
or indirectly (e.g., with respect to transit-related projects through fares, fuel
taxes and vehicle registration). The issue of who should pay is important, and
if the paradigm is that improvements only result in increased user convenience
then users should bear the cost. However, the benefits are often wider (e.g.,
new schools or improved transit links may lead to capital gains accruing to
property owners). Moreover, the financing issue is complicated by factors such
as environmental impact costs and to what extent these should be borne by
future generations.
Recent years have seen greater private sector involvement in the funding of
public sector infrastructure projects, together with their design, construction and
operation through Private Finance Initiative (PFI)/Public Private Partnership
∗The authors are respectively from Queen’s University Belfast and the University of Ulster.
Address for correspondence: Ciaran Connolly, Queen’s University Management School,
Queen’s University Belfast, 185 Stranmillis Road, Belfast BT9 5EE, Northern Ireland.
e-mail: c.j.connolly@qub.ac.uk
C© 2016 John Wiley & Sons Ltd
157
158 CONNOLLY AND WALL
(PPP) contracts. Although there are a variety of arrangements that fall
under the PPP umbrella, the most controversial remain those containing PFI
characteristics. The use of private money to finance public sector infrastructure,
such as schools and hospitals, was deemed to be flawed from the outset as public
money was cheaper to borrow. However, the proponents of utilising private
funding maintained that efficiencies gained in the construction and operating
phases of the contract would compensate for higher interest rates. Moreover, the
availability of private finance meant more projects could be undertaken than
under conventional procurement; although this latter argument is weakened
with the economic recession and the reluctance of banks to lend.
This paper examines value capture (VC), a method employed in the United
States of America (USA) which has gained popularity in recent years, particularly
with respect to the repayment of transit PPP finance, because it is perceived
as being socially equitable since it transfers some of the financial burden to
users and others who will benefit from the new or improved infrastructure.
In terms of format, the paper begins with an overview of the financing of
PPPs. This is followed by a discussion of value creation and VC, including the
main VC instruments. After outlining the methodology, four case studies that
have employed various VC instruments are presented and discussed. Finally,
conclusions are drawn.
THE FINANCING OF PUBLIC PRIVATE PARTNERSHIPS
Criticising the use of PPPs, and its forerunner the PFI, has been the focus of
many UK studies (e.g., Edwards and Shaoul, 2003; Broadbent et al., 2008; and
Pollock and Price, 2008). The number and value of UK projects grew steadily
until 2007 (Her Majesty’s Treasury (HMT), 2006) when the banking crisis began
to impact upon lending. Traditionally, major PPP projects that availed of private
finance used a combination of debt and equity with their respective mix typically
being 90% and 10%. 1 Initially, the debt consisted of bank lending and bonds, the
latter being backed by the monoline industry 2 which guaranteed repayment if
an issuer defaulted. However, following the 2007 housing market decline, this
industry collapsed resulting in the closure of the wrapped bond market (BBC,
2009). Consequently, the only viable source of finance for infrastructure projects
was banks; however, the demise of Lehman Brothers in September 2008 meant
the global lending market dried up as interbank confidence fell (Connolly and
Wall, 2011).
Notwithstanding the aforementioned criticisms, two significant characteris-
tics of PFI may explain its ongoing attractiveness (Gregory and Dawber, 2012).
Firstly, while accounting rule c",
Captura de valor,5 DOT y planeación urbana (Gregor Wessels)/Captura de valor/Curso Captura Valor Conclusiones  20180921.pdf,Curso Captura Valor Conclusiones  20180921.pdf,472149,16,CFP notes,Carlosfelipe Pardo,CFP notes,Carlosfelipe Pardo,,"con las de orden nacional, (DNP , el Ministerio de",,,,spa,"Estrategias y mejores 
prácticas en captura de valor 
inmobiliario para mega 
proyectos de transporte 
masivo:
Conclusiones y 
recomendaciones

Conclusiones y 
recomendaciones
1. Temas claves a afrontar
2. Pasos sugeridos para avanzar en el corto plazo 
3. Potencial futuro
4. Recomendaciones
1. Temas claves a afrontar
Coordinación y 
comunicación
La EMB como líder y articulador del 
diseño de los instrumentos de 
captura de valor y de la estrategia 
de implementación
• Articular la acción con las entidades del distrito 
capital (Secretarías de Planeación y Hacienda), junto 
con las de orden nacional, (DNP , el Ministerio de 
Hacienda y el de Transporte)
• Vincular el interés de actores del sector financiero e 
inmobiliario.
• Ejemplo: MRTC - Mass Transit Railway Corpotation 
(Hong Kong) 
• Gran articulador y coordinador de actores públicos y 
privados
• Fortaleza institucional, su capacidad de obtener los 
resultados propuestos y a tiempo.
• Generar interés y rentabilidades en desarrollares e 
inversionistas, al plantear esquemas de negocios rentables
1. Temas claves a afrontar
Generación de 
confianza y de reglas 
claras y explícitas
Seguridad jurídica para atraer 
desarrolladores y actores del sector 
financiero.
Definición de roles y alcances para el 
desarrollo de los instrumentos de 
captura, tanto por la misma EMB, como 
de las demás entidades Distritales
• Definición de una normatividad clara y de 
instrumentos y estrategias de captura de valor 
consistentes, robustos y estables.
• Estabilidad jurídica: genera confianza, 
participación de los actores privados y flujo de 
recursos para la ciudad. 
• La EMB como empresa joven debe ser eficiente 
y confiable en su actuar para que motive la 
participación de actores privados
1. Temas claves a afrontar
Disponibilidad de 
recursos financieros
Para la adquisición de predios 
con propósitos de desarrollo 
urbano, no sólo por la falta de 
disponibilidad recurso del 
gobierno nacional, sino por la 
carencia de nuevas fuentes 
inmediatas 
• FDN y la banca multilateral, como la CAF, pueden 
ayudar a estructurar un fondo de capital privado, 
con un modelo de gobierno corporativo, que 
permita atraer inversionistas privados.
• Un fondo que canalice recursos de capital para la 
financiación de la infraestructura para sistemas 
como el metro de Bogotá
• Los recursos pueden ser dirigidos para la 
adquisición de predios y suelos. Quizás también 
para la conformación de un banco de tierras en un 
futuro dado (Ej.MRTC en Hong Kong)
2. Pasos sugeridos para avanzar 
en el corto plazo
Empresa metro como inmobiliaria
Creación de un fondo temporal, complementario 
a la subasta de derechos de edificabilidad
Manual DOT
**
*
2. Pasos sugeridos para avanzar 
en el corto plazo
Empresa metro 
como inmobiliaria
Profundizar y estructurar 
técnicamente cuanto antes, para 
lograr con éxito el diseño e 
implementación de los mecanismos 
de captura de valor.
• El ejemplo de MRTC: seguir modelo de la 
administración de propiedad exclusiva de los 
desarrollos construidos dentro del área de creación 
de valor de la infraestructura férrea que está sobre 
las estaciones y alrededor de ella
• Esto puede garantizar a la EMB una participación y 
acceso a más recursos y rendimientos en el 
mercado inmobiliario
• La EMB puede definir un portafolio de negocios e 
inversiones que le permita apalancar inversiones de 
infraestructura, adquisición de suelo, o expansiones 
futuras del sistema
2. Pasos sugeridos para avanzar 
en el corto plazo
Creación de un fondo 
temporal, 
complementario a la 
subasta de derechos de 
edificabilidad
La creación de este fondo temporal 
podría mejorar la capacidad de la EMB 
para comprar y adquirir suelo por su 
cuenta, o para pagar la compensación 
por la expropiación de la tierra.
• La EMB compraría el suelo ""sin la infraestructura 
férrea y sin aumentar el índice de construcción"" y 
podría vender estas propiedades a los 
desarrolladores privados a precios con un valor que 
incluye ""la infraestructura ferroviaria más los 
índices de construcción“,
• La EMB podría decidir vender sólo una parte del 
terreno a los desarrolladores y utilizar los 
rendimientos de este negocio para pagar préstamos 
y desarrollar otras propiedades por sí misma.
• Esto permitiría a ala EMB recibir ingresos por 
alquiler, en largo plazo, en lugar de una ganancia 
imprevista en un futuro cercano.
• Para ello, se debe estructurar un plan de negocios 
que financie dicho fondo temporal, acompañado de 
negociaciones con entidades del sector financiero 
como la FDN y con bancos multilaterales.",
Captura de valor,5 DOT y planeación urbana (Gregor Wessels)/Captura de valor/DIAZ FABIAN ALBERTO 2011 Las diferencias de aplicacion de instrumentos ANPUR.pdf,DIAZ FABIAN ALBERTO 2011 Las diferencias de aplicacion de instrumentos ANPUR.pdf,1908855,21,,,XIV ENCONTRO NACIONAL DA ANPUR,,2011,,,,,spa,"XIV ENCONTRO NACIONAL DA ANPUR
Maio de 2011
Rio de Janeiro - RJ - Brasil
LAS DIFERENCIAS EN LA APLICACIÓN DE INSTRUMENTOS DE PLANIFICACIÓN Y
Fabian Alberto Diaz (Secretaria Distrital de Turismo) - fabettodiaz@yahoo.es
Arquitecto professor de la universidad Piloto en Bogotá Colombia, consultor del plan maestro de turismo de Bogotá,
consultor de las alcaldias de Sopo y Soacha
Vanessa Velasco Bernal (Secretaria Distrital de Turismo) - vanessa_velascob30@yahoo.com
Arquitect, professora de la Universidad Javeriana, consultora del Plan Maestro de istrital de PlaneaciónTurismo de
Bogotá y Consultora de la Secretaria D
El borde se manifiesta como aquella franja territorial que denota una transición de los  
aspectos urbanos predominantes como: densidad de ocupación, morfología, usos urbanos,  
dinámicas socio-culturales y espacios naturales o usos de suelo rurales. Las características  
son intrínsecas a las dinámicas que esas franjas desarrollan, afectando o no el suelo de  
protección y constituyendo un área potencial de relación entre el área rural y la urbana. Es  
importante destacar que entender la complejidad del borde y aproximarnos a su definición o  
intervención implica el estudio del desarrollo histórico, su papel en el ordenamiento territorial  
y el resultado de la estructura urbana de los instrumentos de gestión aplicados.
Una de las definiciones que determinan los lineamientos del borde como espacio articulador  
y lo refiere a la estructura urbana es el de “ámbitos de articulación territorial”, entre los que  
se encuentran el soporte territorial, los territorios morfológicos y los espacios articuladores.  
Estos últimos están conformados por nodos, rótulas, corredores o elementos naturales que  
articulan un territorio; travesías o espacios agrícolas residuales resultados de afectaciones o  
infraestructuras.
En la configuración del Territorio Distrital de Bogotá se determinan cuatro tipos de borde, el  
Oriental o de Los Cerros, el Borde Norte, el Borde Sur y el Borde Occidental; este último es  
el que presenta el mayor número de planes parciales adoptados y, por lo tanto, permite  
establecer la incidencia de los instrumentos en la configuración de la estructura urbana.
Introducción
Periferia vista desde los tipos de ciudad  monocéntrica -   policéntrica
La ciudad  monocéntrica  o central es aquella  que  históricamente ha  albergado  las  
actividades  representativas de la ciudad de mayor y mejor uso: productivas, comercio,  
servicios y residencia de altos estratos entre otras. En este tipo de ciudad todo gravita en  
torno al centro y dependiendo de la cercanía al mismo se genera el mayor o menor valor 
(Dematteis, 1998). El centro es el nodo central de producción y exportación de la ciudad, en  
donde la movilidad se establece a través de los viajes que se realizan desde el sector  
residencial (periferia) al sector de trabajo (centro), es el lugar donde las economías de  
aglomeración determinan que  todo el intercambio comercial y relaciones se desarrollan en  
un solo punto (A, Sullivan.1996).
A partir de los años 70 se  desarrollaron las ciudades multicéntricas donde los centros  
suburbanos  complementan y compiten con el centro de ciudad, en las ciudades americanas 
de los años 80 y 90 el crecimiento sobre las áreas metropolitanas o periferia  es superior al  
del centro.  ¿Como podemos explicar la razón de este cambio? 
2
La escasez de suelo de la ciudad central determina la expulsión de los usos residenciales y  
la competencia por los usos de mayor renta produciendo una aumento elevado del precio en 
las zonas centrales, se hace necesario relocalizar las actividades que no pueden acceder al  
centro
El desarrollo de la infraestructura vial y de transporte permite la disminución en los tiempos  
de viaje entre la residencia- trabajo, las áreas periféricas antes alejadas, se convierten en  
áreas accesibles en relación tiempo – distancia y costo de transporte. (inclusión del  
concepto de región y áreas metropolitanas)
La localización de fabricas y manufacturas se realizan en áreas periféricas pues el desarrollo 
de  la  infraestructura  vial  y  de  transporte  les  permite  menores  tiempos  entre  el  
abastecimiento de materia prima, la producción del bien y el reparto. Ciertas actividades de  
servicios y comercio requieren estar cercanas al mercado que en ciertos casos se localizan  
en áreas periféricas (A, Sullivan.1996).
Uno de los puntos de reflexión que se derivan de esta caracterización de ciudades es, ¿Si  
es posible afirmar que de acuerdo al tipo de ciudad los  precios del suelo varían? Parte del  
desarrollo de esta reflexión será explicado en los argumentos de favor y en contra del  
postulado
Los tipos de periferia formal –informal y la relación con el mercado  
inmobiliario
La periferia de la ciudad central  es el lugar pasivo que recibe todo lo que el centro no puede 
contener, aquella en la que los espacios urbanos carecen de calidad y las condiciones  
económic",
Captura de valor,5 DOT y planeación urbana (Gregor Wessels)/Captura de valor/Experience with the betterment levy in Peru. Gamarra Huayapa English Final.pdf,Experience with the betterment levy in Peru. Gamarra Huayapa English Final.pdf,659573,56,Microsoft Word - Gamarra Huayapa English Working Final.doc,Robyn Salbo,Margarita Gamarra Huayapa,Robyn Salbo,2001,© 2001 Lincoln Institute of Land Policy,,,,eng," 
 
 
 
 
 
 
 
 
 
Experience With the Betterment Levy in Peru 
 
Margarita Gamarra Huayapa 
 
 
© 2001 Lincoln Institute of Land Policy 
 
 
 
 
Lincoln Institute of Land Policy 
Working Paper 
 
 
The findings and conclusions of this paper are not subject to detailed review and 
do not necessarily reflect the official views and policies 
of the Lincoln Institute of Land Policy 
 
Please do not photocopy without permission of the author. 
Contact the author directly with all questions or requests for permission 
 
 
 
 
 
 
 
Lincoln Institute Product Code: WP01MH1 
Abstract 
 
This paper examines the experience with application of the betterment levy in the Municipality 
of Metropolitan Lima, the first entity in Perú to apply this instrument in order to recover part or 
all of its investment in public works projects. The paper concentrates on two specific cases and 
emphasizes legal aspects, the lack of regulations emanating from the law then in effect for the 
concrete implementation of the levy. 
 
 
About the Author(s) 
 
The architect Margarita Gamarra Huayapa was born in the Constitutional Province of Callao, 
Peru. She completed her undergraduate studies at the Faculty of Architecture, Urban Planning 
and Arts, and her Master’s degree in the Postgraduate and Second Specialization Division of 
the Faculty of Architecture, Urban Planning and Arts of the National University of 
Engineering.  
 
She has served as the Director of the Betterment Levy Program of the municipality of Lima, 
Metropolitan Investment Fund (known in Spanish by its acronym, INVERMET); Advisor to 
the Mayor’s Office of the municipality of Pucusama; Consultant for Development Plans for 
the districts of Marcona and Parcona in the Department of Ica, Institute for Municipal 
Promotion and Development (known in Spanish by its acronym, INFODEM); and Assistant 
in the Office for Urban Development of the municipality of Cieneguilla. Currently she serves 
as Advisor for Taxation Audits in the district municipality of Rimac. 
 
Sra. Margarita Gamarra Huayapa 
Architect, Urban & Regional Planning 
INFODEM 
Instituto de Fomento y Desarrollo Municipal 
Av. Los Cipreces N426 
Urbanización Repartición - Comas 
Lima  27 
PERU 
tel: 0051-5415527 
fax: 0051-5415527 
zult@mixmail.com 
 
 
CONTENTS 
 
I .     BACKGROUND         1 
II.     LEGAL ASPECTS         4 
III.   STRATEGIES FOR IMPLEMENTATION      6 
IV. METHODOLOGY FOR EFFECTIVE IMPLEMENTATION OF THE LEVY  6  
         1. FIRST PHASE:  POLITICAL DECISIONS OF MUNICIPAL AUTHORITIES  6 
         2. SECOND PHASE:  APPROVAL OF THE REGULATIONS GOVERNING  
             THE LEVY          6 
                   a.  Projects that Give Rise to the Tax       6 
                   b.  Limits of the Tax        8 
c.  Stages of Implementation of the Tax      8 
d.  Zone of Influence or Likely Benefit      10 
e.  Participation of Property Owners      10 
f.  Election of the Representative      10 
g.  Functions and Powers of the Representatives     11 
h.  Concept of Cost of Project       11 
i.  Benefit Zone         11 
j.  Criteria for Establishing the Benefit Zone     12 
k. Economic Analysis of the Benefit Zone     13 
l.  Methods for Determining the Benefit      13 
m. Financial Quota        14 
n.  Criteria of Distribution       14 
o.  Calculation of Individual Taxes      15 
3. THIRD PHASE:  A PHASE OF EXTENSIVE PUBLICITY FOR THE LEVY 16 
4. FOURTH PHASE:  FORMATION OF TECHNICAL TEAMS   17 
V.  TECHNICAL REPORT ON THE IMPLEMENTATION OF THE LEVY PROJECT: 
INSTALLATION OF STREET LIGHTING ON TACNA AVENUE EXTENSION – RIMAC 
DISTRICT           17 
1.  DESCRIPTION AND ANALYSIS - PROJECT COST    17 
2.  TAXPAYER PARTICIPATION       23 
3.  PROPOSAL FOR THE ESTABLISHMENT OF THE BENEFIT ZONE  23 
4.  SOCIOECONOMIC REPORT ON THE BENEFIT ZONE    24 
5.  FINANCIAL QUOTA PROPOSAL       25 
6.  SELECTION OF THE DISTRIBUTION METHOD     26 
7.  CALCULATION OF INDIVIDUAL TAXES     27 
8.  CONDITIONS OF PAYMENT       27 
9.  NOTIFICATION         28 
10. RESULTS OF THE IMPLEMENTATION PROCESS    33 
 
VI. TECHNICAL REPORT ON THE IMPLEMENTATION OF THE LEVY.  
 JAVIER PRADO AVENUE/PRINCIPAL AVENUE ROAD INTERCHANGE 
      SAN ISIDRO DISTRICT- LA VICTORIA DISTRICT.              34 
1. DESCRIPTION AND ANALYSIS - PROJECT COST    34 
2. TAXPAYER PARTICIPATION       36 
3. PROPOSAL .FOR THE ESTABLISHMENT OF THE BENEFIT ZONE  39 
4. SOCIOECONOMIC REPORT ON THE BENEFIT ZONE     41 
5. FINANCIAL QUOTA PROPOSAL       44 
6. SELECTION OF THE DISTRIBUTION METHOD     46 
7. CALCULATION OF INDIVIDUAL TAXES     47 
8. PROJECTED CONDITIONS OF PAYMENT     47 
9. NOTIFICATION         48 
10. RESULTS OF THE IMPLEMENTATION PROCESS    48 
 
VII. BIBLIOGRAPHY           51 
 
 1 
EXPERIENCE WITH THE BETTERMENT LEVY IN PERU 
 
The experience with recovery of investment in Peru is centered at the municipal level. The 
Betterment Levy was created by Legislative Decree No. 184 of June 12, 1981, and the 
regulations for its implementation were est",
Captura de valor,"5 DOT y planeación urbana (Gregor Wessels)/Captura de valor/GUZMAN, PAEZ y BORRERO CIE UANDES PPT estrategia de captura de valor para financiar la construccion del metro de Bogota.pdf","GUZMAN, PAEZ y BORRERO CIE UANDES PPT estrategia de captura de valor para financiar la construccion del metro de Bogota.pdf",1077493,9,Microsoft PowerPoint - 14.30 TS08A Luis A. Guzmán,hel_fig_net,Microsoft PowerPoint - 14.30 TS08A Luis A. Guzmán,,2012,,,,,spa,"05-12-2012 
1
Value capture strategy for construction 
financing of first Metro line in Bogota: 
tools and potential 
Ph. D Luis A. Guzmán 
Ph.DDaniel Páez 
Ec. Oscar Borrero 
Estrategias de captura de valor para 
financiar la construcción del metro de  
Bogotá: instrumentos y potencial 
EL PROBLEMA 
• No hay dinero (suficiente) 
• Las infraestructuras se financian con deuda 
• Se concesionan al sector privado 
05-12-2012 
2
BOGOTÁ 
En2010:7.4millonesdehabitantes 
Áreaurbana:307km 2
Densidadmediaurbana:24,000 hab/km 2
PRIMERA LÍNEA DE METRO 

05-12-2012 
3
DENSIDAD 
Densidad Densidad Densidad Densidad poblacional poblacional poblacional poblacional 
EDIFICABILIDAD 
Edificabilidad Edificabilidad Edificabilidad Edificabilidad actual actual actual actual 
05-12-2012 
4
UN INSTRUMENTO DE CAPTURA DE VALOR 
1. Determinar la incidencia en el valor del suelo por el
aumentodeedificabilidad 
2. Valoración del suelo en varios escenarios de 
edificabilidad(numerodepisos,índices) 
3. Margen de ganancia del propietario por el aumento 
delvalor delsuelo 
4. Valoracióndelinstrumento 
EL USO DE LOS CEPACs 

05-12-2012 
5
EL INSTRUMENTO EN BOGOTÁ 
• Unlotede700m 2con20mdefrentey35mdefondo.
• Elmáximoíndicedeocupaciónpermitidoes0.7.
• Se plantea construir sótanos para obtener los 
estacionamientosexigidosporlanormayelmercado.
• El índice de edificabilidad varía entre 2.1 y 4.0 (según el
proyecto).
• El estudio de mercado permite determinar un precio de 
venta de U$2,730/m 2 para la vivienda y U$5,650 por 
cadaparqueadero.
• Seasumeque 1,830$COP=1U$
POTENCIAL DE VENTAS 

05-12-2012 
6
INDICADORES 
INDICADORES 

05-12-2012 
7
PLUSVALÍA Y CEPACS 
CostodelsueloconCEPAC:
POTENCIAL 

05-12-2012 
8
POTENCIAL 
EL SIGUIENTE PASO… 
• Barreras legales 
• Cambios por uso del suelo 
• Estimación de la valorización por proyectos de 
infraestructura 
• Estructuración financiera 
• Ciclo inmobiliario ",
Captura de valor,5 DOT y planeación urbana (Gregor Wessels)/Captura de valor/Impactos_Regulaciones_Precios-Borrero_Oscar-2007.pdf,Impactos_Regulaciones_Precios-Borrero_Oscar-2007.pdf,124357,9,Impact of development requirements and levies on land prices in Bogota,Carlos Morales,Impact of development requirements and levies on land prices in Bogota,Carlos Morales,2007,Lincoln Institute of Land Policy.,,,,spa,"IMPACTOS DE LAS REGULACI ONES EN LOS PRECIOS DE 
SUELO NO URBANIZADO:  EL CASO DE ESTUDIO DE BOGOTÁ 
 
Óscar Borrero Ochoa y  
Carlos Morales Schechinger  
Traducción al español del texto 
publicado en Land Lines , vol. 10, 
no. 4, pp.14-19, Octubre 2007, 
Lincoln Institute of Land Policy. 
 
Las regulaciones urbanas en Latinoamérica que crean beneficios para los 
terratenientes en forma de mayores ganancias suelen ser bien recibidas, 
especialmente por los que tienen tierras donde se han concentrado más beneficios; 
por ejemplo, cuando los planes de zonificación autorizan la urbanización en un área 
pero la limitan en otra, o cuando los códigos de construcción estimulan un tipo de 
vivienda y perdonan la provisión de infraestructura. No obstante, las regulaciones 
urbanas que imponen cargas en la urbanización, como la provisión de carreteras 
principales, la dedicación de tierras para fines medioambientales, la inclusión de 
vivienda social, el reajuste de tierras con vecinos o el pago de cargas especiales, 
genera una fuerte resistencia. 
 
 
Confrontando la sabiduría convencional  
 
Uno de los argumentos más frecuentes contra la imposición de cargas en la 
urbanización de tierras es que dichos cargas se transferirán al consumidor mediante 
precios más altos. No obstante, la teoría económica de las tierras nos indica que los 
cargos se capitalizarán en el precio de las tierras, y que por lo tanto serán absorbidos 
por el terrateniente. Esto se debe a la falta de elasticidad relativa de la oferta de tierras 
bien localizadas, que tengan infraestructura y que estén disponibles para su 
urbanización. La escasez relativa de dichas tierras permite al terrateniente cobrar el 
precio de licitación más alto, tomando normalmente toda la capacidad de pago del lado 
de la demanda, ya sea del urbanizador o del usuario final de las tierras.  
 
En América Latina, las partes interesadas involucradas expresan escepticismo acerca 
de estas teorías, especialmente cuando se discuten las regulaciones urbanas. Son 
escépticos (casi cínicos) en lo que respecta a cualquier política de suelo que imponga 
nuevos cargas, incluidas nuevas leyes y la implementación de otras existentes. Este 
tema genera un intenso debate en toda la región por tres razones1:  
 
1) ignorancia: los arquitectos, que en gran medida son responsables de la 
planificación urbana de la región, generalmente tienen poco o ningún conocimiento 
de economía, e incluso es posible que los economistas que trabajen en política 
fiscal no diferencien el comportamiento económico de tributos al suelo comparados 
con otros tipos de tributos;  
2) ideología: los políticos de derecha prefieren mercados liberalizados, incluidos los 
mercados de suelo, pero, paradójicamente, los políticos de izquierda también 
favorecen la liberalización en la producción de vivienda social por razones 
diferentes, pero con efectos similares; e 
3) interés: los terratenientes y los urbanizadores en posesión de tierras que busquen 
ganancias más altas a corto plazo en vez de beneficios menores pero más 
                                                 
1 Tomamos de  Martim Smolka las tres “i” que tipifican la resistencia hacia políticas de suelo 
alternativas que se presenta en América Latina. 
 1
estables y sostenibles se resisten a los costos adicionales, asustando a los 
consumidores con un aumento de los precios y amenazando a los políticos con un 
colapso eventual del negocio. 
 
 
Caso de estudio en Bogotá 
 
Se han hecho pocos estudios en Latinoamérica sobre la forma en que las regulaciones 
ejercen un impacto en los precios del suelo, en parte porque es difícil obtener 
información y porque hay muchos problemas metodológicos cuando se trata de aislar 
los efectos sobre los precios que dependen de muchas variables. Un estudio reciente 
en Bogotá, Colombia, patrocinado por el Lincoln Institute, está produciendo ciertos 
resultados interesantes aunque preliminares. Una de las finalidades clave del estudio 
era medir la forma en que los beneficios y cargas reguladores establecidos 
recientemente están ejerciendo un impacto en los precios de las tierras sin urbanizar.  
 
Colombia introdujo una nueva ley urbana general hace diez años, la Ley 388 de 1997. 
Uno de sus principios fundamentales es la “distribución equitativa de costos y 
beneficios de la urbanización”. Es decir, si un terrateniente desea recoger los 
beneficios de la tierra que se está desarrollando para fines urbanos, debe correr con 
parte de los costos para hacerlo.  
 
El gobierno local de Bogotá está muy avanzado en la puesta en práctica de muchos 
aspectos de la ley. Entre las iniciativas de la ciudad se encuentran: un plan urbano 
(Plan de Ordenamiento Territorial,  POT ) con muchas regulaciones de zonificación 
específicas; un nuevo tributo sobre el aumento de la plusvalía de la tierra debido a 
inversiones públicas o cambios en el uso del suelo; dos regulaciones específicas que 
permiten una densidad adicional para ",
Captura de valor,5 DOT y planeación urbana (Gregor Wessels)/Captura de valor/Informe Final Curso Captura de valor (Ago2018) 20180920.pdf,Informe Final Curso Captura de valor (Ago2018) 20180920.pdf,3213379,45,,Carlosfelipe Pardo,1 Introducción ................................................................................................................................ 4,Carlosfelipe Pardo,2018,"coordinación con Infratrans y la Fundación Despacio, diseñaron el curso “Estrategias y mejores",,,,spa,"p. 1 
 
 
    
 
Estrategias y mejores prácticas en captura de 
valor inmobiliario para mega proyectos de 
transporte masivo 
 
Informe final 
Bogotá, agosto 27 a-30 de 2018 
 
CAF – Banco de Desarrollo de América Latina  
FDN – Financiera de Desarrollo Nacional 
Ejecutado por Despacio, Infratrans 
  

 
 
Estrategias y mejores prácticas de captura de valor para mega proyectos de transporte masivo p. 2 
Tabla de contenido 
1 Introducción ................................................................................................................................ 4 
2 Objetivos del curso ...................................................................................................................... 4 
3 Conceptos básicos y casos principales ........................................................................................ 5 
 Teoría de captura de valor .................................................................................................. 5 
 El caso de Hong Kong .......................................................................................................... 7 
 El caso de Bangkok ............................................................................................................ 10 
 Modelo de la subasta de derechos de edificabilidad ........................................................ 13 
 Día 1. Lunes 27 de agosto: fundamentos: conceptos claves y casos relevantes .............. 16 
 Agenda general del día .............................................................................................. 16 
 Ideas principales y conclusiones del día .................................................................... 18 
 Día 2. Martes 28 de agosto: Teoría aplicada (casos y lecciones aprendidas) ................... 20 
 Agenda general ......................................................................................................... 20 
 Ideas principales y conclusiones  del día ................................................................... 22 
 Día 3. Miércoles 29 de agosto: visita de campo ................................................................ 26 
 Agenda general ......................................................................................................... 26 
 Ideas principales y conclusiones principales del día ................................................. 28 
 Día 4. Jueves 30 de agosto: taller final y cierre del curso ................................................. 29 
 Agenda general ......................................................................................................... 29 
 Ideas principales y conclusiones del día .................................................................... 32 
 Panel con Clemente del Valle, Presidente de la Financiera de Desarrollo Nacional......... 32 
 Línea de tiempo de implementación de instrumento de captura de valor ...................... 33 
4 Principales conclusiones del curso ............................................................................................ 35 
 Temas claves a afrontar .................................................................................................... 35 
 Coordinación y comunicación ................................................................................... 35 
 Generación de confianza y de reglas claras y explícitas ............................................ 36 
 Disponibilidad de recursos financieros ..................................................................... 36 
 Pasos sugeridos para avanzar en el corto plazo ................................................................ 37 
 
 
Estrategias y mejores prácticas de captura de valor para mega proyectos de transporte masivo p. 3 
 Empresa metro como inmobiliaria ............................................................................ 37 
 Creación de un fondo temporal, complementario a la subasta de derechos de 
edificabilidad ............................................................................................................................. 37 
 Manual DOT............................................................................................................... 38 
 Potencial futuro ................................................................................................................. 39 
 Definición del “Railway Land” (suelo férreo) ............................................................ 39 
 Inclusión de componentes de captura de valor en la Ley de Infraestructura o en el 
nuevo Plan Nacional de Desarrollo ........................................................................................... 40 
 Valorar el potencial de desarrollo y captura de valor en el patio taller de la Primera 
Línea 40 
5 Recomendaciones ..................................................................................................................... 42 
 Longitud de la plataforma de las estaciones de Metro ...............................",
Captura de valor,"5 DOT y planeación urbana (Gregor Wessels)/Captura de valor/Instrumentos de financiacion del desarrollo urbano, lecciones colombia Acosta Patricia.pdf","Instrumentos de financiacion del desarrollo urbano, lecciones colombia Acosta Patricia.pdf",767068,42,,,Artículo Recibido: 30/11/2009,valorización y la,2010,1 Proyecto de grado de maestría en Urban Studies and Planning en el Massachusetts Institute,,,,spa,"I. desarrollo Regional  
y Urbano
Desafios 22.indb   13 26/06/2010   01:01:07 p.m.
Desafios 22.indb   14 26/06/2010   01:01:07 p.m.
Desafíos, Bogotá (Colombia), (22-1): 15-53, semestre I de 2010
*	Profesora	de	Estudios	Urbanos	y	Planificación,	Facultad	de	Ciencia	Política	y	Relacio-
nes Internacionales, Programa de Gestión y Desarrollo Urbano-Universidad del Rosario. 
Bogotá, Colombia. 
Correo electrónico: patricia.acosta@urosario.edu.co; acostap@alum.mit.edu
Instrumentos de 
financiación del 
desarrollo urbano en 
colombia: la contribución 
por valorización y la 
participación en plusvalías. 
Lecciones y reflexiones
Patricia acosta restrePo*
Artículo Recibido: 30/11/2009
Artículo Aprobado: 24/02/2010
Para	citar	 este	 artículo:	 Acosta	 Restrepo,	Patricia	(2010).	 “Instrumentos	 de	 financiación	
del desarrollo urbano en Colombia: la contribución por valorización y la participación en 
plusvalías.	Lecciones	y	reflexiones”,	en	Desafíos, Vol. 22 No. 1, Universidad del Rosario. 
Bogotá, pp. 15-53.
Resumen
La participación en plusvalías (PPV) es el instrumento de política de una 
reforma de gran transcendencia en Colombia: la recuperación de las rentas del 
suelo y su movilización social. Durante la fase de implementación de la PPV se han 
venido estableciendo esquemas operativos fragmentados que propician una visión pro-
Desafios 22.indb   15 26/06/2010   01:01:07 p.m.
16 / Patricia acosta restrePo
Desafíos, Bogotá (Colombia), (22-1): 15-53, semestre I de 2010
cedimental y atomizada del tributo, la cual promueve lógicas institucionales que 
potencialmente retardan su evolución plena como instrumento de política de suelo. 
El análisis de la trayectoria de varias décadas de las ciudades colombianas con 
la contribución por valorización (CV) sugiere que la continuidad y evolución de 
este instrumento y sus instituciones se derivan en gran parte del manejo “ingenio-
so” de esta política frente a su entorno de implementación. Por tratarse de un 
instrumento de recuperación parcial de plusvalías, constituye un precedente para 
la PPV a partir del cual es posible derivar valiosas lecciones. Este artículo 
presenta para discusión los factores de viabilidad y sostenibilidad identificados 
a través del análisis de la experiencia de implementación y del proceso general 
de consolidación de la CV; así como reflexiones que de allí surgieron sobre la 
dirección que en el mismo contexto debería dársele a la implementación de la PPV, 
de manera que se propicien condiciones de entorno favorables a la evolución ins-
titucional y sostenibilidad de la reforma. 
Palabras claves: participación en plusvalía, contribución por valorización, 
captura de rentas del suelo, instrumentos de financiación y gestión urbana.
Instruments for Financing Urban 
Development in Colombia : Special 
Assessment and Participation in Land 
Value increments. Lessons for policy 
learning
Abstract
Participation in Land Value Increments (participación en plusvalías-PPV) is an 
essential policy instrument of  the urban Reform in Colombia designed to capture 
and socially mobilize land rents originated by public decisions and investments. 
The analysis of  its recent implementation process in Bogota provides evidence that 
current institutional arrangements are creating a general tendency amongst the 
institutions involved towards isolated procedural management, which potentially 
hinders the integrated vision required to manage the instrument at the policy 
level. Special Assessment (contribución por valorización-CV), an earlier form 
of  partial value capture, has a long history in Colombia as an effective financial 
instrument for urban management. Analysis of  the factors that have contributed 
2. Patricia Acosta.indd   16 20/08/2010   04:23:29 p.m.
instrumentos de financiación del desarrollo urbano en colombia / 17 
Desafíos, Bogotá (Colombia), (22-1): 15-53, semestre I de 2010
to successfully consolidate CV show that its technical evolution, continuity 
and political legitimacy have been strongly supported by integrated institutions 
and strategic management. Through comparative analysis, the experience with 
CV is used to draw some useful parallels and insights for a discussion about 
how PPV´s implementation process should be redirected towards strategic policy 
thinking and “smart value capture”.
Key words: urban management instruments, value capture, betterment levies, 
participation in land value increments, special assessment.
2. Patricia Acosta.indd   17 20/08/2010   04:23:29 p.m.
18 / patricia acosta restrepo
Desafíos, Bogotá (Colombia), (22-1): 15-53, semestre I de 2010
Presentación
Entre el 2006 y el 2008 se realizó un trabajo de investigación de 
políticas comparadas que se preguntaba por los factores que pueden 
determinar la viabilidad y sostenibilidad, política e institucional, de dos 
instrumentos	 de	 financiación	 del	 desarrollo	 urbano	 en	 Bogotá:	 la	
contribución por valorización (CV) y la participación en plusvalía 
(PPV).1 La inv",
Captura de valor,5 DOT y planeación urbana (Gregor Wessels)/Captura de valor/Insumos-para-la-aplicación-de-Certificados-de-Potencial-Adicional-de-Construcción-en-la-ciudad-de-Cali-CEPAC.pdf,Insumos-para-la-aplicación-de-Certificados-de-Potencial-Adicional-de-Construcción-en-la-ciudad-de-Cali-CEPAC.pdf,1317592,38,,Juan Junca,Informe Final,Juan Junca,2013,de Colombia. El modelo financiero parte del trabajo que para el Banco Mundial,,,,spa," 
 
 1 
 
 
Insumos para la aplicación de Certificados de Potencial 
Adicional de Construcción en la ciudad de Cali 
 
 
 
 
Informe Final 
 
 
Equipo de investigación 
Tito Yepes 
Juan Carlos Junca 
Juliana Aguilar  
Sebastián Martínez 
 
 
 
 
 
Bogotá D.C., Noviembre de 2013 
  
 
 
 2 
 
1. Introducción ....................................................................................... 3 
2. Aspectos conceptuales de los CEPAC ............................................ 4 
A. Antecedentes ................................ ................................ .......................... 4 
B. Funcionamiento ................................ ................................ ...................... 5 
C. Determinación del precio ................................ ................................ ....... 7 
D. Implementación en cascada ................................ ................................ .. 8 
3. Deficiencias conceptuales y Riesgos en la implementación ....... 11 
A. Deficiencias conceptuales ................................ ................................ ... 11 
B. Riesgos en la implementación ................................ ............................ 12 
4. Estructura del modelo financiero ................................................... 16 
5. Elementos para la implementación para Cali ................................ 20 
A. Area inicial de aplicación ................................ ................................ ..... 21 
B. Necesidades de inversión pública en el área ................................ ..... 28 
C. Ingresos potenciales resultado de la subasta de CEPAC ................. 29 
D. Riesgo de demanda................................ ................................ .............. 31 
6. Conclusiones ................................................................................... 33 
ANEXO. Articulado general para inclusión del modelo de CEPAC 
dentro de la revisión del POT de Cali .............................................................. 36 
Referencias ............................................................................................. 38 
  
 
 
 3 
1. Introducción 
 
Este informe plantea los elementos para hacer  viable el uso de los 
Certificados de Potencial Adicional de Construcción (CEPAC) como instrumento 
de financiamiento de obras p úblicas en la ciudad de Santiago de Cali en 
Colombia.  
Los CEPAC presentan una ventaja frente a los instrumentos de 
financiación de obras públicas existentes en la regulación colombia na para 
financiar obras de gran extensión o gran valor. En comparación con la plusvalía, 
este instrumento permitiría la financiación e implementación de un proyecto 
particular para que este no corra el riesgo de no poder ser ejecutado  dado que 
se cuenta con el financiamiento asegurado via el recaudo en la emisi ón de los 
CEPAC. En comparación con otros esquemas de  cargas y beneficios , los 
CEPAC evitan la necesidad de coordinar entre múltiples agentes para la 
ejecución de la obra . Por ejemplo, la entidad que recauda la plusvalía y la 
entidad que hace las obras. Es decir, buscar evitar la separación entre la captura 
de valor inmobiliario y el ciclo del proyecto de las obras.  Esta propiedad además 
permite reducir el tiempo entre el recaudo y la construcción  disminuyendo la 
incertidumbre sobre que efectivamente el apo rte de la infraestructura al valor 
inmobiliario se materializará. 
Este documento propone los elementos claves en el caso colombiano que 
se deben atender desde el punto de vista legal  de este instrumento y plantea un 
cálculo del potencial financiero  para el caso de una zona de la ciudad de Cali y 
que sirve como ruta en caso del interés en su implementación en otras ciudades 
de Colombia. El modelo financiero parte del  trabajo que para el Banco Mundial 
desarrollaron Guzman y Borrero (2012)  para Bogotá  e inclu ye factores 
específicos del contexto de Cali.  
 
 
 
 4 
2. Aspectos conceptuales de los CEPAC 
 
A. Antecedentes 
Los CEPAC como instrumento de financiamiento de inversión pública 
tienen su primera experiencia en São Paulo, Brasil, en el marco de las 
Operaciones Urbanísticas. Estas son áreas que la ciudad considera estratégicas 
para la renovación urbana con un alto potencial inmobiliario por su localización, 
pero también con requerimientos importantes de invers ión en infraestructura 
urbana.  
Los CEPAC  en São Paulo  son emitidos por la Empresa Municipal de 
Urbanización y se tranzan en el mercado financiero como bonos. Estos permiten 
a los constructores acceder a opciones de construcción que no estarían 
permitidas de otra manera, como mayor altura o cambios de uso del  suelo. 
Solamente se pueden utilizar adentro de las OU, con el fin de incentivar la 
inversión privada y lograr unos niveles adicionales de recaudo para financi ar las 
inversiones requeridas.  
Las dos primeras subastas de los bonos se hicieron para las opera ciones 
urbanísticas de Agua Espraiada y Faria Lima. En las dos ",
Captura de valor,5 DOT y planeación urbana (Gregor Wessels)/Captura de valor/Joint-Development-Policies-2013-07-25.pdf,Joint-Development-Policies-2013-07-25.pdf,124345,32,Microsoft Word - Joint Development Policies - Clean _Rev 7-17-2013_ - Copy,e003876,JOINT DEVELOPMENT,"ity (""WMATA"").",2013,,,,,eng,"  
 
 
 
 
 
 
WMATA 
JOINT DEVELOPMENT 
POLICIES AND GUIDELINES 
 
 
 
 
 
 
 
 
 
 
 
 
 
 
 
 
 
 
 
Washington Metropolitan Area Transit Authority 
Office of Property Development & Management 
600 Fifth Street, NW 
Washington, DC  20001 
 
Revised: July 25, 2013 
 
  
  
JOINT DEVELOPMENT POLICIES AND GUIDELINES 
 
TABLE OF CONTENTS 
 
1.0 INTRODUCTION 1 
2.0 PURPOSE 3 
3.0 SCOPE OF POLICIES AND GUIDELINES 4 
4.0 POLICIES OF LOCAL JURISDICTIONS AFFECTING JOINT DEVELOPMENT 4 
5.0 MAJOR ROLES AND RESPONSIBILITIES IN THE JOINT DEVELOPMENT  5 
PROGRAM 
6.0 OBJECTIVES AND PROCEDURES 9 
7.0 COMPETITIVE SELECTION PROPOSAL (“RFP”) PROCESS 13 
8.0 COMPETITIVE SELECTION QUALIFICATION (“RFQ”) PROCESS 18 
9.0 WMATA TRANSIT ACCESS FACILITY REPLACEMENT 23 
10.0 SALE OF PROPERTY TO LOCAL JURISDICTIONS AND SIGNATORIES 23 
11.0 ADVOCACY FOR JOINT DEVELOPMENT AND TRANSIT-ORIENTED  24 
DEVELOPMENT IN LOCAL PLANNING PROCESS 
12.0 AFFORDABLE HOUSING 24 
13.0 RESOLUTION OF CONFLICTS WITHIN THE AUTHORITY 24 
14.0 FTA REQUIREMENTS 25 
15.0 TRANSFER OF DEVELOPMENT AGREEMENTS 25 
16.0 UNSOLICITED PROPOSALS 26 
17.0 ADJACENT PROPERTY OWNERS 27 
 
 
EXHIBITS: 
 Exhibit 1 – Self-Certification for Prospective Developers 
 Exhibit 2 – Identification of Participants/Principals in Development Team 
 Exhibit 3 - Disclosure of Interests of with WMATA
  1  
1.0      INTRODUCTION 
 
WMATA has been involved in the joint developm ent of real estate since the early 1970s. 
These Joint Development Policies and Guideli nes (''Guidelines'') set forth the general 
practices of the joint development program of  the Washington Metropolitan Area Transit 
Authority (""WMATA""). 
 
Joint development is a creative program through which property interests owned and/or 
controlled by WMATA are marketed to office, retail/commercial, recreational/entertainment 
and residential developers with the objective of developing transit-oriented development 
projects. Projects are encouraged that: 
 
1. integrate WMATA's transit facilities 
2. reduce automobile dependency 
3. increase pedestrian/bicycle originated transit trips 
4. foster safe station areas 
5. enhance surrounding area connections to transit stations 
6. provide mixed-use development including housing and the opportunity to obtain 
goods and services near transit stations 
7. offer active public spaces 
8. promote and enhance ridership 
9. generate long-term revenues for WMATA 
10. encourage revitalization and sound growth  in  the  communities that  WMATA 
serves 
 
WMATA's joint development opportunities consist of property interests owned or controlled 
by WMATA and approved by the WMATA Board of Directors for inclusion in the joint 
development program. 
 
1.1     Goals and Standards 
 
1.1.1  Goals 
 
The objectives of WMATA's joint development program are to: 
 
1. Promote  Transit-Oriented   Development  (TOD) by   giving  priority   to  
joint development proposals that  contain the  following smart growth  
development principles: reduce automobile dependency; increase 
pedestrian/bicycle originated transit tr ips; foster safe station areas; enhance 
surrounding area connections to transit stations, including bus access; follow 
  2  
good land use principles, including establishing higher density near transit; 
provide mixed-use development, including housing in compliance with local laws 
and requirements; and promote the opportunity to obtain goods and services 
near transit stations and offer active public spaces. 
2. Attract  new riders to the transit syst em – particularly riders who will use 
underutilized transit  capacity in reverse commutes and in off-peak  time periods 
– by fostering  commercial and residential development projects on WMATA-
owned or controlled land and on private properties adjacent to Metro stations. 
3. Where appropriate to station setting, market dynamics, and local policy, support 
the establishment of employment centers consistent with TOD design principles 
and transit system operating and investment needs. 
4. Implement  station access improvements that support pedestrian, bicycle, bus, 
ADA (Americans with  Disabilities Act), and automobile access consistent with 
each station area's particular station access needs as determined by WMATA's 
station access planning program. 
5. Support other transit agency goals as they may arise, including affordable 
housing, as described in Section 12.0 of these Guidelines. 
6. Create a source of revenue for WMATA to operate and maintain the transit 
system by negotiating Joint Development Agreements between WMATA and 
public or private development entities. 
7. Assist the WMATA Local Jurisdictions to recapture a portion of their past financial 
contributions and to continue making subsidy payments by expanding the local 
property tax base. 
 
1.1.2 Standards 
 
Station access planning should be done according to the WMATA standards for replacement 
facilities. Should conflicts arise between standards and project goals",
Captura de valor,5 DOT y planeación urbana (Gregor Wessels)/Captura de valor/Land value capture mechanisms in Hong Kong and Singapore_2004.pdf,Land value capture mechanisms in Hong Kong and Singapore_2004.pdf,213687,25,64674 76..100,,64674 76..100,,1999,"Department of Building and Real Estate,",,,10.1108/14635780410525153,eng,"Land value capture
mechanisms in Hong Kong and
Singapore
A comparative analysis
Eddie Chi-Man Hui and Vivian Sze-Mun Ho
Department of Building and Real Estate,
The Hong Kong Polytechnic University, Hong Kong, and
David Kim-Hin Ho
Department of Real Estate, National University of Singapore, Singapore
Keywords Hong Kong, Singapore, Value analysis, Public revenue
Abstract Hong Kong and Singapore are characterized by rapid economic development and a
high population density of 6,250 and 6,055 per km 2 land respectively. Land revenue is their major
source of income to ﬁnance their public infrastructure and social services. Their design and
collection of taxes on land, their value-capture instruments and their allocation of revenue for
public works are examined. The article ﬁnds that there are some similarities between the two cities
in capturing land value, such as the collection of annual rates and stamp duty on property. The
differences include the adoption of property tax surcharge and the development charge. In fact,
each mechanism has its pros and cons. The method and the extent of each mechanism depend on
the goals of the government in respect of the social and economic conditions.
Introduction
Hong Kong and Singapore are two small city-states where land is scarce.
They both exercise the public leasehold systems to manage the limited land
resources. According to Dale and McLaughlin (1999), “Land is a physical
thing that encompasses the surface of the earth and all things attached to it
both above and below”. Land belongs to natural resources which is
fundamental to economic growth. As suggested by Leung (1985)
With the rapid growth in population and increasing urbanization, there is a need for
governments to make provisions for the essential services the market has failed to provide.
To ﬁnance such public expenditure, immovable property is frequently looked on as a suitable
tax source, since its value is enhanced by such expenditure.
Faure (2000) believes that “Property taxes are among the oldest and most
common forms of taxation in general use. There are, however, many variations
on the theme in developed, transitional and developing countries”. He alludes to
the four basic principles of taxes-that taxes should be equitable, easily
understood, efﬁcient and neutral in economic decision making. In general, the
The Emerald Research Register for this journal is available at The current issue and full text archive of this journal is available at
www.em eraldinsight.com/res earchregister www.em eraldinsight .com/1463-578X .htm
This study was supported by RGC and University funding (A/c Code: B-Q364 and G-460T).
JPIF
22,1
76
Journal of Property Investment &
Finance
Vol. 22 No. 1, 2004
pp. 76-100
q Emerald Group Publishing Limited
1463-578X
DOI 10.1108/14635780410525153
tax effects of these land capture mechanisms are based on the twin principles of
economic equity (in which foreign as well as domestic land and real estate
investments are subject to the same tax rate), and economic efﬁciency in which
the land capture mechanisms are designed to redistribute wealth.
Hong (1998) also raised the observation that the public leasehold system
does not only capture the surplus land value, but also enables the government
to reserve land for public purposes and manage urban growth. As both places
have their real estate revenue as the major source of income to ﬁnance public
infrastructure and social services, it is therefore essential for them to capture
the land-value increment sufﬁciently and efﬁciently under the scarce and
competitive land resources. The land-value capture hereby refers to the
collection of all kinds of taxes by the government derived from land and its
attached property. By comparing the property taxation systems in Hong Kong
and Singapore, we learn how various types of taxes are designed and collected,
and how the revenue has contributed to the provision of local services or to the
economy’s growth. Before considering how the two governments capture the
land value, a comparative analysis framework is introduced in the following
section.
A comparative analytical framework
Singapore and Hong Kong have similar geographic, demographic and
economic backgrounds. Their land tenure systems are alike too. Figure 1
presents the comparative analytic framework within which to investigate the
differences in land value capturing mechanisms between the two territories.
This framework helps analyze the way and the extent to which the two
governments’ capturing mechanisms control land and capture land value. The
mechanism directly affects the revenues generated from land. The framework
speciﬁcally examines the following aspects:
. annual tax on real property;
. tax on rental income;
. tax on speculative gains from land dealings;
. tax on conveyance and the property of the deceased;
. betterment levy that may be charged for a planning permission or lease
modiﬁcation; and
. land auctions and tenders.
In general, the amount",
Captura de valor,5 DOT y planeación urbana (Gregor Wessels)/Captura de valor/LandRentCaptureHongKong_1998.pdf,LandRentCaptureHongKong_1998.pdf,293482,36,Microsoft Word - HongLam98.doc,visitingfaculty2,Capturing Land Values Under,,1998,Lincoln Institute of Land Policy,,,,eng,"Opportunities and Risks of
Capturing Land Values Under
Hong Kong’s Leasehold System
Yu-Hung Hong and Alven H. S. Lam
© 1998
Lincoln Institute of Land Policy
Working Paper
The findings and conclusions of this paper are not subject to detailed review and
do not necessarily reflect the official views and policies of the Lincoln Institute of Land Policy.
After printing your initial complimentary copy, please do not reproduce
this paper in any form without the permission of the authors.
Contact the authors directly with all questions or requests for permission.
Lincoln Institute Product Code: WP98YH1
Abstract
Hong Kong’s land-leasing system empowers the government to exercise two important
land policy measures—regulating land supply and capturing development windfalls. This
paper focuses on the evaluation of the effectiveness of this leasehold system especially in
the areas of capturing development gains for financing urban infrastructure. The portion
of development profits captured by the government was measured through an analysis of
the official lease-negotiation cases. An average of 39 percent of the increased land value
occurring between 1970 and 1991 was captured through leasing public land. These
captured benefits plus other land related revenues accounted for 79 percent of the average
annual infrastructure investment for the same period. Despite the success in capturing
development windfalls, scholars and policymakers have engaged in a series of debates
over the implications of this land-leasing method on property prices. The dual role of the
government in regulating land use and negotiating land premiums may have created an
institutional setting that has generated imperfect competition in the real estate market and
encouraged property speculation. By undertaking an institutional analysis, the authors
establish a causal relationship between the land-value-capture experience and high land
and property prices in Hong Kong. The institutionally oriented explanation of high
housing costs—which many analysts have ne glected—would have important implications
on policy recommendations for capturing development windfalls by leasing public land
in Hong Kong and elsewhere.
About the Author
Yu-Hung Hong is an assistant professor in the Department of Geography and Planning
at the University of Akron, Akron, Ohio. He was a visiting fellow at the Lincoln Institute
of Land Policy for the 1998-99 academic year. Previously, he taught land and
environmental policies and urban economic development theories at Hong Kong
University of Science and Technology. He received both his doctoral and masters degrees
from the Department of Urban Studies and Planning at MIT. His main research interest is
on institutional development related to land and housing policy and public leasehold
systems, and he is currently writing a book on comparing the Hong Kong and the
Canberra land-leasing systems.
Contact Information:
Carroll Hall, Room 311
Department of Geography and Planning
The University of Akron
Akron, OH 44325-5005
Tel: 330/972-7620
Fax: 617/661-7235
E-mail: yh@uakron.edu
Alven Lam, a fellow at the Lincoln Institute of Land Policy, conducts research and
training programs in the areas of urban development and land taxation. He received his
doctoral degree from Harvard University Graduate School of Design and a master degree
in city and regional planning from Ohio State University. He was appointed as an
academic dean for the Land Reform Training Institute in Taiwan in 1996 and 1997. He
has been a consultant to the public sector both in the US and foreign countries on land
use, infrastructure and economic development.
Lincoln Institute of Land Policy
113 Brattle Street
Cambridge, MA 02138
Tel: 1-617-661-3016 ext. 141
Fax: 1-617-661-7235
e-mail: alvenlam@lincolninst.edu
Web: www.lincolninst.edu
Author’s Note: A revised version of this paper is available from the author. If interested
in obtaining the new version, please request it directly from author.
Contents
Concepts of Capturing Land Value by Leasing Public Land 1
Hong Kong’s Real Property Market 2
Capturing Land-Value Increments 5
Value-Capture Technique I: Signing the Lease and Paying the Premium 6
Value-Capture Technique II: Modifying Lease Conditions 6
Value-Capture Technique III: Renewing the Lease Contract 6
Value-Capture Technique IV: Collecting the Annual Land Rent. 7
Opportunities:  Land-Value-Capture Experiences 7
Methodology of Evaluating the Land-Value-Capture Techniques 8
Evaluation Criterion I: Portion of Land-Value Capture 9
Evaluation Criterion II: The Role of Land Revenues in 12
   Infrastructure Investment
Effectiveness of Value-Capture Techniques 14
The Risk: Causing High Land and Property Prices 15
The Government’s Land-Supply Policy 16
Oligopolies in Property Markets 18
Housing Speculation 19
Magnitude of the Speculation 20
Monetary and Tax Policies 20
Re-examining the Institutional Arrangements 21
New Institutional Arrangements for Land-Value Capture in Hong K",
Captura de valor,5 DOT y planeación urbana (Gregor Wessels)/Captura de valor/MUNOS-RASKIN RAMON 2009 walking accessibility to bus rapid transit. does it affect property values the case of bogota.pdf,MUNOS-RASKIN RAMON 2009 walking accessibility to bus rapid transit. does it affect property values the case of bogota.pdf,645199,13,"Walking accessibility to bus rapid transit Does it affect property values? The case of Bogotá, Colombia",Ramon Munoz-Raskin,"Walking accessibility to bus rapid transit Does it affect property values? The case of Bogotá, Colombia",Ramon Munoz-Raskin,2009,conducted a city-wide econometric hedonic analysis with 2000 to 2004 Department of Housing Control,,,10.1016/j.tranpol.2009.11.002,eng,"Walking accessibility to bus rapid transit: Does it affect property values?
The case of Bogota´ , Colombia
Ramon Munoz-Raskin n,1
Columbia University in the City of New York, Graduate School of Architecture, Planning and Preservation, New York, NY, USA
article info
Available online 22 December 2009
Keywords:
Bus rapid transit
Accessibility
Property values
Developing countries
Hedonic model
Socioeconomic strata
Transmilenio
abstract
This research sheds light on the relation of bus rapid transit and residential property values within
walking distance to the system. The case study was Bogota ´ ’s Transmilenio (Colombia). This research
conducted a city-wide econometric hedonic analysis with 2000 to 2004 Department of Housing Control
data across different walking distances, subsystems (trunk, feeder), socio-economic strata and time. The
main results showed that, with respect to the value of properties in relation to proximity, the housing
market places value premiums on the properties in the immediate walking proximity of feeder lines.
The analysis by socio-economic strata showed that middle-income properties were valued more if they
fell closer to the system, while there were opposite results for low-income housing. Finally, analysis
across time reﬂects slight average annual increases in property values correlated with the
implementation of the system in two speciﬁc areas analyzed. Throughout the paper, the author
acknowledges some of the challenges of using hedonic modeling for property value impact assessments
and emphasizes that the interpretation of the results are case speciﬁc.
Published by Elsevier Ltd.
1. Introduction
1.1. Bogota´, capital of Colombia
Colombia is the second-most populous country in South
America with 44 million inhabitants as of 2003 ( UN, 2003 ) and
can be considered a middle-income country. Bogota ´ is home to
slightly more than 20% of Colombia’s urban population, and it is
the largest city in the country with an estimated population of
6.9 million in 2004 ( US Department of State, 2005 ). It is a very
compact city with an average population density of 230 persons
per hectare ( Suarez, 2005 ). Bogota´ represents approximately 30%
of Colombia’s GNP and it is increasingly becoming a more service-
sector-oriented city. As is common in Latin American cities,
Bogota´ has a notable income segregation. The city is classiﬁed into
six different strata, named from 1 to 6, according to similar social
and economic characteristics. This research paper aggregates
them into low income (strata 1 and 2), middle income (strata 3
and 4) and high income (strata 5 and 6), with population share of,
respectively, 43.7%, 50.0% and 5.3% ( Hidalgo and Yepes, 2004 ).
The consequences of Colombia’s social and political degrada-
tion were notable at the time that this research was conducted. In
Bogota´ , 49.6% of the population lived below the poverty line
(2003) ( El Tiempo, 2005 ). For many of the poor, it was extremely
difﬁcult to afford a home with even minimum standards,
including land tenure or have appropriate access to basic services
such as sanitation, education, health facilities or – as is the
concern of this study – transportation.
1.2. Transportation improvements as a key component to improve
the lives of the Bogotanos
Transportation is one of the services that shape the daily lives
of Bogotanos. One of the principal forces determining city and
residential location is the trade-off between transport costs and
space ( UN-Habitat, 2003 ). In this sense Bogota ´ ’s growth pattern
has been a catalyst for social and economic segregation, and has
divided the city into a northern section with planned residences
for most of the middle and high-income dwellers, and a
stigmatized southern section, which is associated with low-
income and poverty. In addition, circumscribing the city, there is
the third development pattern known as cinturones de miseria
(misery rings), where most of the slums are now located.
For these reasons, it is very important to provide interventions
to alleviate the mobility burden of the urban poor by reducing
their commuting time and monetary costs. In fact, those living at
the two lowest income levels spent an average 18% of their
income on transportation ( UNC, 2005 ). These ﬁgures are quite
notable considering that these people had average daily incomes
of US$ 5.6 ( Hidalgo and Yepes, 2004 ). In the case of the middle
ARTICLE IN PRESS
Contents lists available at ScienceDirect
journal homepage: www.elsevier.com /locate/tranpol
Transport Policy
0967-070X/$ - see front matter Published by Elsevier Ltd.
doi:10.1016/j.tranpol.2009.11.002
n Tel.: +1 202 493 6104.
E-mail address: ramon.cmr@gmail.com
1 Current address: United States Department of Transportation. Federal
Railroad Administration, 1200 New Jersey Ave, SE. West Building-Mail Stop 20,
Washington, DC. 20590, USA.
Transport Policy 17 (2010) 72–84
ARTICLE IN PRESS
income and high income people, their average daily income was,
respec",
Captura de valor,5 DOT y planeación urbana (Gregor Wessels)/Captura de valor/NBC-CA-Land-ValueCapture2.pdf,NBC-CA-Land-ValueCapture2.pdf,8178061,41,LAND VALUE CAPTURE AS A SOURCE OF FUNDING OF PUBLIC TRANSIT FOR GREATER MONTRÉAL,vstandre,LAND VALUE CAPTURE AS A SOURCE OF FUNDING OF PUBLIC TRANSIT FOR GREATER MONTRÉAL,"10%, and represents the largest capacity increase",2014,China: Considered by the World Bank’s experts to be,,,,eng,"LAND VALUE CAPTURE
AS A SOURCE OF FUNDING
OF PUBLIC TRANSIT
FOR GREATER MONTRÉAL
REPORT
OCTOBER 2014

LAND VALUE CAPTURE
AS A SOURCE OF FUNDING
OF PUBLIC TRANSIT
FOR GREATER MONTRÉAL
—
REPORT
OCTOBER 2014
George Hazel Consultancy Ltd
3 Hill Street
Edinburgh
EH2 3JP
Edinburgh-Rail Ltd
17 Rutland Street
Edinburgh
EH1 2AE
Prepared by:
LAND VALUE CAPTURE 
DISCUSSION PAPER
—
OCTOBER 2014
Cover page is a courtesy of Provencher_Roy Communication.
—
National Bank of Canada is pleased to team up 
with internationally renowned public transit expert 
Dr. George Hazel and his team of international 
experts to make public this report on land value 
capture for Greater Montréal.
To fi nd solutions to Québec’s public fi nance issues 
and contribute to Greater Montréal’s economic growth, 
National Bank of Canada has taken the initiative to 
mandate Dr. George Hazel and his team to analyze 
a new source of fi  nancing for public transit: land 
value capture.
—
OCTOBER 2014      NATIONAL BANK OF CANADA LAND VALUE CAPTURE DISCUSSION PAPER FOR GREATER MONTRÉAL I
The renaissance of public transit 
—
Our teams met with many decision makers in charge of several major public transit projects in Asia, Europe, and North 
America, and have observed a global worldwide renaissance of public transit and its positive impact on major cities: 
Asia 
 Hong Kong: Already known as a leader in public 
transit—not only for its world-leading effi  ciency but 
also because it has the only self-fi  nancing system—
Hong Kong’s MTR system continues to invest heavily 
in expanding its network to link it with high-speed 
train systems in China. 
 China: Considered by the World Bank’s experts to be 
the century’s biggest railroad development, China’s 
project consists of building the largest high-speed 
train network in the world with 16,000 km of 
electrifi  ed lines linking the country’s major cities. 
Europe 
 London: Construction of Crossrail, the largest building 
project in Europe, at a cost of £14.8 billion. Crossrail 
comprises a 100-km east-west subway line with 
40 stations. 
 Crossrail will boost London’s public transit capacity 
by 10%, and represents the largest capacity increase 
since World War Two. Travel times between Heathrow 
and London’s fi  nancial centre will be slashed from 
55 to 32 minutes. 
North America 
 New York City: Extension of subway line 7 costing 
more than US$2 billion, which will link Javits 
Convention Center and western Manhattan to 
the public transit system, and enable completion 
of the Hudson Yards project. 
 This 17 million square-foot project is not only the 
biggest real estate development in New York since 
the Rockefeller Center, but also the largest real 
estate project in the US. 
 Toronto: Rail link project  to serve Toronto’s Pearson 
Airport beginning in 2015. The Union Pearson 
Express will run every 15 minutes from Union 
Station in downtown Toronto. Total trip time 
will be 25 minutes. 
 This project is part of the Big Move project to develop 
public transit in the Toronto and Hamilton region. 
This $40 billion-plus project is aimed at tripling 
the number of kilometers covered by the public 
transit system over the next 25 years. This project 
also includes the $600 million-plus renovation 
of Union Station — Canada’s busiest, with 
240,000 passengers a day. 
 Ottawa: Confederation Line, a $2.1-billion light 
rail train (LRT) system that will replace hundreds of 
buses in downtown Ottawa. 
 The 12.5-km line includes a 2.5-km underground 
portion in downtown Ottawa. This is Ottawa’s 
largest transportation infrastructure project since 
the construction of the Rideau Canal. The City of 
Ottawa has established a public-private partnership 
that includes fi  nancial commitments from the 
provincial and federal governments as well 
as a private sector team.
NATIONAL BANK OF CANADA LAND VALUE CAPTURE DISCUSSION PAPER FOR GREATER MONTRÉAL       OCTOBER 2014II
To ensure its long-term growth and maintain its creative 
leadership around the world, the Greater Montréal 
region needs modern public transit infrastructure that 
respects its budgetary and fi  nancial constraints with 
which we are all familiar. 
The Québec government is committed to cleaning up 
public fi  nances and it is important to fi  nd other proven 
fi  nancing avenues to help reach this objective. 
Greater Montréal cannot allow itself to fall behind 
in the face of international competition; it must reclaim 
its leadership in public transit infrastructure. 
There is no better example of the strategic importance 
of public transit infrastructure than the LRT project on 
the new bridge that will replace the Champlain Bridge, 
as well as the link serving the Montréal-Trudeau Airport 
and the West Island. 
These two projects have been the subject of studies 
for years, and their completion by 2018, when the new 
Champlain Bridge is ready, should relieve congestion in 
Montréal once the much-anticipated overhaul of the 
Turcot Interchange ge",
Captura de valor,5 DOT y planeación urbana (Gregor Wessels)/Captura de valor/PERDOMO JA 2013 A methodological proposal to estimate changes of residential property value. case study in Bogota..pdf,PERDOMO JA 2013 A methodological proposal to estimate changes of residential property value. case study in Bogota..pdf,137626,6,RAEL_A_554360 1577..1582,,RAEL_A_554360 1577..1582,Rodrı ´guez and Targa (2004) and Mendieta and,2013,"a Department of Economics, University of Los Andes, Bogotá, Colombia",,,10.1080/13504851.2011.554360,eng,"This article was downloaded by: [Pontificia Universidad Javeria]
On: 09 September 2013, At: 12:54
Publisher: Routledge
Informa Ltd Registered in England and Wales Registered Number: 1072954 Registered office: Mortimer House,
37-41 Mortimer Street, London W1T 3JH, UK
Applied Economics Letters
Publication details, including instructions for authors and subscription information:
http://www.tandfonline.com/loi/rael20
A methodological proposal to estimate changes of
residential property value: case study developed in
Bogotá
Jorge A. Perdomo a
a Department of Economics, University of Los Andes, Bogotá, Colombia
Published online: 30 Mar 2011.
To cite this article: Jorge A. Perdomo (2011) A methodological proposal to estimate changes of residential property value:
case study developed in Bogotá, Applied Economics Letters, 18:16, 1577-1581, DOI: 10.1080/13504851.2011.554360
To link to this article:  http://dx.doi.org/10.1080/13504851.2011.554360
PLEASE SCROLL DOWN FOR ARTICLE
Taylor & Francis makes every effort to ensure the accuracy of all the information (the “Content”) contained
in the publications on our platform. However, Taylor & Francis, our agents, and our licensors make no
representations or warranties whatsoever as to the accuracy, completeness, or suitability for any purpose of the
Content. Any opinions and views expressed in this publication are the opinions and views of the authors, and
are not the views of or endorsed by Taylor & Francis. The accuracy of the Content should not be relied upon and
should be independently verified with primary sources of information. Taylor and Francis shall not be liable for
any losses, actions, claims, proceedings, demands, costs, expenses, damages, and other liabilities whatsoever
or howsoever caused arising directly or indirectly in connection with, in relation to or arising out of the use of
the Content.
This article may be used for research, teaching, and private study purposes. Any substantial or systematic
reproduction, redistribution, reselling, loan, sub-licensing, systematic supply, or distribution in any
form to anyone is expressly forbidden. Terms & Conditions of access and use can be found at http://
www.tandfonline.com/page/terms-and-conditions
A methodological proposal to
estimate changes of residential
property value: case study
developed in Bogota´
Jorge A. Perdomo
Department of Economics, University of Los Andes, Bogota ´, Colombia
E-mail: jor-perd@uniandes.edu.co
This article is an empirical study of residential land values in the vicinity of the
TransMilenio system (Bus Rapid Transit, BRT) in Bogota´(Colombia). The
results have been established through impact evaluation by means of
nonparameteric approaches (Propensity Score Matching, PSM) and
econometric approaches (Spatial Hedonic Price, SHP) indicating that
access to the BRT system generates benefits on the change of property value.
Keywords: TransMilenio; Bogota´; impact evaluation; propensity score
matching; spatial hedonic price; change of property value
JEL Classification: C14; C25; C52; L92; R11
I. Introduction
Transport progress opened in Bogota ´ in December
2000 with the Bus Rapid Transit (BRT) service
(TransMilenio). The project system includes an infra-
structure network for its operation (exclusive right-of-
way with dedicated station, sidewalk, bridge, mixed
traffic lane and so forth) supplied by the Colombian
government because the total cost of the investment
is significant (Mendieta and Perdomo, 2008).
Nevertheless, some profits are perceived through posi-
tive externalities1 (Rodrı´guez and Targa, 2004).
Therefore, the main objective of this article is
to estimate the impact of the TransMilenio infrast-
ructure on the price of residential properties in the
vicinity, by means of impact evaluation through
Propensity Score Matching (PSM) and Spatial
Hedonic Price (SHP), using Geographical Information
Systems (GIS) in Bogota´(Colombia). In this way value-
capture mechanisms could be developed, which could be
used to finance future phases of the BRT project.
F i n a l l y ,t h er e s to ft h ea r t icle is organized as follows:
Section 2 contains empirical analysis on the topic.
Section 3 describes analytical methods (SHP and PSM).
Section 4 provides data description and presents the
results on issues mentioned above. Section 5 concludes
the article.
II. Related Literature
To my knowledge, there are only few studies on the
topic, and in Colombia the study is in its initial stages of
emergence. However, SHP technique has been imple-
mented to estimate changes of property value in Bogota´
by Rodrı ´guez and Targa (2004) and Mendieta and
Perdomo (2007); likewise, PSM method has been
implemented by Perdomo et al. (2007) and mean com-
parison test by Rodrı´guez and Mojica (2008).
1 Economic development, land-use strategy, improving accessibility, saving travel time, land-value increases, traffic accident
decreases, reductions in crime rates and air pollution (Lleras, 2003; Sandoval and Hidalg",
Captura de valor,5 DOT y planeación urbana (Gregor Wessels)/Captura de valor/REZENDE VERA FURTADO FERNANDA Revisao bibliografica comentada dos fundamentos da outorga onerosa do direito de construir OODC.pdf,REZENDE VERA FURTADO FERNANDA Revisao bibliografica comentada dos fundamentos da outorga onerosa do direito de construir OODC.pdf,383638,41,Revisão bibliográfica comentada dos fundamentos da Outorga Onerosa do Direito de Construir – OODC,Fabio,Revisão bibliográfica comentada dos fundamentos da Outorga Onerosa do Direito de Construir – OODC,Fabio,2001,,,,,por,"Revisão bibliográfica comentada dos fundamentos da Outorga Onerosa do Direito de 
Construir – OODC 
 
Vera F. Rezende1, Fernanda Furtado2, M. Teresa 
C. Oliveira e Pedro Jorgensen Jr. 
Colaboração de Isabela Bacellar 
 
1. Introdução; 2. As principais referências  internacionais; 3. A construção do 
conceito e a discussão no Brasil, uma revisão bibliográfica; 3.1. Justificativas, 
objetivos e potencialidades; 3.2. A formulação do conceito; 3.3. O debate 
jurídico: constitucionalidade, natureza e competências; 3.4. O necessário índice 
básico único e, até, unitário; 3.5. Outras questões relacionadas com a aplicação 
do instrumento; 3.6. Conseqüências possíveis da aplicação do instrumento; 4. O 
caminho em direção ao Estatuto da Cidade; 5. Comentários finais; 6. Notas; 7. 
Referências 
Resumo 
 
Este artigo contempla uma avaliação sobre as matrizes conceituais que orientaram a construção da 
noção da Outorga Onerosa do Direito de Construir, instrumento definido no Estatuto da Cidade para 
integrar a política urbana municipal das c idades brasileiras. Ao tratar deste poderoso e complexo 
instrumento de intervenção, e no sentido de melhor guiar sua aplicação nos diversos municípios, este 
trabalho propõe uma análise do longo caminho percorrido desde os primeiros debates até a edição de 
sua versão atual no Estatuto da Cidade, entendendo esta avaliação como necessária para uma melhor 
compreensão das potencialidades da outorga onerosa e das questões que permeiam os atuais debates 
sobre sua implementação.  Para tanto, o trabalho realiza uma sistematização de extenso material  
bibliográfico que aborda o instrumento, assim como as questões pertinentes ao Solo Criado, conceito e 
instrumento que lhe dá origem, percorrendo as décadas de 70, 80 e 90.  Com enfoque multidisciplinar, 
envolvendo aportes urbanísticos, jurídicos, econômicos e sociais, são abordadas variadas versões e 
entendimentos presentes nas justificativas para sua aplicação, nas formulações iniciais do conceito e 
em sua evolução, sendo ressaltadas as questões técnicas e políticas disc utidas, e registrados os 
principais debates jurídicos ocorridos. 
 
Palavras-chave: Outorga Onerosa do Direito de Construir; Solo Criado; Estatuto da Cidade; direitos 
de construir; instrumentos de política urbana. 
 
Abstract 
 
This paper analyzes the conceptua l framework underlying the “Outorga Onerosa do Direito de 
Construir” (Public Concession of Building Rights), a legal instrument defined in the City Statute as 
part of urban policy in Brazilian municipalities. We analyze the evolution of this powerful and 
complex instrument from the early stages of its debate until its current version in the City Statute, 
emphasizing the importance of such analysis to the understanding of the procedure’s potential and to 
the controversy on its implementation across different  municipalities. With this intent, this paper 
investigates the literature on the subject, as well as on a related concept, the “Solo Criado” (virtual 
land),  from the seventies until the nineties. With a multidisciplinary approach, embracing urbanistic, 
legal, economic and social views, we analyze different reasons supporting its application, from the 
origins of the debate and during its evolution, with a special attention to technical and political issues, 
and registering the main legal controversies involved. 
Key-Word. Granting the Right to Build Costly; Created Solo; City Statute; rights to build; 
urban policy instruments. 
1. Introdução 
O objetivo deste artigo 3 é recuperar o caminho da construção teórica da noção de 
Outorga Onerosa do Direito de Construir  e da discussão de sua possível prática, efetuando -se 
a revisão do material produzido sobre o tema ao longo das décadas de 70, 80 e 90 e 
destacando-se as questões principais que estiveram presentes ao longo dessas décadas. O 
material analisado contempla ar tigos, livros, conclusões de seminários e o conjunto da 
legislação proposta ou aprovada sobre o tema.  
Embora a Outorga Onerosa do Direito de Construir (OODC) só apareça na normativa 
geral brasileira como instrumento de política urbana em 2001, através do E statuto da Cidade, 
seus fundamentos remontam à década de 70 e, mesmo a sua aplicação se encontra prevista por 
municípios a partir do início da década de 90. O instrumento é inicialmente denominado Solo 
Criado (SC), denominação que evolui já na década de 90 , quando de sua aplicação pelos 
municípios, para Outorga Onerosa do Direito de Construir, e que é consagrada pela Lei 
Federal nº 10 257/ 2001. 
Nos termos do Estatuto da Cidade, a OODC é definida da seguinte maneira: “o plano 
diretor poderá fixar áreas nas quais o direito de construir poderá ser exercido acima do 
coeficiente de aproveitamento básico adotado, mediante contrapartida a ser prestada pelo 
beneficiário.” (art.28)  
Com o objetivo de reconstruirmos a evolução do conceito de SC ou OODC, 
inicialmente, retornamos às referências internacionais, exemplos de ",
Captura de valor,5 DOT y planeación urbana (Gregor Wessels)/Captura de valor/ROJASF~1.PDF,ROJASF~1.PDF,788274,39,,,VROXWLRQVWKDWXVHGWREHIRUPXODWHGE\DUFKLWHFWVHQJLQHH UVRUSROLWLFVKDYHZHDNHQHG,,,,,,,,"$EVWUDFW
'XULQJWKHODVWFHQWXU\WKHFLW\KDVVWUHQJWKHQHGLWVSRVLWLRQLQZRUOGUHDOLW\7KHSDUWLDO
VROXWLRQVWKDWXVHGWREHIRUPXODWHGE\DUFKLWHFWVHQJLQHH UVRUSROLWLFVKDYHZHDNHQHG
7KHFRPSOH[LW\RIWKHXUEDQFKDOOHQJHVUHTXLUHVPXOWLGLVFLSOLQDU\ZRUN&RQVLGHULQJWKH
SUREOHPVJHQHUDWHGE\WKHLUUDWLRQDOLQFUHDVHRISULYDWHFDUVGXULQJWKHVHFRQGKDOIRIWKH
;;FHQWXU\WKHSXEOLFWUDQVSRUWDWLRQV\VWHPVKDYHFRQVR OLGDWHGDVDQLPSRUWDQWD[LV
IRUWKHSODQQLQJGHYHORSPHQWDQGFLW\PDQDJHPHQW:KLOHFODLPLQJWKHUHOHYDQFHRIWKH
SXEOLFWUDQVSRUWDWLRQDGPLQLVWUDWLRQWKHUHVHDUFKKDGWKHREMHFWLYHWRRIIHUFRQWULEXWLRQV
IRUWKHLPSURYHPHQWRISXEOLFWUDQVSRUWDWLRQPDQDJHPHQWRIEXV HVLQ%RJRWiEDVHGRQ
DQDQDO\VLVRIWKHSXEOLFWUDQVSRUWDWLRQDXWKRULW\RIEXVHVDQGIRXUPDQDJHPHQWYDULDEOHV
LQVRPHFLWLHVLQ%UD]LO7KHYDULDEOHVWKDWZHUHFKRVHQZH UHUHODWHGWRWKHUHJXODWLRQ
DGPLQLVWUDWLRQ RSHUDWLRQDO SURJUDP DQG VXSHUYLVLRQ 7KH FLWLHV LQ %UD]LO WKDW ZHUH
VHOHFWHGZHUH%HOR+RUL]RQWHDQG&XULWLED0HWKRGRORJLFDOO\WKHUHVHDUFKZDVEDVHGRQDQ
DQDO\VLVRIWKHOLWHUDWXUHE\WKHIRUPXODWLRQRIDPRGHORIFRPSDULVRQDQGE\DQDQDO\VLV
RIFROOHFWHGDQGRUJDQL]HGVRXUFHVRILQIRUPDWLRQ$VDUHVXOWIL YHUHFRPPHQGDWLRQVDUH
KLJKOLJKWHGIRU%RJRWi7KHFHQWUDOL]DWLRQRIWKHPDQDJHPHQWDXWKRULW\WKHUHJXODWLRQRI
WKHSXEOLFWUDQVSRUWDWLRQV\VWHPRIEXVHVWKHHQWLUHPDQ DJHPHQWRIWKHLQIUDVWUXFWXUH
DQGWKHUHODWLRQVKLSZLWKWKHFRPPXQLW\WKHLQWHJUDWLRQRIWKHRSHUDWLRQSURJUDPDQGD
FRPELQDWLRQRIWHFKQRORJ\ZLWKKXPDQUHVRXUFHV
$3257(63 $5$$0(/+25,$'$*(67®2
'275$163257(3Ô%/,&2325Ñ1,%86
'(%2*27É$3 $57,5'$6(;3(5,(1&,$6
'(%(/2+25,=217((&85,7,%$


)HUQDQGR5RMDV3DUUD

 5HFLELGR  $SUREDGRHYDOXDGRULQWHUQR  $SUREDGR HYDOXDGRU H[WHUQR  

 (VVHDUWLJRpUHVXOWDGRGDGLVVHUWDomRGHPHVWUDGRHP*H VWmR8UEDQDQD38&35


 &LHQWLVWDSROtWLFRHHVSHFLDOLVWDHPUHVROXomRGHFRQIOLWRVDUPDGRVGD8QLYHUVLGDGHGH/RV$QGHV
0iVWHUHP*HVWmR8UEDQDGD38&35&XULWLED%UDVLO3URIHVVRUH&RRUGHQDGRUGH3yVJUDGXDomR
GD)DFXOGDGHGH&LrQFLD3ROtWLFDH5HODo}HV,QWHUQDFLRQDLVGD3RQWLItFLD8QLYH UVLGDGH-DYHULDQD
IHUQDQGRURMDV#MDYHULDQDHGXFR
3DS3ROtW%RJRWi&RORPELD9 RO1RMXOLRGLFLHPEUH,661
/LEURLQGE SP
3DS3ROtW%RJRWi&RORPELD9 RO1RMXOLRGLFLHPEUH
 3$3(/32/Ì7,&2
.H\ZRUGV3XEOLF7 UDQVSRUWDWLRQ0DQDJHPHQWRI3XEOLF7 UDQVSRUWDWLRQ%RJRWi%HOR
+RUL]RQWH&XULWLED
5HVXPR
$FLGDGHGXUDQWHR~OWLPRPHLRVpFXORWHPIRUWDOHFLGRVHXSRVL FLRQDPHQWRQDUHDOLGDGH
PXQGLDO$VVROXo}HVSDUFLDLVIRUPXODGDVDQWHULRUPHQWHSRUDUTXLW HWRVHQJHQKHLURVRX
SROtWLFRVGHIRUPDLVRODGDSHUGHUDPIRUoD$FRPSOH[LGDGHGRVGHVDILRVXUEDQRVUHTXHUXP
WUDEDOKRPXOWLGLVFLSOLQDU&RQFRUGDQGRFRPRVSUREOHPDVJHUDGRVSHORXVRLUUDFLRQDOGRV
DXWRPyYHLVSDUWLFXODUHVDSDUWLUGDVHJXQGDPHWDGHGRVpFXOR;;R WUDQVSRUWHS~EOLFR
YHPVHFRQVROLGDQGRFRPRXPHL[RLPSRUWDQWHSDUDRSODQHMDPHQWR GHVHQYROYLPHQWRH
JHVWmRGDVFLGDGHV5HLYLQGLFDQGRDUHOHYkQFLDGDJHVWmRGRWUDQVSRUWHS~EOLFRDSHVTXLVD
WHYHFRPRREMHWLYRUHFRPHQGDUFRQWULEXLo}HVGHPHOKRULDGDJHVWmRGRWUDQVSRUWHS~EOLFR
GH{QLEXVHP%RJRWiDSDUWLUGDDQiOLVHGRyUJmRJHVWRUGRVLVWHPDGHWUDQVSRUWHS~EOLFR
GH{QLEXVHTXDWURYDULiYHLVGHJHVWmRHPDOJXPDVFLGDGHVEUDVLOH LUDV$VYDULiYHLVGH
JHVWmR HVFROKLGDV IRUDP UHODFLRQDGDV FRP D UHJXODPHQWDomR DGPLQLVWUDomR SURJUDPDomR GD
RSHUDomRHILVFDOL]DomR$VFLGDGHVEUDVLOHLUDVVHOHFLRQDGDVIRUDP%HOR+RUL]RQWHH&XULWLED
0HWRGRORJLFDPHQWHDSHVTXLVDIRLVXVWHQWDGDHPXPDUHYLVmRGHOLWHUDWXUDQDIRUPXODomR
GH XP PRGHOR GH FRPSDUDomR H QD DQiOLVH GDV LQIRUPDo}HV FROHWDGDV H RUJDQL]DGDV HP
PDWUL]HV&RPRUHVXOWDGRGHVWDFDPVHFLQFRUHFRPHQGDo}HVSDUD%RJRWi DFHQWUDOL]DomR
GRyUJmRJHVWRURUHJXODPHQWRGRWUDQVSRUWHS~EOLFRSRU{QLEXVRJHUHQFLDPHQWRLQWHJUDO
GDLQIUDHVWUXWXUDHGRUHODFLRQDPHQWRFRPDFRPXQLGDGHDLQWHJUDomR GDSURJUDPDomR
GDRSHUDomRHDFRPELQDomRGDWHFQRORJLDFRPUHFXUVRVKXPDQRV
3DODYUDV FKDYH7 UDQVSRUWH 3~EOLFR *HVWmR GR 7 UDQVSRUWH 3~EOLFR %RJRWi %HOR +RUL]RQWH
&XULWLED
5HVXPHQ
/DFLXGDGGXUDQWHHO~OWLPRPHGLRVLJORIRUWDOHFLyVXSRVLFLyQ HQODUHDOLGDGPXQGLDO
/DVVROXFLRQHVSDUFLDOHVIRUPXODGDVDQWHULRUPHQWHSRUDUTXLWHFWRVLQJHQLHURVRSROtWLFRV
GHIRUPDDLVODGDSHUGLHURQIXHU]D/DFRPSOHMLGDGGHORVGHVDItRVXUEDQRVUHTXLHUHGHXQ
WUDEDMRPXOWLGLVFLSOLQDU(QFRQVRQDQFLDFRQORVSUREOHPDVJHQHUDGRVSRUHOXVRLUUDFLRQDO
GHYHKtFXORVSDUWLFXODUHVDSDUWLUGHODVHJXQGDPLWDGGHOVLJOR ;;HOWUDQVSRUWHS~EOLFR
VHKDLGRFRQVROLGDQGRFRPRXQHMHLPSRUWDQWHSDUDODSODQHDFLyQ GHVDUUROOR\JHVWLyQ
GH ODV FLXGDGHV 5HLYLQGLFDQGR OD UHOHYDQFLD GH OD JHVWLyQ GHO WUDQVSRUWH S~EOLFR HVWD",
Captura de valor,5 DOT y planeación urbana (Gregor Wessels)/Captura de valor/SALGAD~1.PDF,SALGAD~1.PDF,547010,40,Regularización,MARTHA,Regularización,MARTHA,1997,claras para el Departamento Administrativo de Planeación Distrital y para la Secretaría de Ha-,,,,spa,"Resumen
En América Latina, Colombia tiene reconocimiento en los medios académi-
co y de la administración pública relacionados con la financiación del
desarrollo urbano, como un país que posee una experiencia importante
en el empleo de la contribución de valorización. Mediante este instru-
mento se recuperan parte de los incrementos en el precio del suelo deri-
vados de la ejecución de obras públicas por parte del Estado, es decir,
como un instrumento de recuperación de plusvalías.
El presente artículo informa acerca de la experiencia reciente de la
ciudad de Bogotá en la aplicación de un instrumento diferenciado, pero
complementario de la contribución de valorización, denominado parti-
cipación en la plusvalía. El objetivo explícito de este instrumento es
recuperar entre el 30% y el 50% de la plusvalía generada por acciones
del Estado, ya no solo circunscritas a la ejecución de obras públicas, sino
debidas a acciones urbanísticas de las entidades públicas.
Las acciones urbanísticas a partir de las cuales la Ley de Desarrollo
Territorial1 (388 de 1997) autoriza la recuperación de la plusvalía me-
diante este instrumento son las siguientes: i) la incorporación de suelo
1  El texto de la Ley puede consultarse en www.minambiente.gov.co, en el
enlace Normatividad.
Bogotá, D.C. primera experiencia
de recuperación de la plusvalía urbana
para la colectividad en el marco
de la Ley de Desarrollo Territorial
COLOMBIA
DOCUMENTO 2 DE 2 : SANDRA V. SALGADO, ALEXANDER SIERRA MAGDA MONTAÑA y MARÍA CLARA VEJARANO
221Bogotá, D.C. primera experiencia de recuperación de la plusvalía urbana para la colectividad en el marco de la Ley de Desarrollo Territorial
rural a suelo de expansión urbana o la consideración de parte del suelo rural como suburbano;
ii) la autorización de un cambio de uso, a uno más rentable, y iii) la autorización de un mayor
aprovechamiento del suelo en edificación. Todas las anteriores decisiones constituyen acciones
administrativas de las entidades públicas, en las que aun cuando no está comprometida la
inversión de recursos económicos por parte de ellas, en ejercicio de sus funciones en materia de
urbanismo generan un incremento en los precios del suelo, el cual no obedece a un esfuerzo del
propietario del mismo.
La participación en la plusvalía fue consignada en el artículo 82 de la Constitución Política de
Colombia de 1991 como un Derecho Colectivo y del Ambiente. En 1997, la Ley de Desarrollo
Territorial (LDT), en uno de sus catorce capítulos 2, definió e hizo precisiones conceptuales y
operativas sobre la aplicación del instrumento.
Sin embargo, sólo hasta finales del año 2003, Bogotá adoptó de manera específica este tributo
mediante el Acuerdo “Por el cual se establecen las normas para la aplicación de la participa-
ción en plusvalías en Bogotá, Distrito Capital” (Acuerdo 118 de 30 de diciembre de 2003) y, por
mandato de este Acuerdo, inició su aplicación al año siguiente.
El artículo informa sobre dos períodos de tiempo, el primero entre 2000 y 2002 y el segundo
entre mediados de 2003 y el primer semestre de 2004, en los que la Administración Distrital
inició y dio continuidad a la discusión sobre la adopción de la participación en la plusvalía.
Como resultado de este proceso, durante los meses de enero a abril de 2004 y después de un
desarrollo técnico, conceptual y jurídico que puede calificarse como pionero, desarrollado por la
Administración de la ciudad, por primera vez en el país fue posible calcular, liquidar, aplicar la
tarifa y notificar la obligación de pagar la plusvalía, a los propietarios de aproximadamente
5.575 inmuebles en los que se había configurado el efecto plusvalía, como efecto de la aplica-
ción de las normas del Plan de Ordenamiento Territorial (POT) de la ciudad.
A partir de esta primera experiencia, la administración pública de Bogotá ha ido involucrando –
no sin dificultades– el proceso de aplicación de la participación en la plusvalía como parte de sus
actividades rutinarias y hasta la fecha, septiembre de 2006, el recaudo es del orden de US$ 9.850.000.
De esta experiencia interesa resaltar la manera como se superaron los diversos y aparentes
obstáculos que los opositores a la aplicación de la participación en la plusvalía argumentaban
como dificultades, en algunos casos insalvables o cuya única resolución –a su juicio– residía en
la modificación de la Ley, es decir, en su paso nuevamente por el Congreso de la República.
La alternativa de modificar la Ley hubiera sido un proceso muy complejo y entrañaba un
peligroso riesgo de que fueran derogados o modificados los componentes esenciales de la Ley, la
2 Participación en la plusvalía: Ley 388 de 1997, capítulo IX, artículos 73 a 90.
222
Sandra Viviana SALGADO NARANJO, Alexander SIERRA LEGUIZAMÓN, Magda Cristina MONTAÑA, María Clara VEJARANO
cual debe considerarse como una Ley del Suelo progresista, que define el ordenamiento del
territorio como una función pública y que establece como principios del ordenamiento territo-
r",
Captura de valor,5 DOT y planeación urbana (Gregor Wessels)/Captura de valor/SMITH JEFFERY GIHRING THOMAS Financing transist systems through land value capture.pdf,SMITH JEFFERY GIHRING THOMAS Financing transist systems through land value capture.pdf,153403,36,Financing Transit Systems Through Value Capture,Crystal,Financing Transit Systems Through Value Capture,Crystal,2006,"on economies, societies, and the environment. This IRS 501(c)3 organization",,,,eng,"Financing Transit Systems Through 
Value Capture
An Annotated Bibliography
By JEFFERY J. SMITH and THOMAS A. GIHRING*
ABSTRACT. Much of the literature on value capture reports empirical
ﬁndings on the incidence of rising land values related to distance from
a transit stop following the installation of rail transit improvements.
This annotated bibliography shows that the elevated value effects of
transit access are well documented. The authors maintain that it is
now time for transit/land-use research to move from hypothesis
testing to practical applications of value capture. Longitudinal models
can help predict land-value increments over a period of time, yield-
ing estimates of the total capturable revenues that would support the
debt ﬁnancing of transit improvement projects.
Most mass transit systems are ﬁnanced not by riders but largely by
subsidies from local public general funds. Those subsidies necessitate
either higher taxes, reduced spending on other public services, or
both. Does mass transit need to be so highly subsidized? An under-
utilized source of funding involves the recovery of site value gains
associated with properties near to transit stations. Were transit systems
American Journal of Economics and Sociology, Vol. 65, No. 3 (July, 2006).
© 2006 American Journal of Economics and Sociology, Inc.
*Jeffery J. Smith is the President of the Geonomy Society, a group of academics 
and activists that provides information about the impacts of the ﬂow of natural rents
on economies, societies, and the environment. This IRS 501(c)3 organization 
publishes The Geonomist , 3508 SE Madison St., Portland, OR 97214, http://www.
geonomics.org; e-mail: jjs@geonomics.org. Thomas A. Gihring is an international plan-
ning consultant based in Seattle. He previously taught graduate urban planning, and
has undertaken several studies in land-value taxation and value capture. He is cur-
rently working on the reform of planning laws and practice in Bosnia-Herzegovina and
property tax reform in Oregon. E-mail: tagplan@comcast.net. An earlier version of this
appeared on the website of the Victoria Transportation Policy Institute, www.vtpi.org,
and was reprinted by the Urban Land Institute.
to use the economic value that they themselves generate, transit agen-
cies would not have to rely so heavily on public subsidies. Is it pos-
sible to ﬁnance a mass transit system through a combination of fare
box revenues and the capture of land-value increments within transit
corridors? Nobel laureate economist William Vickrey claims that mass
transit operators could keep fares at a minimum, even at zero during
off-peak hours, by funding the bulk of operating costs as well as
development costs from site rents (see Reference 13).
Transit riders, by not paying the full operating cost, are not the
only free riders. Another group consists of the landowners who are
in a position to capture windfall proﬁts by virtue of owning land near
newly installed rail transit stations. When a transit station opens, the
owners’ land values rise, so presently they are in a position to sell
their advantageous locations at a higher price. Were owners to relin-
quish these unearned value increments, they would incur no loss on
their original capital investment. But retaining this speculative gain is
actually receiving a publicly created beneﬁt. Unearned value incre-
ments are a public windfall that neither they nor any individual alone
produced. Hence, the public sector is justiﬁed in recapturing at least
some of this “betterment”—the value of the services rendered by
installing the transit improvements. Earlier in our Western culture, this
form of economic justice was more clearly understood; indeed, the
words own and owe were once one word at a time when owners
owed rent to their lord or king. Today, we frequently see the justice
of government’s compensation of owners for a property “taking”; we
are now beginning to relearn the justice of compensating society for
a “giving.”
Value capture is the appropriation of land-value gains resulting from
the installation of special public improvements in a limited beneﬁt
area. It is a betterment levy, based on ad valorem assessments of ordi-
nary property taxes, and is similar in conception to development exac-
tions and impact fees. The aim is to ﬁnance all or part of the costs
of local transportation projects. Based on the “beneﬁts received”
rationale for public taxation, it proposes to recapture what is essen-
tially publicly created value. Unlike building value, which derives
from private capital investments, land value represents the specula-
tive dimension of real estate. Thus, value capture is a variation of an
752 The American Journal of Economics and Sociology
unearned increment tax, and is based on the premise that property
owners beneﬁting from a government-conferred locational advantage
should pay some portion of the cost of public improvements from
which the added value is originally derived.
Having ",
Captura de valor,5 DOT y planeación urbana (Gregor Wessels)/Captura de valor/SMOLKA MARTIM 2012 Una nueva mirada a la recuperacion de_plusvalias.pdf,SMOLKA MARTIM 2012 Una nueva mirada a la recuperacion de_plusvalias.pdf,263236,7,Una nueva mirada a la recuperación de plusvalías en América Latina,Martim O. Smolka,Una nueva mirada a la recuperación de plusvalías en América Latina,Martim O. Smolka,2012,JULIo 2012 • Land Lines • LincoLn institute of Land PoLicy 11,,,,spa," JULIo 2012    •  Land Lines  •  LincoLn institute of Land PoLicy   11
Una nueva mirada 
a la recuperación 
de plusvalías en 
América Latina
Martim O. Smolka
M
uchos países de América latina han 
aprobado legislaciones para respaldar 
políticas de recuperación de plusvalías 
como medio de recuperar parte o todo 
el aumento en el valor del suelo priva-
do debido a regulaciones o inversiones públicas. 
Hasta ahora, sin embargo, sólo algunas jurisdiccio-
nes en ciertos países han aplicado esta herramienta 
financiera potencialmente poderosa de forma  
sistemática y exitosa.
 en 2011 y 2012 el lincoln institute of  land 
Policy realizó encuestas a autoridades públicas y 
académicos de la región para averiguar por qué  
no se ha utilizado la recuperación de plusvalías 
con más frecuencia. el cuestionario de 2012 fue 
diseñado para recabar las opiniones de los en-
cuestados sobre la perspectiva de diseñar, insti- 
tucionalizar e implementar dos instrumentos em-
blemáticos de la recuperación de plusvalías: las 
contribuciones de valorización y la venta de dere-
chos de edificabilidad (outorga onerosa en portugués. 
 las contribuciones de valorización (conocidas 
como “special assessments” en los estados unidos) 
son cargas impuestas a los dueños de propiedades 
seleccionadas para subvencionar el costo de una 
mejora o servicio público del que se benefician 
explícitamente (borrero 2011; borrero et al. 2011). 
con la venta de derechos de edificabilidad, sin em-
bargo, el gobierno impone cargos por la concesión 
de derechos especiales por él garantizados, como, 
por ejemplo, permitir un factor de edificabilidad 
más alto, un cambio de zonificación (por ejemplo, 
de residencial a comercial) o la conversión de suelo 
de uso rural a uso urbano (sandroni 2011).
 los resultados de ambas encuestas ponen en 
duda gran parte de la “sabiduría convencional”  
sobre el uso de las políticas de recuperación de 
plusvalías en América latina. en particular, los  
encuestados con experiencia real en el uso de estas 
herramientas consideran que las dificultades lega-
les y técnicas presentan un obstáculo para su im-
plementación menor que la incomprensión de las 
autoridades públicas con poder de decisión acerca 
de su rédito potencial. más aún, la recuperación 
de plusvalías es considerada fundamentalmente 
como una herramienta para promover equidad  
en las ciudades, más que como una manera de  
mejorar la autonomía fiscal municipal.
distribución de la encuesta
la primera encuesta, llevada a cabo en el segundo 
trimestre de 2011, fue distribuida electrónicamente 
La ciudad de são 
Paulo ha logrado 
obtener ingresos 
de la venta de 
derechos de  
edificabilidad a  
lo largo de la  
avenida faria 
Lima.
© Alvaro Uribe
12   LincoLn institute of Land PoLicy  •  Land Lines  •  JULIo 2012
tabLa 1
encuestados por grupo de países y población
Grupo de países
encuestados
Población del grupo de países  
(en millones)
cantidad Porcentaje cantidad Porcentaje
brasil 191 16,8 193,7 35,0
colombia 286 25,2 45,7 8,3
bolivia, ecuador, Paraguay, uruguay, 
Venezuela 
130 11,5 61,5 11,1
argentina, chile, méxico, Perú 401 35,4 193,9 35,1
américa central y la República dominicana 126 11,1 58,4 10,6
total 1.134 100,0 553,2 100,0
a 436 funcionarios públicos y académicos que  
habían participado en uno o más cursos o talleres 
ofrecidos por el instituto lincoln sobre temas de 
recuperación de plusvalías. un segundo cuestiona-
rio, con una serie de preguntas distintas, fue envia-
do por correo electrónico en febrero de 2012 a 
14.355 personas afiliadas al Programa para Amér-
ica latina y el caribe del instituto. las personas 
que respondieron a estas encuestas (134 y 1.066, 
respectivamente) incluyeron a funcionarios de go-
bierno de todos los niveles, urbanistas, académicos, 
investigadores independientes y consultores, y 
miembros de organizaciones no gubernamentales 
(onG).
  Analizadas por país, las respuestas a las opciones 
individuales de muchas de las preguntas fueron 
menos de diez. Por esta razón, y para simplificar la 
presentación, este análisis combina las respuestas de 
países con características sociopolíticas similares en 
el área de recuperación de plusvalías en tres grupos:
1. bolivia, ecuador, Paraguay , uruguay y venezuela. 
estos cinco países cuentan con alguna legislación 
nacional sobre recuperación de plusvalías y son 
gobernados en la actualidad por gobiernos que 
favorecen las políticas de recuperación de plus-
valías. uruguay en 2008 (ley no. 18.308 del  
18 de junio de 2008) y ecuador en 2010 (con su 
nuevo código nacional, cootAd) aprobaron 
legislación nacional para ampliar el alcance de 
las prerrogativas gubernamentales sobre la  
plusvalía del suelo.
2. Argentina, chile, méxico y Perú. estos países 
maduros y de rápido crecimiento todavía están 
teniendo problemas para introducir legislación 
nacional más explícita sobre la recuperación de 
plusvalías, además de imponer contribuciones 
de valorización. 
3. América central y l",
Captura de valor,5 DOT y planeación urbana (Gregor Wessels)/Captura de valor/SMOLKA-AMBORSKI Recuperación de plusvalias comparación Inter-america.pdf,SMOLKA-AMBORSKI Recuperación de plusvalias comparación Inter-america.pdf,83981,23,EURE88NOBOTAR.p65,cmateos,EURE88NOBOTAR.p65,el sector público ya sea a través de su,2003,"Institute of Land Policy, Programa para América Lati-",,,,spa,"[55]
artículo
Revista eure (Vol. XXIX, Nº 88), pp. 55-77, Santiago de Chile, diciembre 2003
Martim Smolka *
David Amborski **
Recuperación de plusvalías para el
desarrollo urbano: una comparación
inter-americana ***
Abstract
Local governments design a broad range of fiscal or regulatory policies that have
been inspired by the idea that land value increment may be mobilized to the benefit
of the community –that is of land value capture. This paper compares the experiences
of North America (US and Canada) and Latin America with value capture tools and
discusses the reasons why different policies have been favored and different results
and degrees of success obtained in their implementation. Focusing on broad
categories of value capture policies, the first part of the paper compares the overall
performance and/or experience of the two regions with the capturing of land value
increment through conventional taxes, fees and regulatory urban policy instruments.
The second part of the paper shows that the same “value capture principle” to address
similar problems (to deepen land value taxation; to finance urban infrastructure; to
control land use) result in different outcomes (sometimes even opposite) in different
contexts, most notably those presented in North America and Latin America,
respectively. The paper’s concluding section provides some evaluative comments
regarding the apparent lag between the intentions and outcomes of value capture
policies as experienced by the two regions.
Keywords:  land value increment, public policies, North America, Latin America.
Resumen
Los gobiernos locales desarrollan una amplia gama de políticas fiscales o regulatorias
inspiradas en la idea de que el incremento en el valor de la tierra puede ser utilizado
en beneficio de la comunidad, esto es, en la recuperación de plusvalías inmobilia-
rias. Este trabajo compara las experiencias de recuperación de plusvalías en Amé-
rica del Norte (Estados Unidos y Canadá) y América Latina, discutiendo las razones
que han llevado a la utilización de distintas herramientas y los diferentes resultados
y grados de éxito obtenidos en su implementación. En primer término, el texto iden-
tifica categorías amplias de políticas de recuperación de plusvalías y compara los
resultados y/o la experiencia de las dos regiones en la recuperación de los incre-
mentos en el valor de la tierra por medio de impuestos convencionales, contribucio-
nes fiscales e instrumentos urbanísticos. La segunda parte del texto muestra que el
mismo principio de recuperación de plusvalías utilizado para abordar problemas
similares (profundizar la tributación sobre el valor de la tierra, financiar infraestructu-
ra urbana, controlar el uso del suelo) tiene resultados diferentes –e incluso contra-
dictorios- en diversos contextos, principalmente en los de América del Norte y Amé-
rica Latina. La sección final contiene algunos comentarios evaluatorios relativos a la
aparente brecha entre las intenciones y los resultados de las políticas de recupera-
ción de plusvalía observadas en ambas Américas.
Palabras clave: plusvalías, políticas de suelo, América del Norte, América Latina.
56 eure
Martim Smolka y David Amborski
La política de tierra urbana en América del Norte es
como dicha política en América Latina, sólo que
completamente diferente****
1. Introducción
E
n las últimas décadas, los gobiernos lo-
cales han diseñado una amplia gama
de políticas e instrumentos relaciona-
dos con el uso del suelo y las actividades fis-
cales. Algunas de estas políticas, de naturale-
za fiscal o regulatoria, están inspiradas en la
idea de recuperación de plusvalías inmobilia-
rias.
Se entiende por recuperación de plusvalías
el proceso mediante el cual el total o una par-
te del aumento en el valor de la tierra1, atribui-
ble al “esfuerzo comunitario”, es recuperado2
por el sector público ya sea a través de su
conversión en ingreso fiscal mediante impues-
tos, contribuciones, exacciones u otros meca-
nismos fiscales, o más directamente a través
de mejoras locales para el beneficio de la co-
munidad.
Pese a que ciertas acciones desarrolladas
por los propietarios de la tierra pueden incre-
mentar su valor, esta situación tiende a ser ex-
cepcional. La regla general es que el aumento
de valor provenga de acciones de personas o
instituciones distintas al propietario; principal-
mente del sector público, como por ejemplo la
autorización para desarrollar ciertos usos del
suelo, cambios en las densidades autorizadas
e inversiones en infraestructura; o de las fuer-
zas del mercado, debido por ejemplo al aumento
general de la población urbana, etc. En cual-
quiera de estos casos, es claro que el propieta-
rio no ha hecho nada para incrementar el valor
del suelo y que puede ser socialmente desea-
ble3 recuperar el total o parte del incremento
del valor por parte del sector público.
El principio de la recuperación de plusvalías
tiene una historia larga y es una idea bien es-
tablecida, tanto en su base teór",
Captura de valor,5 DOT y planeación urbana (Gregor Wessels)/Captura de valor/Suzuki.pdf,Suzuki.pdf,23092374,267,9781464801495.pdf,,9781464801495.pdf,of the adaptation and are not endorsed by The World Bank.,2009,© 2015 International Bank for Reconstruction and Development / The World Bank,,,10.1596/978-1-4648-0149-5,eng,"

Financing T ransit-Oriented 
Development with Land Values
The Urban Development Series discusses the challenge of urbanization 
and what it will mean for developing countries in the decades ahead. The 
Series aims to delve substantively into the core issues framed by the World 
Bank’s 2009 Urban Strategy, Systems of Cities: Harnessing Urbaniza-
tion for Growth and Poverty Alleviation. Across the five domains of the 
Urban Strategy, the Series provides a focal point for publications that seek 
to foster a better understanding of the core elements of the city system, 
pro-poor policies, city economies, urban land and housing markets, 
sustainable urban environment, and other issues germane to the urban 
development agenda.
Cities and Climate Change: Responding to an Urgent Agenda
Climate Change, Disaster Risk, and the Urban Poor: Cities Building Resil-
ience for a Changing World
The Economics of Uniqueness: Investing in Historic City Cores and Cul-
tural Heritage Assets for Sustainable Development
Financing Transit-Oriented Development with Land Values: Adapting 
Land Value Capture in Developing Countries
Transforming Cities with Transit: Transit and Land-Use Integration for 
Sustainable Urban Development
Urban Risk Assessments: An Approach for Understanding Disaster and 
Climate Risk in Cities
All books in the Urban Development Series are available for free at 
https://openknowledge.worldbank.org/handle/10986/2174

Financing T ransit-Oriented 
Development with Land Values
Adapting Land Value Capture 
in Developing Countries
Hiroaki Suzuki
Jin Murakami
Yu-Hung Hong
Beth Tamayose
© 2015 International Bank for Reconstruction and Development / The World Bank
1818 H Street NW, Washington, DC 20433
Telephone: 202-473-1000; Internet: www.worldbank.org
Some rights reserved
1 2 3 4  17 16 15
This work is a product of the staff of The World Bank with external contributions. The findings, 
interpretations, and conclusions expressed in this work do not necessarily reflect the views of 
The World Bank, its Board of Executive Directors, or the governments they represent. The World 
Bank does not guarantee the accuracy of the data included in this work. The boundaries, colors, 
denominations, and other information shown on any map in this work do not imply any judg-
ment on the part of The World Bank concerning the legal status of any territory or the endorse-
ment or acceptance of such boundaries.
Nothing herein shall constitute or be considered to be a limitation upon or waiver of the 
privileges and immunities of The World Bank, all of which are specifically reserved.
Rights and Permissions
This work is available under the Creative Commons Attribution 3.0 IGO license (CC BY 3.0 
IGO) http://creativecommons.org/licenses/by/3.0/igo. Under the Creative Commons Attribution 
license, you are free to copy, distribute, transmit, and adapt this work, including for commercial 
purposes, under the following conditions:
Attribution—Please cite the work as follows: Suzuki, Hiroaki, Jin Murakami, Yu-Hung 
Hong, and Beth Tamayose. 2015. Financing Transit-Oriented Development with Land 
Values: Adapting Land Value Capture in Developing Countries. Urban Development 
Series. Washington, DC: World Bank. doi:10.1596/978-1-4648-0149-5. License: Creative 
Commons Attribution CC BY 3.0 IGO
Translations—If you create a translation of this work, please add the following disclaimer along 
with the attribution: This translation was not created by The World Bank and should not be 
considered an official World Bank translation. The World Bank shall not be liable for any 
content or error in this translation.
Adaptations—If you create an adaptation of this work, please add the following disclaimer 
along with the attribution: This is an adaptation of an original work by The World Bank. 
Views and opinions expressed in the adaptation are the sole responsibility of the author or 
authors of the adaptation and are not endorsed by The World Bank.
Third-party content—The World Bank does not necessarily own each component of the content 
contained within the work. The World Bank therefore does not warrant that the use of any 
third-party-owned individual component or part contained in the work will not infringe on 
the rights of those third parties. The risk of claims resulting from such infringement rests 
solely with you. If you wish to re-use a component of the work, it is your responsibility to 
determine whether permission is needed for that re-use and to obtain permission from the 
copyright owner. Examples of components can include, but are not limited to, tables, figures, 
or images.
All queries on rights and licenses should be addressed to the Publishing and Knowledge Division, 
The World Bank, 1818 H Street NW, Washington, DC 20433, USA; fax: 202-522-2625; e-mail: 
pubrights@worldbank.org.
ISBN (paper): 978-1-4648-0149-5
ISBN (electronic): 978-0-4648-0150-1
DOI: 10.1596/978-1-4648-0149-5
Cover photo: © Japan Railway Construction, Transport an",
Captura de valor,5 DOT y planeación urbana (Gregor Wessels)/Captura de valor/TfL (2017) - land_value_capture_report_annexes_transport_for_london.pdf,TfL (2017) - land_value_capture_report_annexes_transport_for_london.pdf,1792075,62,,TfL TfL,Version 10.0 – 20 February2017,TfL TfL,2016,,,,,eng," 
 
 
Land value 
capture 
Annexes 
 
2 
 
Contents 
Annex 1 – Land value uplift and public transport projects: theory and evidence .............................. 3 
Annex 2 – Historic examples of land value uplift and development of a value uplift model ........... 10 
Annex 3 – Review of existing mechanisms to capture value uplift on existing stock and new 
development ................................................................................................................................. 16 
Annex 4 – Additional CPO reform proposals ................................................................................. 20 
Annex 5 – Summary of TfL’s response to the Government’s consultation on further reform of the 
compulsory purchase system ........................................................................................................ 25 
Annex 6 – KPMG findings .............................................................................................................. 27 
Annex 7 – Literature review ........................................................................................................... 32 
 
 
 
 
 
 
 
 
 
 
 
 
 
 
 
 
 
 
 
 
 
 
 
 
 
 
 
 
 
 
 
 
 
 
Version 10.0 – 20 February2017 
  
 
3 
 
Annex 1 – Land value uplift and public 
transport projects: theory and evidence 
1. This annex summarises the theoretical and empirical insights from our review at Transport 
for London (TfL) of the literature on land value uplift. Study references are to the bibliography in 
the literature review.  
Theory 
The basic monocentric urban model 
2. To develop the theoretical foundations for this study, we begin with the simplest case of 
the monocentric urban model. Consider a city with a central business district (CBD), where people 
work for a uniform nominal wage. Each person commutes from identical properties located in 
concentric rings around the centre (called ‘isochrones’). It takes the same time to the centre from 
any property on a given circle. But as one moves radially outwards from one circle to the next, the 
travel times go up and accessibility to the centre goes down uniformly (see figure 1). 
Figure 1 – Monocentric urban model 
 
3. This monocentric model makes simple predictions about the pattern of land values in such 
a city. Businesses as well as households will be in direct competition to locate within the central 
business district; businesses because they can serve the largest possible market of consumers 
from the centre, and households because living in the CBD minimises commuting times. Land 
values will therefore be highest in the CBD, and will then decline along a gradient as one moves 
outwards, as businesses drop out of competition for land, and households compete with each 
other in trying to locate as close as possible to the CBD. In equilibrium, real wages are equalised 
throughout as the reduction in land rents from moving outwards compensates for the increase in 
commuting costs, and no one has an incentive to migrate at the margin.  
A 
CBD 
 
4 
 
Introducing a transport intervention 
4. What happens to land values if we introduce a public transport intervention1 into this 
simple model? Imagine a transit link to point A on isochrone 2, which shifts all the properties 
located around point A in isochrone 2 ‘inward’ to isochrone 1 by reducing journey times (see 
figure 2).  
5. Transport economics theory tells us that all the transit users who are able to travel in from 
point A will experience an increase in real wages driven by a reduction in journey times and 
commuting costs (net of any fares charged). Now real wages are highest around point A, and 
everyone else will compete to locate there. This will drive up the price of housing (and land rents) 
around point A. If point A is a transit access point like a Tube station, then the theory suggests that 
competition between house buyers will create a similar pattern of a gradient in land values around 
point A as the gradient spreading out from the CBD, since accessibility to the CBD via point A will 
now vary with walking times to point A.  
6. Beyond a reasonable walking distance (surveys of users in London suggests this is about 
one kilometre), commuters may choose no longer to use the transit link and the uplift in values 
should disappear altogether. This ‘walkability’ criterion should determine the project’s zone of 
influence on land values.  
Figure 2 – Monocentric urban model – impact of transport intervention 
 
7. What will be the new equilibrium? As house prices around A rise, land rents will increase in 
concert. If the supply of land for new housing around point A is not completely inelastic, this 
increase in rents should lead over time to new housing development as more land is offered for 
residential uses.  
  
                                                   
 
1 Most of the literature focuses on rail rather than road. One of the reasons for this may be that road proje",
Captura de valor,5 DOT y planeación urbana (Gregor Wessels)/Captura de valor/TLS-2014-Research-Paper-Value-Capture.pdf,TLS-2014-Research-Paper-Value-Capture.pdf,10087260,18,,,Hudson Yards Rendering,,2014,"Deborah Salon, Assistant Professional Researcher, Institute of",,,,eng,"Hudson Yards Rendering
Source: Related Companies
Location Value Capture 
Opportunities for Urban 
Public Transport Finance
A whitepaper prepared for the Transit 
Leadership Summit, London, May 2014
Deborah Salon, Assistant Professional Researcher, Institute of 
Transportation Studies, University of California, Davis
2 | LOCATION VALUE CAPTURE OPPORTUNITIES FOR URBAN PUBLIC TRANSPORT FINANCE  | MAY 2014
Location Value 
Capture Opportunities 
for Urban Public 
Transport Finance
Deborah Salon, Assistant Professional Researcher, Institute 
of Transportation Studies, University of California, Davis
using value capture financing mechanisms to support public 
investments in infrastructure has received significant academic 
and practitioner attention in the past five years.
This paper presents a comprehensive discussion of the value 
capture mechanisms that cities can and do use to help finance 
their public transport systems. It highlights the most important 
findings from the literature and adds to it with new insights 
gained through case studies of public transit finance in six 
European and American cities. The objective is to inform a lively 
and productive dialogue on non-fare sources of public transport 
finance, and ultimately to find the best ways to finance the 
maintenance and extension of transit service in cities around the 
world.
The original meaning of “value capture” refers specifically 
to land value capture. The definition we adopt in this paper is 
broader, including strategies to capture any sort of location-
based value. These include property taxation strategies such as 
T ax Increment Financing (TIF), special assessment districts, 
and “betterment” taxes; joint development strategies and sale or 
lease of land, development rights, or air rights; transit-focused 
development fees (often with associated density bonuses); and 
even other location-based taxes that fund transit, such as Paris’ 
transport tax on income. Appendix A provides brief definitions 
of each value capture mechanism discussed. It is worth noting, 
however, that even this is not an exhaustive list; capturing the 
value of location and access is a task to be approached with some 
amount of creativity.
Case Study Approach
In an attempt to shed light on some of the remaining questions 
about using value capture to finance public transport systems, 
interviews were conducted with high-level transit staff in six 
cities in Europe and North America: New Y ork, London, 
Paris, W ashington DC, Montreal, and San Francisco.1 In these 
interviews, we discussed current major value capture initiatives 
as well as the past experiences and future plans of the agencies 
implementing value capture strategies.
There is a long story behind the decision to utilize location 
value capture funding mechanisms in each of these cities, and 
from these stories emerge key themes that are relevant for 
understanding the process by which a city/transit agency decides 
to rely on value capture to raise a significant amount of revenue. 
Appendix B provides brief narratives of these stories.
T able 2 provides examples of specific large transit 
infrastructure projects in the case study cities that have been or 
are planned to be financed partly using location value capture 
strategies. Four of the case study cities have paid or are currently 
paying for significant new infrastructure through value capture, 
and Montreal is likely to begin raising significant funds through 
value capture in the near future. San Francisco raises more than 
25% of its total budget from location-based value capture 
1  Interviews were not conducted in key cities in Asia. This choice was made for two main 
reasons. First, the use of value capture mechanisms to fund transit in Asian cities is more 
thoroughly studied and documented than its use in US and European cities. Second, there 
have been recent high profile examples of value capture implementation in many of the case 
study cities.
A good public transport system is often one of the defining 
features of a city, attracting residents, businesses, and tourists. 
However, even in the case of the world’s great public transport 
systems, fares do not fully cover costs. Farebox recovery ratios 
for many of the world’s most famous public transport systems 
are significantly less than 1 (see T able 1). Substantial government 
subsidies are required to build, maintain, and operate most public 
transport systems. One of the challenges faced by cities is where 
this money should come from.
Table 1: Examples Illustrating Range of Farebox Recovery Ratios 
of Operating Costs
City
Public 
Transport System Year
Ratio of Fares 
Collected to 
Operating Expenses
Tokyo Tokyo Metro Corpo-
ration
2010 1.8
Hong Kong Mass Transit Railway 
Corporation
2012 1.8
London Underground 2012 1.2
Paris Metro 2012 0.4
New York New York City Transit 
(subway and city bus)
2012 0.5
Washington, D.C. Metro 2013 0.5
Montreal Subway 2013 0.8
San Francisco 2012 ",
Captura de valor,5 DOT y planeación urbana (Gregor Wessels)/Captura de valor/TOBON MARIA PATRICIA MOLINA Rentas inmobiliarias-cargas y beneficios metrocable.pdf,TOBON MARIA PATRICIA MOLINA Rentas inmobiliarias-cargas y beneficios metrocable.pdf,893480,41,CONTENIDO,OSCAR,CONTENIDO,OSCAR,2012,,,,,spa,"RENTAS INMOBILIARIAS PRIVADAS EN LA DISTRIBUCIÓN DE 
CARGAS Y BENEFICIOS DE LOS PROYECTOS URBANOS.  
ESTUDIO DEL POLÍGONO DE LA ESTACIÓN ANDALUCÍA DEL 
METROCABLE DE MEDELLÍN.  
 
 
 
 
 
 
 
 
 
 
MARIA PATRICIA TOBÓN MOLINA 
INGENIERA CIVIL 
 
 
 
 
 
 
 
 
 
 
 
 
UNIVERSIDAD NACIONAL DE COLOMBIA SEDE MEDELLÍN 
FACULTAD DE ARQUITECTURA 
ESCUELA DE PLANEACIÓN URBANO REGIONAL 
MAESTRÍA EN ESTUDIOS URBANO REGIONALES - 
PROFUNDIZACIÓN 
FEBRERO DE 2012 
 ii 
RENTAS INMOBILIARIAS PRIVADAS EN LA DISTRIBUCIÓN DE 
CARGAS Y BENEFICIOS DE LOS PROYECTOS URBANOS.  
ESTUDIO DEL POLÍGONO DE LA ESTACIÓN ANDALUCÍA DEL 
METROCABLE DE MEDELLÍN.  
 
 
 
 
 
 
 
MARIA PATRICIA TOBÓN MOLINA 
INGENIERA CIVIL 
 
Trabajo final de Maestría presentado en cumplimiento de los requisitos para  
optar al título de Magister en Estudios Urbano Regionales. 
 
 
 
 
Director 
Profesor Henry Quesada Gómez 
Candidato a Doctor en Urbanismo 
 
 
 
UNIVERSIDAD NACIONAL DE COLOMBIA SEDE MEDELLÍN 
FACULTAD DE ARQUITECTURA 
ESCUELA DE PLANEACIÓN URBANO REGIONAL 
MAESTRÍA EN ESTUDIOS URBANO REGIONALES - 
PROFUNDIZACIÓN 
FEBRERO DE 2012 
 
 iii 
RESUMEN 
 
Es a través de la Planeación Urbana como se ordena el territorio obedeciendo a un imaginario de 
ciudad en concordancia con sus potencialidades. Esta ciudad ideal,  parte de unos deseos de desarrollo 
económico y social que finalmente logren una óptima calidad de vida de los ciudadanos. Para lograr la 
ordenación del territorio se cuenta desde la normativa con unos instrumentos de gestión del suelo y de 
financiación. Los primeros han sido ampliamente desarrollados en las intervenciones realizadas en la 
ciudad en los últimos años y los segundos no han sido bien aprovechados. 
 
Se quiere demostrar como a través de las rentas obtenidas del suelo en el polígono de influencia de 
la estación Andalucía del metro cable, se pueden obtener diferentes alternativas  de financiación para 
dichos proyectos de ciudad. 
 
Mediante un ejercicio de simulación técnica y financiera de una manzana del polígono de estudio 
la cual se define como una Unidad de Actuación Urbanística y basados en información obtenida del 
mercado inmobiliario del sector, se muestra la viabilidad financiera de un proyecto urbano en donde 
cumpliendo con la normativa vigente se puede dotar al territorio de unos estándares urbanísticos 
adecuados en cuanto a equipamientos, espacios públicos y vías,  y aparte de esto generar utilidades. 
 
Finalmente podemos inferir que estas intervenciones desde lo público además de coadyuvar al  
desarrollo socio-económico del sector, generan unas rentas que pueden ser utilizadas para financiar 
dichos proyectos urbanos o como fuente de retorno de las inversiones ya realizadas. 
 
Palabras Clave: 
 
Planeación Urbana, Urbanismo Social, Distribución equitativa de cargas y beneficios, Rentabilidad, 
Plusvalías. 
 
 
 
 
 iv 
ABSTRACT 
 
 
PRIVATE PROPERTY RENTALS IN THE EQUI TABLE DISTRIBUTION OF 
BURDENS AND BENEFITS OF URBAN PROJECTS AT THE SITE OF INFLUENCE 
OF ANDALUCIA SUBWAY STATION CABLE OF MEDELLÍN 
 
It is throughout the Urban Planning, the way it has been designed approaches to land use in 
accordance with the land’s potential. Then comes the idea of design an imaginary city using its land’s 
sources. This ideal city comes as a desire to improve the economical and social development of all of 
the citizens from this community. In order to achieve land use and spatial planning there are some rules 
regarding financial and management of the land that have been taking in consideration. The first one 
has not been properly exploited and the second one has been widely developed in recent years. 
 
This study is meant to demonstrate how through the income derived from the soil at the site of 
influence of Andalucia subway station cable; different alternatives of financial support can be obtained. 
 
Based on a technical and financial simulation exercise made in one block of the polygon, 
which is defined as an Urban Action Unit, and according to the information gathered from the land 
market sector, it is suggested that the project is financially viable. This project city will meet all the law 
requirements and current legislation and it can help equip the territory with some appropriate urban 
standards in terms of facilities, public spaces and pathways, and besides this it will create some extra 
profit.  
 
Finally, it be can inferred that these public interventions not only will help the socio-economic 
development of the sector, but also, they will be profitable to investors and will generate an income that 
can be used to finance other future urban projects.  
 
Keywords: 
 
Urban Planning, Social Urban, Equitable distribution of burdens and benefits, Profitability, Capital 
gains. 
 v 
AGRADECIMIENTOS 
 
La autora expresa sus agradecimientos a: 
 
La Universidad Nacional de Colombia sede Medellín, por brindarme la oportunidad de ampliar mi 
conocimiento. 
Al profesor Henry Quesada Gómez, por c",
Captura de valor,5 DOT y planeación urbana (Gregor Wessels)/Captura de valor/TRB Land value capture d10781.pdf,TRB Land value capture d10781.pdf,1415446,55,"GAO-10-781 Public Transportation: Federal Role in Value Capture Strategies for Transit Is Limited, but Additional Guidance Could Help Clarify Policies","U.S. Government Accountability Office, http://www.gao.gov","GAO-10-781 Public Transportation: Federal Role in Value Capture Strategies for Transit Is Limited, but Additional Guidance Could Help Clarify Policies","U.S. Government Accountability Office, http://www.gao.gov",2010,,,,,eng," 
 
 
 
 
 
 
 
 
 
 
GAO 
 United States Government Accountability Office
Report to Congressional Committees
PUBLIC 
TRANSPORTATION 
Federal Role in Value 
Capture Strategies for 
Transit Is Limited, but 
Additional Guidance 
Could Help Clarify 
Policies 
 
 
July 2010 
 
 
 
 GAO-10-781 
What GAO Found
United States Government Accountability Office
Why GAO Did This Study
Highlights
Accountability Integrity Reliability
July 2010
 
 PUBLIC TRANSPORTATION 
Federal Role in Value Capture Strategies for Transit Is 
Limited, but Additional Guidance Could Help Clarify 
Policies Highlights of GAO-10-781, a report to 
congressional committees 
State and local governments are 
looking for alternative strategies to 
help fund transit systems. Value 
capture strategies—joint 
development, special assessment 
districts, tax increment financing, 
and development impact fees—are 
designed to dedicate to transit 
either a portion of increased tax 
revenue or additional revenue 
through assessments, fees, or rents 
based on value expected to accrue 
as a result of transit investments. 
GAO was asked to review (1) the 
extent to which transit agencies 
and local governments use joint 
development and other value 
capture strategies to fund or 
finance transit; (2) what 
stakeholders have identified as 
facilitators of, or hindrances to, the 
use of these; and (3) what 
stakeholders have said about the 
effects of federal policies and 
programs on the use of these 
strategies. GAO analyzed data from 
55 of the 71 transit agencies that 
responded to its information 
request; reviewed literature, and 
statutes and regulations; and 
interviewed transit agency, local 
government, and Federal Transit 
Administration (FTA) officials; 
developers; and experts. 
What GAO Recommends  
The FTA should issue additional 
guidance on federal joint 
development requirements to 
clarify the types of developments 
eligible under current law, and 
requirements and conditions for 
parking replacement.  
 
FTA agreed to consider GAO’s 
recommendations. 
More than half of the transit agencies from which GAO collected data (32 of 
55) reported that joint development—in which a transit agency and a private 
entity partner to create development at a transit station—has been used as a 
source of funding for transit, while about a third (19 of 55) reported that 
special assessment districts, tax increment financing, and development impact 
fees have been used. Transit agencies that have extensively used joint 
development typically share characteristics, such as having formal joint 
development policies and in-house real estate expertise. Financial data 
collected from several transit agencies indicate that revenue generated 
annually through joint development is generally small when compared with an 
agency’s annual operating expenses. Revenue generated by the other three 
value capture strategies has varied, but in some cases has been critical to the 
financial feasibility of the transit project or to improvements that support 
transit-oriented development.  
 
Several factors can facilitate or hinder transit agencies’ and state and local 
governments’ use of value capture strategies, such as coordination and 
support from public- and private-sector entities, transit project location and 
design, and state laws. For example, transit agencies, which generally do not 
have taxing authority, often have to coordinate with local taxing authorities to 
help establish a tax increment financing district. Also, according to several 
stakeholders, value capture strategies have the potential to generate more 
revenue when a project is designed with land-use zoning that allows for high-
density development. However, some states do not authorize the use of 
certain strategies or may limit their use. For example, tax increment financing 
is currently not authorized under Arizona state law. 
 
Several transit agency officials told GAO that FTA’s joint development 
guidance is confusing, which can hinder their use of joint development when 
federal funding is involved. For example, transit agencies are sometimes 
unclear about which types of developments and structures are eligible for 
joint development sites and the extent to which FTA requires replacement 
of parking spaces when surface parking lots are converted to structured 
parking garages that support transit-oriented development. This confusion can 
delay final federal approval of a project. Transit agency officials also told GAO 
that federal requirements, such as limitations on the use of joint development 
revenue for operations, maintenance, or acquisition of land for future joint 
development, can be burdensome. Transit agency officials also said the strict 
cost-effectiveness requirement for federal New Starts funding limited the 
competitiveness of some transit projects designed to use value capture 
strategies. Recent changes to the New Starts program, including amending the 
current cost-effectiv",
Captura de valor,5 DOT y planeación urbana (Gregor Wessels)/Captura de valor/value_capture_transit.pdf,value_capture_transit.pdf,624136,54,VALUE CAPTURE AROUND TRANSPORT NODES,ADEC FOR URBAN LANDMARK,VALUE CAPTURE AROUND TRANSPORT NODES,ADEC FOR URBAN LANDMARK,1990,Organization of this Report,,,,eng,"African Development Economic Consultants                                                      ADEC  
URBAN LANDMARK CONSULTANT REPORT FOR COMMENT – NOT FOR WIDER CIRCULATION 1
 
 
 
 
VALUE CAPTURE 
FROM TRANSIT-ORIENTED DEVELOPMENT 
And Other Transportation Interchanges 
 
 
 
 
 
 
 
 
Prepared for Urban LandMark 
 
 
 
 
 
30 November 
 
African Development Economic Consultants (pty) Ltd. (ADEC) 
With BKS Engineers 
 
 
 
 
 
 
 
 
 

African Development Economic Consultants                                                      ADEC  
URBAN LANDMARK CONSULTANT REPORT FOR COMMENT – NOT FOR WIDER CIRCULATION 2
 
 
INTRODUCTION 
 
On behalf of Urban LandMark, ADEC  p r e p a r e d  r e c o m m e n d a t i o n s  f o r  
capturing the value gaine d from transport interchanges to assist in the 
alleviation of poverty. The recomm endations are based on various analyses 
that examined the increas e in land value that can be expected due to the 
development of transport interchanges , along with an assessment of best 
practices in capturing this increase for public good.  
 
Background 
 
Fast, efficient transportation systems help to promote the movement of 
large numbers of people between the places they live, work, and play.  History 
has shown that transportation infrastr ucture has also helped promote the 
growth and development of the world’s great cities. London and New York, for 
example, attribute much of their ec onomic expansion to the development of 
transit systems that linked people efficiently to growing numbers of jobs. Many 
of South Africa’s cities lack moder n mass transit systems for transporting 
commuters, who rely on increasingly grid locked roads.  Partly as a result, 
South Africans spend (on average) a relati vely high share of their disposable 
income on transport. Low-income work ers, especially, bear a huge financial 
cost as well as economic opportunity cost for transport in this country. 
 
 T h e  G a u t r a i n  R a p i d  R a i l  L i n k, along with BRT, Metrorail, new 
highways, and other major tr ansport infrastructure projects represent a huge 
new investment in the region’s transportation network. These systems provide 
an exceptional opportunity for South Af rican cities to promote development 
and “capture” the increase in associated land values as a public good.   
 
 B u s i n e s s e s ,  t o u r i s t s ,  a n d  r e s i d e n t s  w a n t  access to clean, efficient rapid 
transit. Therefore, the pr esence of transit stations  can be an economic asset 
for attracting and concentrating devel opment.  This fact, coupled with the 
regional planning benefits and sustainability of public transit, has led local 
planning and economic devel opment agencies in many  countries to promote 
the concept of transit- oriented development (TOD).   F r o m  a  p l a n n i n g  
perspective, TOD promotes  t h e  d e v e l o p m e n t  o f  “ compact, walkable” mixed-
use communities around transit stati ons as a way or reducing automobile 
dependency and enhancing quality of life.  The mix of jobs and housing helps 
reduce transport and opportunity costs fo r the poor, thereby raising living 
standards. Economically, transit acce ss spurs demand for new development, 
enhancing the marketability of transit-oriented locations. This enhanced 
market value is particularly powerful  i n  l o w - i n c o m e  c o m m u n i t i e s  a n d  a r e a s  
that otherwise lack market access.  
 
In more affluent communities, ther e is the even more powerful 
opportunity to “capture” the increase in market value generated from mass 
transit (along with multi-modal nodes and other forms of public transport) to 
increase access to jobs  a n d  h o u s i n g  f o r  t h o s e  with less means. To 
African Development Economic Consultants                                                      ADEC  
URBAN LANDMARK CONSULTANT REPORT FOR COMMENT – NOT FOR WIDER CIRCULATION 3
accomplish this, experience suggests that certain market interventions are 
usually required.   
 
Organization of this Report 
 
 This report presents policy re commendations based on market and 
financial analysis that translate devel opment potential around transport 
interchanges into a residual land va lue.  Such approaches are commonly 
used to illustrate the differential or  “premiums” achieved from access to 
transport nodes or infrastructure. ADEC  a l s o  u t i l i s e s  s e v e r a l  c o m p a r a t i v e  
models to illustrate the value of diffe rentials between various typologies of 
transport access. Ultimately, transportati on infrastructure plays a significant 
role in urban land markets, in urban r egeneration, and in economic upliftment.  
The following report responds to the need to develop strategies for South 
Africa’s cities to maximise the positive impacts of transit to the benefit of the 
nation’s poor and underserved markets. The various  analyses are organised 
as follows: 
 
Section 1 provides a summary o",
Captura de valor,5 DOT y planeación urbana (Gregor Wessels)/Captura de valor/World Bank 2015 financing with value capture.pdf,World Bank 2015 financing with value capture.pdf,4782598,52,World Bank Document,World Bank Group,World Resources Institute,World Bank Group,2015,"University of California, Berkeley",,,10.1596/978-1-4648-0149-5,eng,"W
hat the literature has long been missing is a thorough, thoughtful book that translates how to 
move land value capture from the ivory towers of theory to real-world implementation. This book 
comes as close to any in achieving this. It shows that land value capture holds tremendous untapped 
potential as a viable and sustainable funding source for public transit improvements and leveraging 
transit-supportive growth, particularly in developing cities.
— Robert Cervero, Friesen Chair of Urban Studies and Professor of City and Regional Planning at the 
University of California, Berkeley
T
his book will help cities in emerging economies, and those of us working with them, to tap into the 
increases in land value resulting from the economic development stirred by public investments in 
infrastructure, providing opportunities to finance further public investment in infrastructure in a virtuous 
cycle. This provides finance but also helps structure more sustainable cities through complementary 
land use regulations, furthering the virtuous cycle of financial, environmental, and social sustainability.
— Holger Dalkmann, Acting Global Director, Transport and Cities; Director, EMBARQ;  
World Resources Institute
W
hat a timely and important book! It makes an impressive contribution to urban planning literature, 
bridging theory and practice in transit-oriented development and offering much needed practical 
advice on how to structure and execute land value capture mechanisms to finance infrastructure 
investment. It is invaluable for all city planners and public investors, providing pragmatic guidance 
based on thorough analysis of successful efforts in Hong Kong [SAR, China] and Tokyo and emerging 
efforts in places like São Paulo, Nanchang, and Hyderabad. Bravo!
— George W. McCarthy, President and CEO, Lincoln Institute of Land Policy
T
his book identifies enabling factors from the experiences of Tokyo and other cities in promoting 
private sector railway construction and operation with revenues from development rights sales or 
leases around transit stations, so-called “land value capture” (LVC). Also addressed are the risks and 
challenges in applying the LVC apparatus to other cities. This book provides rich experiences of many 
cities and deserves to be an essential reference for development agencies, including the Japan 
International Cooperation Agency (JICA), to address transportation in megacities in developing  
countries where public transit is needed as the backbone of urban development.
— Junichi Yamada, PhD; Senior Special Advisor of Japan International Cooperation Agency (JICA)
SKU 32876
FINANCING
TRANSIT-ORIENTED
DEVELOPMENT WITH 
LAND VALUES
OVERVIEWOVERVIEW
Hiroaki Suzuki, Jin Murakami, Yu-Hung Hong, and Beth Tamayose
Adapting Land Value Capture  
in Developing Countries
 Public Disclosure Authorized
Public Disclosure Authorized
Public Disclosure Authorized
Public Disclosure Authorized


OVERVIEW
Financing T ransit-Oriented  
Development with Land Values
Adapting Land Value Capture 
in Developing Countries
Hiroaki Suzuki
Jin Murakami
Yu-Hung Hong
Beth Tamayose
© 2015 International Bank for Reconstruction and Development / The World Bank
1818 H Street NW, Washington, DC 20433
Telephone: 202-473-1000; Internet: www.worldbank.org
Some rights reserved
1 2 3 4  17 16 15 14
This work is a product of the staff of The World Bank with external contributions. The findings, 
interpretations, and conclusions expressed in this work do not necessarily reflect the views of 
The World Bank, its Board of Executive Directors, or the governments they represent. The World 
Bank does not guarantee the accuracy of the data included in this work. The boundaries, colors, 
denominations, and other information shown on any map in this work do not imply any judg-
ment on the part of The World Bank concerning the legal status of any territory or the endorse-
ment or acceptance of such boundaries.
Nothing herein shall constitute or be considered to be a limitation upon or waiver of the 
privileges and immunities of The World Bank, all of which are specifically reserved.
Rights and Permissions
This work is available under the Creative Commons Attribution 3.0 IGO license (CC BY 3.0 
IGO) http://creativecommons.org/licenses/by/3.0/igo. Under the Creative Commons Attribution 
license, you are free to copy, distribute, transmit, and adapt this work, including for commercial 
purposes, under the following conditions:
Attribution—Please cite the work as follows: Suzuki, Hiroaki, Jin Murakami, Yu-Hung Hong, 
and Beth Tamayose. 2015. “Financing Transit-Oriented Development with Land Values: 
Adapting Land Value Capture in Developing Countries.” Overview booklet. World Bank, 
Washington, DC. License: Creative Commons Attribution CC BY 3.0 IGO
Translations—If you create a translation of this work, please add the following disclaimer along 
with the attribution: This translation was not created by The World Bank and should not be 
con",
Captura de valor,5 DOT y planeación urbana (Gregor Wessels)/Captura de valor/X. BOG BRT prices Rodriguez & Mojica 2009.pdf,X. BOG BRT prices Rodriguez & Mojica 2009.pdf,655493,12,Capitalization of BRT network expansions effects into prices of non-expansion areas,"""Daniel A. Rodríguez; Carlos H. Mojica""",Capitalization of BRT network expansions effects into prices of non-expansion areas,"""Daniel A. Rodríguez; Carlos H. Mojica""",2008,,,,10.1016/j.tra.2009.02.003,eng,"Capitalization of BRT network expansions effects into prices
of non-expansion areas
Daniel A. Rodríguez a,*, Carlos H. Mojica b
a Carolina Transportation Program, Department of City and Regional Planning, University of North Carolina, Chapel Hill, CB 3140, Room 319,
Chapel Hill, NC 27599-3140, United States
b Sustainable Development, Transport Cluster, Latin America and the Caribbean, The World Bank Group, Washington, DC 20433, United States
article info
Article history:
Received 2 June 2008
Received in revised form 3 February 2009
Accepted 14 February 2009
Keywords:
Bus rapid transit
Hedonic model
Network expansion effects
Mass transit
Value capture
abstract
A before and after hedonic model is used to determine the property value impacts on prop-
erties already served by the transit system caused by extensions to Bogotá’s bus rapid tran-
sit system. Asking prices of residential properties belonging to an intervention area
(N = 1407 before, 1570 after) or a control area ( N = 267 before, 732 after) and offered for
sale between 2001 and 2006 are used to determine capitalization of the enhanced regional
access provided by the extension. Properties offered during the year the extension was
inaugurated and in subsequent years have asking prices that are between 13% and 14%
higher than prices for properties in the control area, after adjusting for structural, neigh-
borhood and regional accessibility characteristics of each property. Furthermore, the
appreciation is similar for properties within 500 m and properties between 500 m and
1 km of the BRT.
/C2112009 Elsevier Ltd. All rights reserved.
1. Introduction
Planners and policy-makers continue to show renewed interest in coordinating transportation investments and land
development in order to provide alternatives to automobile commuting, and to decrease its negative effects. Terms such
as ‘‘smart growth,” ‘‘transit-oriented development” and ‘‘livable communities” embody the belief that the accessibility
advantages provided by mass transit investments can be coordinated with compact land development. This development,
in turn, is expected to support and reinforce the viability of public transit and other non-automobile transportation modes.
Simultaneously, the re-emergence of high service level bus systems is revolutionizing transit systems around the world.
Bus rapid transit (BRT) is a bus-based mass transportation system that delivers comfortable, cost-effective mobility emulat-
ing rail transit ( Wright and Hook, 2007 ). It relies on coordinated improvements in technology, infrastructure and equipment
to deliver a high-quality level of treatment for buses ( US General Accounting Ofﬁce, 2001 ). Twelve Latin-American cities,
three Australian cities, seven US cities, eight Asian cities and eighteen European cities have BRT systems in place. BRT sys-
tems actively under construction span the globe, including Dar es Salaam in Tanzania, Jinan in China, Bologna in Italy, Mérida
in Venezuela, and Auckland in New Zealand. Wright and Hook (2007) cite estimates of GTZ that as of March 2007, there are
at least 27 cities with active planning processes for building a BRT system.
The success of BRT is partly due to the cost-effectiveness and relative ﬂexibility of the investments required. BRTs often
can mobilize as many passengers as most conventional light rail systems at a fraction of the cost. BRTs also compare well
with heavy rail systems, except when passenger demand exceeds 35,000 to 40,000 passengers per hour per direction on
0965-8564/$ - see front matter /C2112009 Elsevier Ltd. All rights reserved.
doi:10.1016/j.tra.2009.02.003
* Corresponding author. Tel.: +1 919 962 4763; fax: +1 919 962 5206.
E-mail address: danrod@unc.edu (D.A. Rodríguez).
Transportation Research Part A 43 (2009) 560–571
Contents lists available at ScienceDirect
Transportation Research Part A
journal homepage: www.else vier.com/locate/tra

a line, a point at which levels of service deteriorate. As rail systems, however, the cost-effectiveness of BRT hinges on the
ability to have supportive land uses that concentrate demand along system corridors. Therefore, in most cases BRTs have
been built in corridors with proven demand. Yet, it is plausible that BRTs also attract dense development that will in turn
beneﬁt the BRT system in the future. This reciprocal connection between BRT investments and land development has been
a cornerstone of Curitiba’s development (Rabinovitch and Leitman, 1996 ). Despite the importance of this connection for the
future viability and cost-effectiveness of BRTs, however, there is limited empirical evidence to support or dismiss the rela-
tionship between BRT investments and changes in development. Although this relationship is critical to the potential of BRT
as a catalyst for urban growth and redevelopment, a recent World Bank (Halcrow Fox Inc., 2000 ) study observed, ‘the impacts
of busways on land use and city structure have been little researched’.
The present st",
Captura de valor,5 DOT y planeación urbana (Gregor Wessels)/Captura de valor/X. Mendoza - Master Thesis - Value capture for funding Colombian BRTs.pdf,X. Mendoza - Master Thesis - Value capture for funding Colombian BRTs.pdf,1374030,113,"Institute for Housing and Urban Development Studies, Rotterdam, The Netherlands (IHS),",Camilo Mendoza,"Institute for Housing and Urban Development Studies, Rotterdam, The Netherlands (IHS),",Camilo Mendoza,2004,"Ministry of Transport, the Ministry of Finance, the National Planning Department, the",,,,eng," 
 
 
Master course in Urban Management and Development-1 (UMD1) 
6 October 2004 – 23 September 2005 
 
 
 
VALUE CAPTURE FOR FUNDING COLOMBIAN BRTS 
INFRASTRUCTURE –  
The case of Transmilenio in Bogotá 
 
 
 
 
Camilo Mendoza, Colombia 
 
 
 
 
 
 
Supervisor: Peter Pol  
 
 
 
 
 
UMD-1-08 
Rotterdam, September 2005 
 
 
 
 
 
 
 
Camilo Mendoza – UMD1 
Preface 
Funding public projects is always a big concern. That is a fact for the Colombian national 
program for the implementation of Bus rapid transit Systems (BRTS) in the principal 
cities of Colombia. For both the Nation and the cities it is a big effort to fund such 
projects and, consequently looking the way to alleviate public investment without 
affecting the technical specifications of the facilities becomes a hard task. 
 
I know it because I worked on that national program for some years. Members from the 
Ministry of Transport, the Ministry of Finance, the National Planning Department, the 
cities and even the Presidency of the Republic struggle with that daily. Those are the 
entities in charge of planning and implementing the BRTS for each city. 
 
Because of that the national policy for the im plementation of the BRTS establishes that at 
least 10% of the overall cost of the infrast ructure for the coming projects (which means 
all, except Transmilenio in Bogotá) must be funded by the private sector. Nowadays, only 
the users of the future systems represent that  private sector. In the tariff for those new 
projects is included that 10%. 
 
Nonetheless, I still think that there is space for doing more. Private funds can come from 
other sources different than the users. Fu rthermore, in Bogotá the situation of 
Transmilenio implies a new challenge. Since in the tariff’s structure of the system is not 
included any participation for funding new infrastructure and because the public funds are 
limited for the magnitude of the project, it seem s to be important to look for other sources 
of revenues. 
 
When I was thinking what topic to discuss in my thesis, I was sure that I would like to 
treat something related to bring private resources to fund the infrastructure of the BRTS 
in my country. However I did not know how to deal with it. I decided to explain Mr. Jan 
Fransen, Head of education and training of IH S, the general topic I was interested in, to 
receive some guide. 
 
He recommended me to talk to Dr. Peter M.J. Pol and Drs. Robert Offermans at Erasmus 
University. Drs. Robert Offermans develope d a Master thesis about value capture for 
funding transit projects and clarified me that what I was thinking to discuss in my final 
report is called value capture. He said, “I i nvestigated several valu e capture options for 
transit projects and it is your turn to specify how to use them in a particular situation”. On 
the other hand Dr. Peter Pol liked the topic and offered to be my supervisor. 
 
Both suggested not analysing all BRTS pr ojects in Colombia. They recommended 
studying the case of Transmilenio in Bogotá. It  is the only BRTS project in operation, it 
has already consolidated as a successful expe rience and it represents a challenge and 
opportunity for inventive funding solutions. Furthermore, the case of Transmilenio is 
quite interesting because it could be the exam ple not only for other Colombian cities, but 
also for similar projects abroad. 
 
That is how the topic was set: value capt ure for funding Colombian BRTS – the case of 
Transmilenio in Bogotá. And that was the starting point of this document. 
 
12 September 2005   ii 
 
Camilo Mendoza – UMD1 
Table of Contents 
Preface.....................................................................................................................ii 
Table of Contents ................................................................................................. iii 
Summary................................................................................................................vi 
Acknowledgements ..............................................................................................vii 
Chapter 1 Introduction..........................................................................................1 
1.1. Research topic ...................................................................................................... 1  
1.2. Aim, objectives and scope.................................................................................... 2 
1.3. Method description............................................................................................... 2  
1.4. Thesis structure..................................................................................................... 4  
Chapter 2 Theoretical background ......................................................................6 
2.1. Is infrastructure a public good? ............................................................................ 7 
2.2. The impacts and revenues generated by publi",
DOT estándar,5 DOT y planeación urbana (Gregor Wessels)/DOT estándar/DOT Estándar 2.1 (Copia en conflicto de Despacio org 2024-11-15).pdf,DOT Estándar 2.1 (Copia en conflicto de Despacio org 2024-11-15).pdf,4954936,0,,,DOT Estándar 2.1 (Copia en conflicto de Despacio org 2024-11-15),,,,,,,,,PdfReadError: Cannot find Root object in pdf
DOT estándar,5 DOT y planeación urbana (Gregor Wessels)/DOT estándar/DOT Estándar 2.1.pdf,DOT Estándar 2.1.pdf,4954936,78,,,APROBADO POR,,,"Nueva York, Department of",,,,spa,"1
Introducción

9 East 19th Street, 7th Floor, New York, NY, 10003
tel +1 212 629 8001 
www.itdp.org
TOD Standard v2.1
Foto de portada: Corredor de BRT en Guangzhou, China.
Crédito de foto de portada: Wu Wenbin, ITDP China.
 Créditos fotográficos 
Todas las fotografías por Luc 
Nadal,excepto página 12-
13: cortesía de la ciudad de 
Nueva York, Department of 
Transportation;
página 22: Karl Fjellstrom;
página 15: Wu Wenbin; 
página 27: Ömer Çavus˛og˘lu; 
página 38, 40, y 57: Karl 
Fjellstrom, y página 59: Will 
Collin.
APROBADO POR
APOYADO POR
IntroductIon
PrIncIPles, Performance 
objectIves & metrIcs
scorIng In detaIl
usIng the  
tod standard
glossary
scorecard
4
 
12
   
28
66
72
76
IntroduccIÓn
objetIvos de desarrollo 
e IndIcadores
descrIPcIÓn y resumen
usando el estándar dot
glosarIo
tabla de calIfIcacIÓn
4
Introducción
IntroduccIÓn
5
Introducción
BRT de Janmarg 
y desarrollo 
adyacente,Ahmedabad, 
India
6
Introducción
Introducción 
Después de decadas de baja inversión en transporte público, muchos 
gobiernos nacionales y locales hoy están reenfocando sus esfuerzos en el 
transporte público para combatir los impactos sociales económicos y de 
salud que tiene la congestión en las ciudades. Esta es una tendencia positiva 
que se aleja del desarrollo urbano que muchas ciudades adoptaron en la 
segunda mitad del siglo XX y que continua hoy en muchas ciudades. En 
este modelo de desarrollo urbano las calles cada vez más largas y anchas 
separan a los edificios y a las cuadras unos de otros y hacen espacio para 
cada vez más autos. En ciudades que estan invirtiendo en transporte 
público, Ciudad de México, Guangzhou, Río de Janerio y otras, se han hecho 
esfuerzos para aprovechar lo más posible el transporte construyendo 
vivienda, trabajos y otros servicios adyacentes a dicha infraestructura.
El Estándar DOT, construido con la experiencia de muchas organizaciones 
en el mundo incluyendo la nuestra, aborda el desarrollo que maximiza los 
beneficios del transporte público, mientras enfatiza fuertemente a sus 
usuarios, las personas. A esta forma de diseño la llamamos “Desarrollo 
Orientado al Transporte” (DOT). Existe una diferencia clave con el desarrollo 
adyacente al transporte, que simplemente localiza edificios cerca de los 
corredores de transporte y estaciones. El DOT implica una cuidadosa 
planeación y diseño de los usos de suelo y el espacio construido para 
promover, facilitar y priorizar, no solamente el uso del transporte público, 
sino también los modos más básicos de transporte, caminar y andar en 
bicicleta. 
Basado en nuestra investigación sobre comunidades y transporte 
sustentable llevada a cabo durante el desarrollo de Los principios del 
transporte en la vida urbana y las exhibiciones Nuestras ciudades, nuestro 
futuro, definimos ocho principios clave para guiar el desarrollo de DOT. 
El Estándar DOTamplia dichos principios con objetivos de desempeño e 
indicadores accesibles para una audiencia no técnica. De esta forma, el 
Estándar DOT es una manera para que desde desarrolladores a residentes 
interesados puedan entender los componentes esenciales detrás de un 
DOT exitoso. 
7
Introducción
Principios del desarrollo urbano para 
el transporte en la vida urbana:
1.  [caminar] Desarrollar barrios que 
promuevan la caminata 
2.  [pedalear] Priorizar las redes de 
transporte no motorizado  
3. [conectar] Crear redes densas de 
calles  
4. [transportar] Localizar el desarrollo 
cerca del transporte público de alta 
calidad 
5. [mezclar] Planear para usos de suelo 
mixtos
6. [densificar] Optimizar la densidad y 
la capacidad del transporte público   
7. [compactar] Crear regiones 
compactas con viajes cortos 
8. [cambiar] Aumentar la movilidad 
regulando el uso del estacionamiento y 
las calles
8
Introducción
¿Qué es el estándar dot?
El Estándar es una valoración, un reconocimiento y una herramienta para orientar la política 
pública centrada especialmente en la intersección de las prácticas de uso de suelo y transporte. 
Está dirigida a una amplia gama de actores clave en el desarrollo urbano, incluyendo gobiernos, 
ncluyendo gobierno, desarrolladores e inversionistas, planeadores y diseñadores, partidarios 
del desarrollo sustentable y ciudadanos interesados.1 
 
Sus usos principales incluyen:
• Evaluar la orientación al transporte público de proyectos de desarrollo urbano construidos, 
• Evaluar proyectos en las fases de planeación y diseño para identificar vacíos y áreas de 
oportunidad,
• Guiar la política y regulaciones relevantes a la planificación urbana, de transporte, uso de 
suelo, diseño urbano y estacionamiento.
Creando un marco aplicable universalmente y basado en los principios dominantes de 
transporte en  la vida urbana, el estándar podrá comparar el desempeño de proyectos y de 
políticas frente a lo que se considera la mejor práctica internacional, tal como en Central Saint 
Giles en Londres; el distrito de Massena, en París; Hammarby Sjöstad, en Estocolmo, y Liuun 
Xiaoqu en G",
DOT estándar,5 DOT y planeación urbana (Gregor Wessels)/DOT estándar/FINAL_PerformanceBasedTODTypologyGuidebook_FINAL.pdf,FINAL_PerformanceBasedTODTypologyGuidebook_FINAL.pdf,18343519,91,VMT Place Types report.indd,Elizabeth,VMT Place Types report.indd,Elizabeth,2010,Financial Support for this Guidebook was provided by the Rockefeller Foundation.,,,,eng,"!
!
!!
!
!
!
!
!
!
!
! !
!
!!!!
!
!!! !!!
!
!
!!! !! ! !! !! !!! !! !!!!! !!!!!!
! !! !
!!! !!!
!!
!
!! ! !! !!! !! !! !!! !!! !
!
!
!
!
!
!!! ! !!!!! !!!
!! !!!
!!!!
!
! !
!
!
! !!!! ! !!!
! !!!
!!!!!!!!! ! ! !!! !!!!!!!! !!! ! !!!! !! !!! !!! !! !! !!! !! !!!!!! !! !
!!!
!!!!!
!
! !
!
! ! !!!!!!!! !!! !! !!! ! !!!! !!! ! !!!!!!!!!! !!!!!!! !! ! ! ! ! !! !!!!!! ! ! !!!! ! ! !! !!!!! ! !!!!!! !!! !!!! ! ! !!!
! !!!!!
!!!!!!!!!!!!
!! !!!!!! !! !!! !!!!!!!!
!!! ! ! !!!! !
! !!!! ! !! !! !!!! !!!!! !! ! !!!!!!! ! !!
!!! ! !!!
!
! !!
!!
! !!! !!!
!
! ! !!!! !
! !! !! !!! !! !! !! !!!!! !! !! ! !!! !! ! !!! !! !!! !!! !!! !! ! !!! ! !! !! !!! !! !! !! !!! ! ! ! ! !!! ! !!! ! ! !!! ! ! !! !! !! ! !
!!! !! !!
!
!! ! !! ! !!! !!! !! !!! !!! ! !! ! ! !! !! ! !! !!!!! ! !!! !! ! ! ! !! ! ! !!! ! ! !!!! ! ! !!!!!!! ! !! ! !!!!!! !! ! ! !! ! !!! ! ! ! !! !! ! !! ! ! ! ! ! !!!! ! ! !! !!! ! !! !!!! !! !!! ! !!!! !!! ! !!!! !!! ! ! !! ! !!! !!!! !!!!
! ! !!! ! !!!!! !!! ! !! !! ! !! !!! !!! ! !!!! !!! !! !!! ! ! ! !! !!! ! !! !!! ! !! ! ! !! ! ! !!
! !! !!! !
!
!!
!
!
!
!!
!
!
!
!
Cook County
Dupage County
Evanston
Gary, IN
Lake Michigan
Kendall County
Kane County
McHenry County
Lake County, IL
I-55
I-88
I-90
Oak Park
I-294
I-355
!!
Performance-Based 
Transit-Oriented Development 
Typology Guidebook
December 2010
Performance-Based Transit-Oriented Development Typology Guidebook
December 2010 / Page 2
The Center for Transit-Oriented Development (CTOD) is the only national nonproﬁ t effort dedicated to providing best practices, research and tools to support 
market-based transit-oriented development.  CTOD partners with both the public and private market sectors to strategize about ways to encourage the development 
of  high performing communities around transit stations and to build transit systems that maximize development potential. CTOD works to integrate local and regional 
planning, generate new tools for economic development, real estate and investment issues, improve affordability and livability for all members of  the community, and 
respond to imperatives for climate change and sustainability. The Center for TOD is a partnership of  Reconnecting America, the Center for Neighborhood Technology, 
and Strategic Economics. For more information go to CTOD’s website at www.ctod.org.
Reconnecting America works to create better communities – places where transportation choices make it easy to get from place to place, where businesses ﬂ ourish, 
and where people from all walks of  life can afford to live, work and visit. Reconnecting America not only develops research and advocates for public policy, but we also 
build on-the-ground partnerships and convene the players necessary to accelerate decision-making.
The Center for Neighborhood Technology is a creative think-and-do tank that combines rigorous research with effective solutions.  CNT works across disciplines 
and issues, including transportation and community development, energy, natural resources, and climate change.  The goal is urban sustainability – the more effective use 
of  resources and assets to improve the health of  natural systems and the wealth of  people.
Strategic Economics is a consulting and research ﬁ rm specializing in urban and regional economics and planning.  The ﬁ rm helps local governments, community 
groups, developers and nonproﬁ t organizations understand the economic and development context in which they operate in order to take strategic steps towards 
creating high-quality places for people to live and work. 
Authors: 
Mason Austin
Dena Belzer
Albert Benedict
Paul Esling
Peter Haas
Gajus Miknaitis
Elizabeth Wampler
Jeff  Wood
Linda Young
Sam Zimbabwe
Financial Support for this Guidebook was provided by the Rockefeller Foundation.
Performance-Based Transit-Oriented Development Typology Guidebook
December 2010 / Page i
Performance-Based Transit-Oriented Development Typology Guidebook
Development of a 
P
erformance-Based TOD 
Typology Tool
Transit-Oriented Development is a community 
development model that when successfully 
implemented can produce signiﬁ cant economic, 
environmental and social beneﬁ ts for people and 
the neighborhoods, cities and regions in which 
they live, work and play. These beneﬁ ts can best 
be realized through the utilization of  analytical 
tools that can provide all TOD stakeholders with 
the ability to make fully informed decisions.  
To that end, the practitioners of  TOD and the 
decision makers that help make TOD happen, 
can beneﬁ t from using a performance-based 
typology that helps identify the different 
conditions that exist in places, and that should 
ultimately determine the form that TOD takes. 
Some of  the questions a performance-based 
TOD typology might answer include: What 
economic, environmental and social outcomes 
can we expect from investments in transit and 
TOD? What differentiates transit-oriented 
development from transit-adjacent development? 
What standards should be utilized in eva",
DOT estándar,5 DOT y planeación urbana (Gregor Wessels)/DOT estándar/ITDP TOD Standard_Final_ITDP.pdf,ITDP TOD Standard_Final_ITDP.pdf,7769138,78,,,Photo Credits,,,the City of New York Department,,,,eng,"1
Introduction

9 East 19th Street, 7th Floor, New York, NY, 10003
tel +1 212 629 8001 
www.itdp.org
TOD Standard v2.1
Published by Despacio
ISBN No. XXXXXXXXXXX
Cover Photo: Guangzhou, China bus rapid transit corridor
Cover Photo Credit: Wu Wenbin, ITDP China
Photo Credits
All photographs by Luc Nadal, 
except: Page 12–13: Courtesy of 
the City of New York Department 
of Transportation; Page 22:  
Karl Fjellstrom; Page 25: 
Wu Wenbin; Page 27: Ömer 
Çavus ˛og ˘ lu; Pages 38, 40, and 
57: Karl Fjellstrom; Page 59:  
Will Collin.
ENDORSED by
SuppORtED by
IntroductIon
PrIncIPles, Performance 
objectIves & metrIcs
scorIng In detaIl
usIng the  
tod standard
glossary
scorecard
4
 
12
   
28
66
72
76
4
Introduction
IntroductIon
5
Introduction
Janmarg BRT and 
adjacent development, 
Ahmedabad, India
6
Introduction
Introduction
After decades of underinvestment in public transport, many 
national and local governments today are re-focusing on improving 
public transport to combat the social, economic and health 
impacts of car traffic congestion on their cities. This is a positive 
trend, moving away from the urban development form that many 
cities adopted from the late 20th century and continues in many 
cities today, in which ever longer and wider roads, separating 
buildings and blocks from one another, make way for more and 
more cars. Where public transport investment is taking place, such 
as Mexico City, Guangzhou, and Rio de Janeiro, cities are striving 
to get the most use from of it by building homes, jobs and other 
services adjacent to this transit infrastructure. 
The TOD Standard, built on the rich experience of many 
organizations around the world including our own, addresses 
development that maximizes the benefits of public transit while 
firmly placing the emphasis back on the users — people. We call 
this form of design “transit-oriented development” (TOD), and  
it marks a key difference from transit-adjacent development, 
which is simply development located next to transit corridors  
and stations. 
TOD implies high quality, thoughtful planning and design  
of land use and built forms to support, facilitate and prioritize not 
only the use of transit, but the most basic modes of transport, 
walking and cycling.
Based on our research on sustainable communities and transport, 
undertaken during the development of the Principles of Transport 
in Urban Life and the Our Cities Ourselves exhibits, we outlined 
eight key principles to guide the development of TODs. The 
TOD Standard elaborates on these principles with performance 
objectives and metrics accessible to a non-technical audience, 
giving everyone from developers to interested local residents an 
opportunity to understand the essential components behind a 
successful TOD.
7
Introduction
ItdP’s Principles of urban 
development for transport  
in urban life:
1.  [walk] Develop neighborhoods that         
promote walking  
2.  [cycle] Prioritize non-motorized 
transport networks  
3. [connect] Create dense networks of   
  streets and paths  
4. [transit] Locate development near   
  high-quality public transport
5. [mix] Plan for mixed use
6. [densify] Optimize density and transit  
  capacity     
7. [compact] Create regions with short   
  commutes     
8. [shift] Increase mobility by regulating  
  parking and road use
8
Introduction
What is the tod standard?
The Standard is an assessment, recognition and policy guidance tool uniquely focused on 
integrating sustainable transport and land use planning and design. It is aimed at a broad range 
of urban development stakeholders, including governments, developers and investors, planners 
and designers, sustainable development advocates and interested citizens.1 
 
 The principal uses include,
• assessing the walkability, cycle friendliness, and transit orientation of completed urban 
development projects, 
• evaluating projects at the planning or design phases to identify gaps and opportunities  
for improvement,
• evaluating existing station areas or station area plans, to identify opportunities for 
improvement and investment, and
• guiding policy and regulations relevant to urban planning, transportation planning, land 
use, urban design and parking.
By creating a commonly applicable framework grounded in the key principles of transport in 
urban life, the Standard will be able to benchmark the performance of projects and plans against 
what is currently considered international best practice, such as Central Saint Giles in London, 
the Massena District in Paris, Hammarby Sjöstad in Stockholm and Liuun Xiaoqu in Guangzhou.
new development Projects  
and station areas
 
The TOD Standard has been designed to evaluate new urban development. However, it 
can provide guidance for critical aspects of the planning and design of new projects, and it 
celebrates successful, completed TOD projects by officially recognizing them. 
The Standard has a complementary methodology and set of metrics for u",
DOTS América Latina,5 DOT y planeación urbana (Gregor Wessels)/DOTS América Latina/1 Creacion y captura de valor para el desarrollo de proyectos de transporte-28feb.pdf,1 Creacion y captura de valor para el desarrollo de proyectos de transporte-28feb.pdf,776396,38,,,UNIÓN EUROPEA,"su lado, los factores habilitantes se estructuran a partir del contexto, en",2018,,,9789804221279,,spa,"Creación 
y captura de valor
para el desarrollo
de proyectos 
de transporte
Creación y captura de valor
para el desarrollo de proyectos 
de transporte
UNIÓN EUROPEA

Creación y captura de valor 
para el desarrollo 
de proyectos de transporte
Título:  
Creación y captura de valor para el desarrollo de proyectos de transporte
Depósito Legal: DC2019000298
ISBN: 978-980-422-127-9
Editor: CAF 
Vicepresidencia de Infraestructura
Antonio Pinheiro Silveira, Vicepresidente Corporativo
Sandra Conde, Directora de Análisis y Evaluación Técnica de Infraestructura 
Autores: 
Carlos Felipe Pardo, Infratrans Consultancy
Juan Felipe Pinilla Pineda, JFP y Asociados
Catalina Villegas, JFP y Asociados
Adriana Hurtado, Infratrans Consultancy
Gregor Wessels, Infratrans Consultancy
Carlos A Moreno, Infratrans Consultancy
Patricia Calderón, Infratrans Consultancy
Catalina Duarte, Infratrans Consultancy 
Equipo CAF:
Soraya Azán
Milnael Gómez
Daniela Zarichta
Consultores:
Juan Pablo Bocarejo
Julio César Chávez 
Equipo Afd Bogotá:
Manon Goutorbe, Encargada de Proyectos de Desarrollo urbano y transporte
Natalia Cárdenas, Responsable de Desarrollo Urbano e Infraestructura
Pierre Jamin, Encargado de Proyectos de Desarrollo urbano y transporte
Equipo Afd París:
Arnaud Dauphin, Jefe de Proyectos de Transporte
Priscille De Coninck, Jefe de Proyectos de Transporte
Jérémie Bonhomme, Coordinador para Perú/Bolivia/Argentina
Dominique De Longevialle, Jefe de Proyectos de Transporte
Diseño gráfico: Estudio Bilder / Buenos Aires
Las ideas y planteamientos contenidos en la presente edición son de exclusiva responsabilidad 
de sus autores y no comprometen la posición oficial de CAF.
La versión digital de este libro se encuentra en: scioteca.caf.com 
© 2018 Corporación Andina de Fomento Todos los derechos reservados
Índice
� Introducción �
� Objetivos y metodología �
� Síntesis de buenas prácticas 1�
� Experiencias en América Latina 21
� Propuestas y conclusiones relevantes 2�
6 Bibliografía �1
Índice de figuras
Figura � Relación y lógica de valor del suelo, financiación e infraestructura  
de transporte 1�
Figura � Identificación y clasificación de los instrumentos según naturaleza  
y objetivo 1�
Figura � Clasificación de ciudades según marcos regulatorios 1�
Figura � Factores habilitantes y potencial teórico para la implementación 
exitosa de captura de valor en transporte 1�
Figura � Esquema de integración entre los aspectos de la planificación  
y el diseño en la infraestructura de transporte. 26
Índice de tablas
Tabla � Clasificación de las ciudades seleccionadas bajo las categorías  
de análisis comparativas del estudio 2�
Tabla � Resumen del estudio en materia de implementación de los 
instrumentos de Captura de Valor sobre proyectos de transporte 2 8
7
Creación y captura de valor 
para el desarrollo 
de proyectos de transporte
1 
Introducción
Este estudio presenta la revisión y análisis de manera detallada de las expe -
riencias de captura de valor con un enfoque de aplicación dirigido al desa -
rrollo de infraestructura de transporte público y sostenible. Dicho proceso 
se realizó para varias ciudades de América Latina y a otras ciudades fuera 
de la región, con miras a diagnosticar diferentes contextos, buscando con 
ello contar con un marco de referencia relevante para el análisis.
En ese sentido, el proceso de investigación partió de una revisión conceptual 
que le permitiera establecer categorías de análisis, para luego concentrarse en 
el análisis documental en materia de planificación, aspectos normativos y téc-
nicos, e informes de gestión, apoyados por entrevistas y finalizar en el análisis 
comparado entre ciudades. Esto, orientado a valorar el estado de avance de 
dichas experiencias en ciudades latinoamericanas (Bogotá, Curitiba, Sao Paulo, 
Panamá, Quito, Lima) y a contrastarlas con experiencias consideradas exitosas o 
con potencial de serlo fuera de la región (Hong Kong, Bangkok, Ho Chi Minh).
Programa LAIF-AFD-CAF Transporte Urbano
8
De la revisión conceptual, fue posible establecer que la relación entre los 
instrumentos de captura de valor y el desarrollo de infraestructura de trans -
porte público, no está desarrollada de manera conjunta, lo que permite rea -
firmar que es una relación sobre la que poco han profundizado las ciudades 
y en donde el uso de instrumentos sigue siendo muy reciente. 
Esta primera conclusión, permitió elaborar conceptualizaciones sobre las 
necesidades que tienen las ciudades, para llegar a aplicar los instrumentos 
desde el principio y en torno a los cuales se identificó un potencial teórico y 
un grupo de indicadores clasificados como factores habilitantes.
Aquellas correspondientes al potencial teórico, son categorías del “deber 
ser” en la implementación de los instrumentos en donde las ciudades tienen 
claridad sobre su sistema planificador y sus grandes objetivos. Al igual 
que expresan por medio de su marco normativo, cuentan con información 
suficiente y tienen experiencia en la implemen",
DOTS América Latina,5 DOT y planeación urbana (Gregor Wessels)/DOTS América Latina/2019_TOD_Gentrification.pdf,2019_TOD_Gentrification.pdf,2616685,23,Transit-oriented development and gentrification: a systematic review,,Transit-oriented development and gentrification: a systematic review,,2019,"aCentre of Studies on Geography and Spatial Planning (CEGOT) and Department of Geography and Tourism,",,,10.1080/01441647.2019.1649316,eng,"Full Terms & Conditions of access and use can be found at
https://www.tandfonline.com/action/journalInformation?journalCode=ttrv20
Transport Reviews
ISSN: 0144-1647 (Print) 1464-5327 (Online) Journal homepage: https://www.tandfonline.com/loi/ttrv20
Transit-oriented development and gentrification: a
systematic review
Miguel Padeiro, Ana Louro & Nuno Marques da Costa
To cite this article: Miguel Padeiro, Ana Louro & Nuno Marques da Costa (2019) Transit-
oriented development and gentrification: a systematic review, Transport Reviews, 39:6,
733-754, DOI: 10.1080/01441647.2019.1649316
To link to this article:  https://doi.org/10.1080/01441647.2019.1649316
© 2019 The Author(s). Published by Informa
UK Limited, trading as Taylor & Francis
Group
View supplementary material 
Published online: 31 Jul 2019.
Submit your article to this journal 
Article views: 29758
View related articles 
View Crossmark data
Citing articles: 58 View citing articles 

Transit-oriented development and gentri ﬁcation: a systematic
review
Miguel Padeiro a, Ana Louro b and Nuno Marques da Costa b
aCentre of Studies on Geography and Spatial Planning (CEGOT) and Department of Geography and Tourism,
Faculty of Arts and Humanities, Colégio de São Jerónimo, University of Coimbra, Coimbra, 3004 ‐530, Portugal;
bInstituto de Geogra ﬁa e Ordenamento do Território (IGOT), Universidade de Lisboa, Rua Branca Edmée
Marques, Lisbon, 1600-274, Portugal
ABSTRACT
The last two decades have witnessed a growing trend towards
transit-oriented development (TOD) as a critical approach for
achieving sustainable mobility. However, some analysts and
community activists have expressed concerns that TOD could
induce gentri ﬁcation and potential concomitant low-income
group displacements. This paper presents a systematic review of
35 quantitative research-based studies presenting evidence on
gentriﬁcation outcomes resulting from transit-based interventions,
published between 2000 and 2018. To our knowledge, this is the
ﬁrst systematic review on this topic and thus provides a useful
synthesis of current empirical evidence on transit-induced
gentriﬁcation. Although there is some evidence supporting the
transit-induced gentri ﬁcation hypothesis, methodological ﬂaws
render many of the studies ’ conclusions highly questionable. The
ﬁndings suggest that gentri ﬁcation is more closely associated with
existing local dynamics, built environment attributes, and
accompanying policies than transit-oriented development. In its
critical analysis of research approaches, this paper warns that the
incorporation of several sources of bias into study designs may
engender a number of misinterpretations, thus ultimately leading
to misguided conclusions and policies.
ARTICLE HISTORY
Received 10 July 2018
Accepted 25 June 2019
KEYWORDS
Public transportation;
sustainable mobility; transit-
oriented development;
gentriﬁcation; displacement
Introduction
Since the 1987 Brundtland Commission report and the 1992 Rio Conference, the sustainabil-
ity concept has been widely used as a policy guide to develop strategies for more reasonable
uses of renewable resources. Meanwhile, awareness has been growing on the contribution
of urban transport and mobility to major environmental externalities, and the development
of demand management programmes has striven to reduce the mobility footprint through
modal shifts and the reduction of automobile dependence (Banister, 2008).
© 2019 The Author(s). Published by Informa UK Limited, trading as Taylor & Francis Group
This is an Open Access article distributed under the terms of the Creative Commons Attribution License ( http://creativecommons.org/
licenses/by/4.0/), which permits unrestricted use, distribution, and reproduction in any medium, provided the original work is properly cited.
CONTACT Miguel Padeiro jmnp@uc.pt Centre of Studies on Geography and Spatial Planning (CEGOT) and
Department of Geography and Tourism, Faculty of Arts and Humanities, Colégio de São Jerónimo, University of Coimbra,
Coimbra, 3004‐530, Portugal
Supplemental data for this article can be accessed https://doi.org/10.1080/01441647.2019.1649316
TRANSPORT REVIEWS
2019, VOL. 39, NO. 6, 733 –754
https://doi.org/10.1080/01441647.2019.1649316
Transit-oriented development (TOD) is among the most popular interventions for redu-
cing the mobility footprint, thus making it a critical component of smart growth and new
urbanism. Relying on compact, transit-oriented growth patterns around train, light-rail or
metro stations, TOD aims to promote a modal shift and reduce automobile dependence,
while also enhancing neighbourhoods ’liveability, which is a multidimensional and rather
vague concept encompassing healthy, safe, and comfortable environments, quality and
aesthetics of public spaces, as well as expanded social and economic opportunities (for
a comprehensive deﬁnition, see Southworth, 2003). However, TOD might also induce gen-
triﬁcation and concomitant low-income group displacement, and some",
DOTS América Latina,5 DOT y planeación urbana (Gregor Wessels)/DOTS América Latina/2021_DOTS_SantaFe.pdf,2021_DOTS_SantaFe.pdf,11760370,18,10.5821/siiu.10156.docx,,VALORACIÓN DEL ENTORNO DE UNA ESTACIÓN FERROVIARIA,,2017,,,,10.5821/siiu.10156,spa,"DOI: 10.5821/siiu.10156
VALORACIÓN DEL ENTORNO DE UNA ESTACIÓN FERROVIARIA
INACTIVA MEDIANTE ESTÁNDAR DOT
Avance metodológico para el caso del Gran Santa Fe (Argentina)
Evaluation of the area of an inactive railway station by using TOD Standard
Methodological advance for the case of Santa Fe Area (Argentina)
Autores:
María Alejandra Saus y Andrés Ignacio Aguirre
RESUMEN
Las
dinámicas
capitalistas
inciden
peculiarmente
en
ciudades
intermedias
latinoamericanas.
Aquí
proliferan
lógicas
inmobiliarias
tendientes
a
una
expansión
urbana
dual:
vertical/horizontal.
Ésta
contribuye
a
incrementar
las
injusticias
espaciales,
la
congestión
del
tráfico
y
los
desplazamientos
individuales.
El
Desarrollo
Orientado
al
Transporte
(DOT)
propone
herramientas
para
planificar
conjuntamente
los
usos
del
suelo
y
el
transporte,
aunque
resultan
políticas
urbanas
de
compleja
implementación.
El
trabajo
realiza
un
diagnóstico
del
modelo
de
crecimiento
en
el
Gran
Santa
Fe
(Argentina)
y
sus
posibles
secuelas
en
el
aumento
del
uso
del
automóvil
particular
y
la
ineficiencia
del
transporte
público.
El
objetivo
es
implementar,
en
dicho
caso
de
estudio,
una
evaluación
cuantitativa
mediante
ESTANDAR
DOT
v.
3.0,
a
fin
de
ofrecer
alternativas
para
un
desarrollo
sostenible.
En
base
a
esa
metodología
se
estudia
el
área
circundante
a
una
estación
ferroviaria
desafectada
para
analizar
sus
fortalezas
y
debilidades
expuestas
en
los
resultados
preliminares de la ponencia.
Palabras clave:
desarrollo urbano, transporte público,
justicia espacial, evaluación cuantitativa
Bloque temático:
Justicia Espacial y Ordenamiento
Territorial
ABSTRACT
The
dynamics
of
capitalism
have
a
peculiar
impact
on
middle
size
Latin
American
cities.
Here,
the
real
estate
logics
proliferate
and
create
a
dual
urban
expansion:
vertical/horizontal.
That
expansion
contributes
to
increase
spatial
injustices,
traffic
congestion
and
individual
travels.
Transport
Oriented
Development
(TOD)
proposes
some
tools
to
plan
both:
land
use
and
transport,
although
the
urban
policies
are
very
complex.
The
work
makes
a
diagnosis
of
the
growth
model
in
Santa
Fe
Area
(Argentina)
and
its
possible
consequences
in
the
use
of
private
cars
and
the
inefficiency
of
public
transport.
The
objective
of
the
presentation
is
to
implement
a
quantitative
evaluation
by
using
STANDARD
DOT
v.
3.0,
in
order
to
offer
alternatives
for
a
sustainable
development.
Based
on
that
methodology,
the
paper
studies
the
area
of
an
inactive
railway
station
to analyse its strengths and weaknesses in the preliminary results of this presentation.
Keywords:
urban development, public transport,
spatial
injustices, quantitative evaluation
SIIUXIII
This
work
is
licensed
under
a
Creative
Commons
License
CC
BY-NC-ND
4.0

DOI: 10.5821/siiu.10156
Topic:
Spatial Justice and Territorial Planning
SIIUXIII
This
work
is
licensed
under
a
Creative
Commons
License
CC
BY-NC-ND
4.0
DOI: 10.5821/siiu.10156
Introducción
Las
dinámicas
capitalistas
inciden
en
la
producción
y
reproducción
del
espacio
urbano
de
un
modo
peculiar
en
ciudades
intermedias
de
América
Latina.
En
estas
predominan
lógicas
inmobiliarias
y
escasas
regulaciones,
ambas
inductoras
de
una
expansión
urbana
dual
-vertical
y
horizontal-
con
aglomerados
que
se
extienden
más
a
causa
de
la
especulación
que
del
crecimiento
demográfico.
Las
áreas
centrales
se
densifican
y
aumentan
su
valor
comercial,
expulsando
a
las
clases
medias
y
bajas
hacia
un
hábitat
periférico
y
difuso
con
escasas
dotaciones
de
servicios
que
profundizan
la
segregación
socio
espacial.
Al
considerar
algunas
secuelas
de
ese
fenómeno
sobre
la
movilidad
urbana,
notamos
que
en
zonas
compactas
hay
congestión
del
tránsito,
mientras
los
sectores
periféricos
dispersos
son
ineficientes
para
garantizar
el
servicio
de transporte público.
En
la
búsqueda
de
alternativas
para
esos
dilemas
abordamos
la
variable
espacial
que
suele
considerarse
una
dimensión
“externa”,
poniendo
el
eje
en
el
Desarrollo
Orientado
al
Transporte
(DOT)
y
utilizando
la
metodología
del
ESTANDAR
DOT
v.
3.0
(ITDP,
2017).
Dicho
concepto
ofrece
herramientas
capaces
de
vincular
usos
del
suelo
y
movilidades,
proponiendo
urbanizaciones
con
densidades
mixtas
y
articuladas
a
los
corredores
de
autobuses
o
trenes
de
cercanías.
Siendo
el
ejemplo
de
Curitiba
(Brasil)
un
referente
de
la
implementación
de
esos
instrumentos
con
relativo
éxito,
el
objetivo
del
trabajo
es
evaluar
la
factibilidad
de
introducirlos
en
Santa
Fe
(Argentina).
Esta
ciudad
intermedia
y
su
aglomerado
(GSF)
definen
un
modelo
del
tipo
compacto/disperso,
con
un
notable
aumento
reciente
del
parque
automotor
y
mala
calidad
del
transporte
público.
Asumiendo
que
el
Estándar
propone
una
metodología
cuantitativa
que
deberá
en
el
futuro
complementarse
con
otros
abordajes
cualitativos,
dicho
método
servirá
ahora
para
realizar
una
evaluación
preliminar
de
las
fortalezas
y
debilidades
de
una
estación
ferroviaria
desafectada,
pero
con
potencialidad
para devenir un nodo de transporte público.
Tras
el
despliegue
del
marco
teó",
DOTS América Latina,5 DOT y planeación urbana (Gregor Wessels)/DOTS América Latina/2021_DOTS_tren_Santiago.pdf,2021_DOTS_tren_Santiago.pdf,2616427,12,,,ESTACIONES COMO NODOS Y LUGARES EL POTENCIAL DEL TREN PARA EL,"ejemplo, como estrategia para mejorar el acceso a",2021,"Profesor asistente, Instituto de Estudios Urbanos y Territoriales & Centro de Desarrollo Urbano Sustentable",,,10.22320/07183607.2021.24.43.08,spa,"ESTACIONES COMO NODOS Y LUGARES EL POTENCIAL DEL TREN PARA EL 
DESARROLLO URBANO ORIENTADO AL TRANSPORTE EN SANTIAGO, CHILE
GIOVANNI VECCHIO
REVISTA URBANO Nº 43 / MAYO 2021 - OCTUBRE 2021
 PÁG. 84 - 95
ISSN  0717 - 3997 /  0718 - 3607
84
GIOVANNI VECCHIO 2
Artículo financiado por CEDEUS - Centro de Desarrollo Urbano Sustentable (ANID/FONDAP/15110020)
Doctor en Planificación Urbana, Diseño y Políticas
Pontificia Universidad Católica de Chile, Santiago, Chile.
Profesor asistente, Instituto de Estudios Urbanos y Territoriales & Centro de Desarrollo Urbano Sustentable
https://orcid.org/0000-0002-5920-1507
giovanni.vecchio@uc.cl  
TRAIN STA TIONS AS NODES AND PLACES: THE POTENTIAL OF TRAINS FOR 
TRANSIT-ORIENTED URBAN DEVEL OPMENT IN SANTIAGO , CHILE
DOI: https://doi.org/10.22320/07183607.2021.24.43.08
1
2
Recibido: 25-11-2020  
Aceptado: 06-05-2021
ESTACIONES COMO 
NODOS Y LUGARES
EL POTENCIAL DEL TREN P ARA EL DESARROLL O 
URBANO ORIENTADO AL TRANSPORTE EN 
SANTIAGO , CHILE1 
ESTACIONES COMO NODOS Y LUGARES EL POTENCIAL DEL TREN PARA EL 
DESARROLLO URBANO ORIENTADO AL TRANSPORTE EN SANTIAGO, CHILE
GIOVANNI VECCHIO
REVISTA URBANO Nº 43 / MAYO 2021 - OCTUBRE 2021
 PÁG. 84 - 95
ISSN  0717 - 3997 /  0718 - 3607
85
In Latin American cities, the train has played a less relevant role in recent decades as a structuring element of urban 
development. As with other means of mass transportation, railroads can be the object of strategies that foster the integration of 
public transport and land use, to guide urban development towards more sustainable futures. Considering that in Chile suburban 
rail services are gradually being reactivated around the main cities, it is worth asking whether rail transport can contribute to 
forms of transport-oriented urban development in the Chilean context as well. In this way, this article actually explores the urban 
role of train stations and their potential as options of transit-oriented development. Focusing on the case of Santiago, the article 
analyzes train stations by applying the node-place model, which examines each of them based on their role as a node (i.e., how 
many destinations they allow reaching) and as a place (considering the diversity and intensity of activities that take place in their 
vicinity). The results show the limited urban role that railway stations play in the context of Chilean capital, highlighting a certain 
homogeneity with respect to the levels of accessibility or the appeal of the urban environments of each station. The application 
of the node-place model shows that the train has an untapped potential for the urban development of the places it crosses 
throughout Santiago, and confirms the potential role of stations as small polarities at the neighborhood and municipal scale.
Keywords: railway stations, railways, trains, urban planning, urban transport
En las últimas décadas, el tren ha jugado un rol poco relevante como elemento estructurante del desarrollo urbano en las 
ciudades de América Latina. Al igual que otros modos de transporte masivo, el ferrocarril puede ser objeto de estrategias 
que fomenten la integración del transporte público y del uso del suelo, para encauzar el desarrollo urbano hacia futuros más 
sustentables. Considerando que en Chile se están gradualmente reactivando servicios ferroviarios de cercanía alrededor de 
las principales ciudades, cabe preguntarse si el transporte ferroviario puede también aportar a formas de desarrollo urbano 
orientado al transporte en el contexto chileno. Así, este artículo explora precisamente el rol urbano de las estaciones y su 
potencial para opciones de desarrollo orientado al transporte. Enfocándose en el caso de Santiago, el trabajo analiza las 
estaciones a través del modelo node-place, que examina cada estación en base a su rol como nodo (es decir, a cuántos 
destinos permite alcanzar) y como lugar (considerando diversidad e intensidad de las actividades que se dan en sus 
inmediaciones). Los resultados muestran el limitado rol urbano que las estaciones ferroviarias cumplen en la capital chilena, 
evidenciando cierta homogeneidad respecto a los niveles de accesibilidad o a la atractividad de los entornos urbanos de cada 
estación. La aplicación del modelo nodo-lugar demuestra que el tren tiene un potencial no aprovechado para el desarrollo 
urbano de los entornos que atraviesa en Santiago y confirma el rol potencial de las estaciones como pequeñas polaridades a 
escala barrial y comunal.
Palabras clave:  estaciones de ferrocarril, ferrocarriles, trenes, planificación urbana, transporte urbano
ESTACIONES COMO NODOS Y LUGARES EL POTENCIAL DEL TREN PARA EL 
DESARROLLO URBANO ORIENTADO AL TRANSPORTE EN SANTIAGO, CHILE
GIOVANNI VECCHIO
REVISTA URBANO Nº 43 / MAYO 2021 - OCTUBRE 2021
 PÁG. 84 - 95
ISSN  0717 - 3997 /  0718 - 3607
86
I. INTRODUCCIÓN
La integración del transporte público y del uso del suelo 
es clave para encauzar el desarrollo urbano hacia futuros 
más sustentables. Estrategias ",
DOTS América Latina,5 DOT y planeación urbana (Gregor Wessels)/DOTS América Latina/2022_DOTS__Costa_Rica.pdf,2022_DOTS__Costa_Rica.pdf,6665937,208,Microsoft Word - 20221003 Documento final - formato SEP,Enoc,UNIVERSIDAD DE COSTA RICA,Enoc,2022,Tesis sometida a la consideración de la Comisión del Programa de Estudios de,,,,spa,"UNIVERSIDAD DE COSTA RICA  
 
SISTEMA DE ESTUDIOS DE POSGRADO 
 
 IMPLEMENTACIÓN DEL DESARROLLO ORIENTADO AL TRANSPORTE PÚBLICO 
EN LA GRAN AREA METROPOLITANA UTILIZANDO EL TREN URBANO  
 
 
Tesis sometida a la consideración de la Comisión del Programa de Estudios de 
Posgrado en Ingeniería Civil para optar al grado y título de Maestría 
Académica en Ingeniería en Transporte y Vías 
 
 
ENOC ADOLFO ARAYA PORRAS 
 
Ciudad Universitaria Rodrigo Facio, Costa Rica 
 
2022
 
 
ii 
 
DEDICATORIA 
A Yansy y Bernardo.   
 
 
iii 
 
AGRADECIMIENTO 
A Yansy, por motivarme y ayudarme a concluir esta etapa. 
A mi director de tesis, Jonathan Agüero Valverde Ph.D y mis asesores Rosendo 
P u j o l  M e s a l l e s  P h . D  y  H e n r y  V a l v e r d e  V e g a  M s . C .  G r a c i a s  p o r  s u s 
recomendaciones y tiempo invertido en este proyecto. 
A Esteban, por ayudarme, inclusive en bici, a “medir calles”. 
A mis padres, por enseñarme la importancia de la educación en el ser 
humano.   
 
 
iv 
 
Esta Tesis fue aceptada por la Comisión del Programa de Estudios de Posgrado en Ingeniería Civil 
de la Universidad de Costa Rica, como requisito parcial para optar por el grado y título de Maestría 
Académica en Ingeniería en Transporte y Vías 
 
 
 
____________________________________________ 
Ph.D. Jose Pablo Aguiar Moya 
Representante de la Decana  
Sistema de Estudios de Posgrado   
 
 
 
____________________________________________ 
Ph.D. Jonathan Agüero Valverde 
Director de la tesis 
 
 
 
____________________________________________ 
Ph.D. Rosendo Pujol Mesalles 
Asesor 
 
 
 
____________________________________________ 
M.Sc. Henry Hernández Vega 
Asesor 
 
 
 
____________________________________________ 
M.Sc. Wendy Sequeira Rojas 
Representante del Director del Programa  
Programa de Posgrado de Ingeniería Civil 
 
 
 
____________________________________________ 
Enoc Adolfo Araya Porras 
Sustentante 
 
 
v 
 
TABLA DE CONTENIDOS 
PORTADA ………………………………………………………………………………………………………………………………………..i 
DEDICATORIA ...................................................................................................................................... ii 
AGRADECIMIENTO ..............................................................................................................................  iii 
HOJA DE APROBACIÓN ………………………………………………………………………………………………………………….iv 
TABLA DE CONTENIDOS ...................................................................................................................... v 
RESUMEN ..........................................................................................................................................  viii 
TABLA DE CUADROS  ............................................................................................................................  ix 
TABLA DE FIGURAS  ..............................................................................................................................  xi 
CAPÍTULO I: Introducción  .................................................................................................................... 1 
1.1  Justificación ............................................. ............................................................................ 1 
1.2  Problema específico ....................................... ..................................................................... 3 
1.3  Importancia ............................................... .......................................................................... 3 
1.4  Antecedentes teóricos y prácticos del problema  ............ .................................................... 4 
1.5  Objetivos ................................................. ............................................................................ 5 
1.5.1  Objetivo general  ........................................ .................................................................. 5 
1.5.2  Objetivos  específicos  ................................................................................................... 5 
1.6  Formulación  de hipótesis .................................................................................................... 5 
1.7  Delimitación del problema  ................................. ................................................................. 5 
1.7.1  Alcance y limitaciones .................................. ............................................................... 5 
CAPÍTULO II: Marco teórico  ................................................................................................................. 8 
2.1 Integración de los sistemas de transporte y el uso del suelo ................................................... 8 
2.2.1  Reducción de la dependencia al vehículo privado ......... ............................................. 8 
2.1.2  Barreras para la integració n de los sistemas de transporte y el uso del suelo en 
países en desarrollo .......",
DOTS América Latina,5 DOT y planeación urbana (Gregor Wessels)/DOTS América Latina/2022_DOTS_Salta.pdf,2022_DOTS_Salta.pdf,685148,28,GALINDO_Ricardo_Tesis_SaltaDOT .docx,,Plan,,2022,,,,,spa,"Plan
de
internacionalización
de
la
ciudad
de
Salta
mediante
el
Desarrollo
Orientado
al
Transporte
Autor:
Ricardo
Galindo
Anaya-Ferrel
DNI:
47249428
Legajo:
RIN
01377
Licenciatura
en
Relaciones
Internacionales
Córdoba-Argentina,
2022

2
Índice
Contenido
Índice
2
Abstract
3
Introducción
4
Análisis
de
la
situación
7
Análisis
del
contexto:
7
Análisis
político:
7
Análisis
social:
9
Análisis
económico:
9
Análisis
ecológico:
10
Diagnostico
organizacional:
10
Marco
teórico
12
Diagnóstico
y
discusión
14
Plan
de
implementación
16
Acciones
concretas
y
marco
de
tiempo:
18
Evaluación
de
la
propuesta:
20
Conclusiones
y
recomendaciones
21
Referencias
23
3
Resumen
Partiendo
de
las
necesidades
de
las
ciudades
para
expandirse
y
la
creciente
importancia
que
tiene
el
medio
ambiente
y
el
cuidado
que
requiere,
en
este
trabajo
se
encuentra
como
problema
las
emisiones
GEI
por
parte
del
transporte
público,
la
falta
de
uso
de
transportes
sustentables
y
el
tráfico
encontrado
en
la
ciudad
de
Salta.
A
pesar
de
ello,
luego
de
un
análisis,
se
visualiza
la
existencia
de
una
voluntad
política
para
iniciar
una
transformación
sustentable.
Como
consecuencia,
se
elabora
un
Plan
de
Internacionalización
que
pretende
implementar
un
sistema
estructural
basado
en
el
desarrollo
orientado
al
transporte
con
el
objetivo
de
implementar
el
modelo
Bus
Rapid
Transit
y
conectar
los
90
km
de
ciclovía
presentes
en
la
ciudad
de
Salta.
Este
trabajo
además
de
tener
en
cuenta
las
prácticas
previamente
descritas
toma
como
teoría
principal
la
paradiplomacia
ya
que
plantea
la
incorporación
de
Salta
a
la
red
de
ciudades
cities
for
mobility
que
promueve
la
movilidad
sostenible
y
el
transporte
público
eficiente
en
ciudades
de
todo
el
mundo.
Palabras
clave:
Desarrollo
orientado
al
transporte
(DOT)
-
Bus
Rapid
Transit
(BRT)
-
Paradiplomacia
-
Salta
-
Ciudades
sustentables
Abstract
Based
on
the
needs
of
cities
to
expand
and
the
growing
importance
of
the
environment
and
the
care
it
requires,
this
work
identifies
as
a
problem
GHG
emissions
from
public
transport,
the
lack
of
use
of
sustainable
transport
and
the
traffic
found
in
the
city
of
Salta.
Despite
this,
after
an
analysis,
the
existence
of
a
political
will
to
initiate
a
sustainable
transformation
is
visualized.
As
a
consequence,
an
Internationalization
Plan
is
drawn
up
that
aims
to
implement
a
structural
system
based
on
transport-oriented
development
with
the
aim
of
implementing
the
Bus
Rapid
Transit
model
and
connecting
the
90
km
of
bike
lanes
present
in
the
city
of
Salta.
In
addition
to
taking
into
account
the
previously
described
practices,
this
work
takes
paradiplomacy
as
its
main
theory,
as
it
proposes
the
incorporation
of
Salta
into
the
cities
for
mobility
network,
which
promotes
sustainable
mobility
and
efficient
public
transportation
in
cities
worldwide.
Key
words:
Transport
oriented
development
(TOD)
-
Bus
Rapid
Transit
(BRT)
-
Paradiplomacy
-
Salta
-
Sustainable
Cities
4
Introducción
El
presente
trabajo
final
de
grado
detalla
la
importancia
de
la
implementación
del
Desarrollo
Orientado
al
Transporte
(DOT,
de
ahora
en
adelante)
en
la
ciudad
de
Salta.
El
DOT
surge
como
un
concepto
para
describir
la
coordinación
del
desarrollo
del
suelo
con
inversiones
en
transporte
público,
este
tipo
de
desarrollo
no
revaloriza
el
suelo
por
sí
solo,
sino
que
promueve
las
condiciones
que
permiten
un
mejor
aprovechamiento
del
mismo.
Esto
sucede
debido
a
una
planificación
urbana
que
promueve
la
concentración
del
desarrollo
de
infraestructuras
en
torno
a
las
estaciones
de
la
red
de
transporte
público,
estas
infraestructuras
ya
sean
habitacionales,
comerciales
o
servicios
aumentan
la
demanda
y
el
atractivo
de
las
opciones
de
viaje
sostenible
en
las
que
se
incluye
el
transporte
público,
junto
con
el
ciclista
y
el
peatón.
El
cuidado
del
medioambiente
es
un
tema
que
se
encuentra
en
la
mayoría
de
las
agendas
de
las
ciudades,
en
el
último
informe
medioambiental
de
la
IPCC
(Panel
Intergubernamental
de
Expertos
sobre
el
Cambio
Climático)
se
afirman
que
de
no
actuar
ahora
los
daños
producidos
por
la
contaminación
serán
irreversibles.
Es
por
esto
que
la
búsqueda
del
desarrollo
de
una
forma
amigable
con
el
medioambiente
toma
una
gran
importancia,
mediante
el
DOT
se
busca
reducir
la
contaminación
proveniente
de
los
automóviles
proponiendo
una
alternativa
viable,
el
uso
del
transporte
público
o
medios
de
transporte
limpios
como
es
la
bicicleta.
Debido
al
aumento
de
la
población
y
la
concentración
de
personas
en
los
espacios
urbanos
es
importante
contar
con
una
planificación
urbana
que
se
adapte
a
los
desafíos
actuales
y
que
logre
la
recuperación
y
revalorización
de
zonas
urbanas
deprimidas
o
deterioradas.
Haciendo
uso
de
la
paradiplomacia
se
busca
internacionalizar
a
la
ciudad
de
Salta
relacionándola
con
la
red
de
ciudades
Cities
for
Mobility
que
brindara
apoyo
técnico
en
el
saber-como
para
implementar
el
desarrollo
orientado
al
transporte.
5
Fundada
en
2007,
Cities
for
Mobility
se
originó
como
una
plataforma
para
facilitar
el
intercambio
de
co",
DOTS América Latina,5 DOT y planeación urbana (Gregor Wessels)/DOTS América Latina/2022_Factores_BRT_Latam.pdf,2022_Factores_BRT_Latam.pdf,955811,49,,,Diego Rafael Roberto Cabrera-Moya*,,2022,,,,10.24201/edu.v37i3.2048,spa,"D.R. © 2022. Estudios Demográficos y Urbanos
Licencia Creative Commons Atribución-NoComercial-Sin Derivar (CC BY-NC-ND) 4.0 Internacional
Estudios Demográficos y Urbanos
vol. 37, núm. 3 (111), septiembre-diciembre, 2022, pp. 839-887
ISSN 0186-7210; e ISSN 2448-6515; http://dx.doi.org/10.24201/edu.v37i3.2048
Artículos
Factores determinantes de la relación  
entre la localización de las empresas, la dinámica  
del transporte público tipo BRT y el desarrollo urbano
Determining factors of the relationship between the 
locations of the companies, the dynamics of public 
transport BRT-type and urban development
Diego Rafael Roberto Cabrera-Moya*
Resumen
La literatura asociada con la nueva geografía urbana y con la teoría 
de las economías de aglomeración intenta explorar y explicar la re-
lación del desarrollo económico y urbano de las ciudades con sus 
habitantes y con las organizaciones como actores esenciales de esta 
interacción.
En ese sentido, y como resultado del objetivo central, se presen-
tan los hallazgos de la revisión bibliográfica actualizada sobre la 
problemática que surge de las dinámicas de interacción entre los sis-
temas de transporte BRT, el territorio y las decisiones de ubicación 
geográfica de las empresas. De esta manera se propone un aporte 
específico a la reflexión actual sobre la relación entre el transpor -
te público masivo, el espacio urbano y el papel de los fundamentos 
de esta teoría.
* Universidad Jorge Tadeo Lozano, Facultad de Ciencias Económicas y Admi-
nistrativas. Dirección: Cra. 4, núm. 22-61, Bogotá, Cundinamarca, Colombia. 
Correo: diegor.cabreram@utadeo.edu.co ORCID: https://orcid.org/0000-0002-
8942-4437
840 CABRERA-MOYA  
Estudios Demográficos y Urbanos, vol. 37, núm. 3 (111), septiembre-diciembre, 2022, pp. 839-887
http://dx.doi.org/10.24201/edu.v37i3.2048
Esta revisión permitió analizar dicha relación desde sus dimen-
siones económicas, espaciales, sociales y urbanas, abordando las 
principales propuestas teóricas y empíricas disponibles en plantea -
mientos recientes de la literatura. En la segunda sección del artícu-
lo se presenta una síntesis de los resultados de la revisión 
actualizada y exhaustiva de la bibliografía empírica, que parte de 
la obra de Lampón Caride (2011), para proponer un marco de aná-
lisis de los factores determinantes sobre la relación entre la locali -
zación de las empresas, la dinámica del transporte y el desarrollo 
urbano. En la sección final se presenta un análisis de la problemá -
tica y la interacción entre el transporte público BRT, el territorio 
y la economía urbana, analizados bajo la óptica del desarrollo 
orientado al transporte (DOT), ejemplificado en los sistemas de Cu-
ritiba en Brasil, Bogotá en Colombia, Ciudad de México y Santiago 
en Chile.
Como aporte principal se propone la existencia de una relación 
entre el territorio y la localización de las empresas que, a su vez, se 
ve influenciada por la dinámica del transporte público, la movilidad, 
el desarrollo urbano, y por la evolución económica de las ciudades, 
detallada a partir de sus dimensiones económicas, espaciales, socia-
les y urbanas.
Palabras clave: accesibilidad, Bogotá, decisiones de ubicación 
geográfica de empresas, economías de aglomeración, sistemas de 
transporte público masivo tipo BRT.
Abstract
The literature associated with the new urban geography and with the 
agglomeration economies theory attempts to explore and explain 
the relationship of the economic and urban development of cities 
with their inhabitants and with organizations as essential actors in 
this interaction.
In this sense and as a result of the central objective, the findings 
of the updated bibliographic review on the problems that arise from 
the dynamics of interaction between the BRT transport systems, the 
territory and the decisions of geographical location of the compa -
nies are presented. In this way, a specific contribution and current 
 FACTORES DETERMINANTES DE LA RELACIÓN     841
Estudios Demográficos y Urbanos, vol. 37, núm. 3 (111), septiembre-diciembre, 2022, pp. 839-887
http://dx.doi.org/10.24201/edu.v37i3.2048
reflection on the relationship between mass public transport, urban 
space and the role of the foundations of this theory is proposed.
This review made it possible to analyze this relationship from its 
economic, spatial, social and urban dimensions, addressing the main 
theoretical and empirical proposals available in recent literature. In 
the second section of the article, a synthesis of the results of the up -
dated and exhaustive review of the empirical bibliography is present-
ed, which starts from the work of Lampón Caride (2011), to propose 
a framework for the analysis of determining factors on the relation -
ship between location of companies, transport dynamics and urban 
development. In the final section, an analysis of the problem and in-
teraction between BRT public transport, the territory and the urban 
economy is presented, analyzed from th",
DOTS América Latina,5 DOT y planeación urbana (Gregor Wessels)/DOTS América Latina/2023_BRT_Quito.pdf,2023_BRT_Quito.pdf,867192,19,,,1vol 49 | no 148 | septiembre 2023 | pp. 1-19 | artículos | ©EURE,,2023,"circular de las relaciones entre la organización espacial, los medios de transporte y",,,10.7764/eure.49.148.11,spa,"1vol 49  |  no 148  |  septiembre 2023  |  pp. 1-19  |  artículos   |  ©EURE
Entorno urbano, densidad poblacional 
y uso del Sistema de Autobuses de 
Transporte Rápido en Quito
Alba Núñez. Universitat Politècnica de València, Valencia, España.
resumen | En este artículo se examina la relación entre las variables urbanísticas y el 
número de pasajeros que acceden caminando a las estaciones del Sistema de Autobu-
ses de T ransporte Rápido (brt, por sus siglas en inglés) de Quito, Ecuador. Para ello se 
construye un modelo de estimación directa de la demanda, que se apoya en Sistemas 
de Información Geográfica, a fin de delimitar el área de servicio y calcular sus caracte-
rísticas urbanísticas dentro de un umbral de distancia peatonal de seiscientos metros; 
también se emplea un modelo de regresión lineal múltiple para explicar el número de 
entradas por estación en función del entorno urbano. Los resultados muestran que el 
número de ingresos mantiene correlación con la densidad de la red, el uso de suelo, el 
índice de la forma, el ancho de la acera y la distancia al centro de negocios, mientras 
que la densidad de la población no resulta significativa.
palabras clave | modelos de transporte, transporte urbano, morfología urbana.
abstract | This paper examines the relationship between urban variables and the number 
of passengers who walk to the Bus Rapid Transit (brt) system stations in Quito, Ecuador. 
For this purpose, a direct estimation model of demand is built, which relies on Geographic 
Information Systems to delimit the service area and calculate its urban characteristics 
within a pedestrian distance threshold of six hundred meters; in addition, a multiple linear 
regression model is applied to explain the number of entries per station depending on the 
urban environment. The results show that the number of entries correlates with network 
density, land use, shape index, sidewalk width and distance to the business center, while 
population density is not significant.
keywords | transportation models, urban transportation, urban morphology.
Recibido el 23 de marzo de 2022, aprobado el 11 de mayo de 2022.
E-mail: anuez@doctor.upv.es
doi: 10.7764/eure.49.148.11  |  issn digital 0717-6236
2
©EURE | vol 49  |  n o 148  |  septiembre 2023  |  pp. 1-19
Introducción
La creciente importancia otorgada a las relaciones entre las zonas periféricas y las 
zonas centrales, así como el aumento de la circulación vehicular, supone transfor -
maciones en el actual modelo de ciudad. Tales cambios, en la mayoría de los casos, 
tienen que adaptarse a un contexto ya existente. Por ello, resulta pertinente realizar 
un acercamiento a aquellos planteamientos urbanos en los que se afirma el carácter 
circular de las relaciones entre la organización espacial, los medios de transporte y 
la movilidad.
Al respecto, en numerosos estudios se analiza la demanda del transporte en 
función del entorno urbano, sea que este forme parte o no de un tipo de morfología 
urbana orientada al transporte público. Los hallazgos de tales pesquisas muestran 
que las variables urbanísticas influyen en el transporte público. Así, la densidad, la 
diversidad, el diseño y la accesibilidad mantienen significancia en el cálculo de la 
demanda tanto en transportes sobre rieles (Cardozo et al., 2010; Chan & Miranda-
Moreno, 2013; Choi et al., 2012; Loo et al., 2010; Sohn & Shim, 2010) como en 
los sistemas brt (Cervero & Dai, 2014; Estupiñán & Rodríguez, 2008; Rodríguez 
& Vergel-T ovar, 2017). El resultado significativo de tales procedimientos depende, 
entre otros, de aspectos como el contexto y el tipo de sistema de transporte.
Con base en estas diferencias y a fin de contribuir a esta línea de investigación, 
en este artículo se propone como objetivo analizar la influencia del entorno urbano 
en la demanda del Sistema de Autobuses de T ransporte Rápido ( brt, por sus siglas 
en inglés) en Quito, Ecuador. Se consideró la situación de 42 estaciones brt durante 
el año 2016. A partir de las variables urbanísticas tomadas del entorno inmediato 
a dichas estaciones, se trata de explicar el número de pasajeros que ingresan a pie 
a cada una de las estaciones (es decir, los usuarios que mantienen contacto con el 
entorno). Para el cálculo, se emplea un modelo de estimación directa, el cual se 
apoya en las capacidades de los Sistemas de Información Geográfica ( siG) y en las 
técnicas de análisis estadístico (regresión múltiple).
Desde este enfoque, el interés del artículo es doble. Por un lado, se enfatizan 
las relaciones entre las variables urbanísticas y el uso del brt, intentando explicar 
a partir de ellas el mayor o menor número de entradas a las estaciones, lo cual es 
indispensable en un sistema que registra un elevado número de ingresos peatonales, 
como es el caso del brt de Quito. Por otro lado, esta forma de calcular la demanda 
constituye una herramienta necesaria tanto para los planificadores del transporte 
como para los planificadores u",
DOTS América Latina,5 DOT y planeación urbana (Gregor Wessels)/DOTS América Latina/2023_TODS_literature_review.pdf,2023_TODS_literature_review.pdf,1075094,9,Open Access proceedings Journal of Physics: Conference series,George Evans,Open Access proceedings Journal of Physics: Conference series,George Evans,2023,,,,10.1088/1755-1315/1141/1/012002,eng,"IOP Conference Series: Earth and Environmental Science
PAPER • OPEN ACCESS
Transportation Oriented Development Method:
literature review
To cite this article: Julio Vega et al 2023 IOP Conf. Ser.: Earth Environ. Sci. 1141 012002
 
View the article online for updates and enhancements.
You may also like
Determining the potential for Transit
Oriented Development along the MRT
Jakarta corridor
W Budiati, A B Grigolon, M J G Brussel et
al.
-
Towards Sustainable Transportation:
Identification of Development Challenges
of TOD area in Jakarta Metropolitan Area
Urban Railway Projects
A Rosalin, B Kombaitan, D Zulkaidi et al.
-
Development Of Transit Oriented
Development (TOD) in Semarang City
A C Kristianto, Ismiyati and B H Setiadji
-
 
This content was downloaded from IP address 190.24.107.93 on 12/01/2024 at 22:02
Content from this work may be used under the terms of the Creative Commons Attribution 3.0 licence. Any further distribution
of this work must maintain attribution to the author(s) and the title of the work, journal citation and DOI.
Published under licence by IOP Publishing Ltd
Congress on Sustainability, Energy and City 2022
IOP Conf. Series: Earth and Environmental Science 1141 (2023) 012002
IOP Publishing
doi:10.1088/1755-1315/1141/1/012002
1
Transportation Oriented Development Method: literature 
review 
Julio Vega1, Robinson Balcázar1 and Xavier Guerra2 
1 Carrera de Arquitectura, Facultad de Arquitectura y Construcción, Universidad 
Indoamérica, Quito 170103, Ecuador
2 Escuela Politécnica Nacional (EPN), Quito, Ecuador 
juliovega@uti.edu.ec. (J. Vega-Betancourt); robinsonbalcazar@uti.edu.ec (R. 
Balcázar Basantes); xavi.alejandro.guerra@gmail.com (X. Guerra Sarche) 
Abstract. Cities are a wealth production system that attract more and more people in search of 
a better lifestyle. Migration to cities affects the demand for more housing, services and 
facilities that, in many cases, imply uncontrolled urban growth, an increase in the number of 
vehicles, processes of social segregation and effects on natural systems. Indeed, cities are 
responsible for 70% of greenhouse gas emissions, one of the causes of climate change. 
Transportation Oriented Development (TOD) is an urban planning model that considers higher 
density, mixed land use, promotion of public transportation and also promotes a walkable and 
cycleable environment. This study aims to identify the characteristics of TOD that, from 
various studies, contribute to the construction of a more efficient and equitable city. The 
objective is to identify and define the characteristics that build this urban planning approach. A 
review of the state of the art was carried out in two phases: the first consisted of a bibliometric 
review based on the Vosviewer software and in the second, 28 articles published in high-
impact journals were reviewed according to the Scimago ranking. The results indicate that 
several of the characteristics of TOD overlap in several studies and that others are not 
considered at a general level and should be strengthened. 
1. Introduction
Transport is considered as a structuring tool of cities due to the ability has on urban transformation.
This ability has not been used optimally because in many cases the transport systems do not represent
a structured model [1]. The diffuse city model has several shortcomings in terms of providing urban
services, including transport to peripheral areas. The existence of low -density territories may lead to
greater use of private vehicles. The land -transport relationship serves as a  background of the
Transport-Oriented Development (TOD) representation [2].
TOD is a planning and design strategy that focuses on compact, mixed -use, easy walking, easy 
cycling, and controlled-dense urban development around the public transport stations. [3].   Its concept 
was first introduced by Peter Calthorpe [4], who defined it as a mixed -use community within a 
walkable distance of 2,000 feet (609.6 meters) from a transit stop and central business area. 
The TOD promotes the notion that the location of activities such as: work, business, and housing in 
the immediate environment of public transport stations contributes to the use of public transport and 
non-motorized mobility. It also promotes a compact and mixed city model, in which different land 
Congress on Sustainability, Energy and City 2022
IOP Conf. Series: Earth and Environmental Science 1141 (2023) 012002
IOP Publishing
doi:10.1088/1755-1315/1141/1/012002
2
uses ar e combined: such as residential, services, equipment and commercial, and that adequate 
densities are planned; that is, the building capacity in proportion to the availability of public spaces 
[5]. 
Several positive aspects of TOD are argued as an opportunit y to generate walkable, compact, 
mixed-use urban environments connected to public transport [6], thus promoting a functional city 
model. Although the TOD focuses on an efficient city model, there are investigations w",
DOTS América Latina,5 DOT y planeación urbana (Gregor Wessels)/DOTS América Latina/DOTS Cidades - EMBARQ Brasil.pdf,DOTS Cidades - EMBARQ Brasil.pdf,16470256,134,,,MANUAL DE DESENVOLVIMENTO,,2014,,,,,por,"CIDADES
MANUAL DE DESENVOLVIMENTO 
URBANO ORIENTADO AO 
TRANSPORTE SUSTENTÁVEL
Planejamento
Luis Antonio Lindau, Diretor-Presidente
Daniela Facchini, Diretora de Projetos  
& Operações
Rejane D. Fernandes, Diretora de 
Relações Estratégicas & Desenvolvimento 
CooRDenAção 
nívea oppermann Peixoto, 
Coordenadora de Desenvolvimento Urbano 
equiPe téCniCA
Lara Schmitt Caccia, Especialista em 
Desenvolvimento Urbano
Ariadne Barbosa Samios, 
Desenvolvimento Urbano
ReviSão
Brenda Medeiros, Gerente de Projetos  
de Transporte
Paula Manoela S. da Rocha, 
Coordenadora de Projetos de Transporte
Maria Fernanda Cavalcanti, 
Coordenadora de Comunicação
CooRDenAção eDitoRiAL
Fernanda Boscaini, Gerente  
de Comunicação
PeSquiSA De iMAgenS
Mariana gil, Especialista em  
Comunicação Visual
Luísa Schardong, Comunicação
DiAgRAMAção e ConCeito gRáFiCo
néktar Design
Este manual foi realizado com o apoio 
financeiro da Bloomberg Philanthropies
Novembro de 2014
SUMÁRIO
APReSentAção 
CAPÍtuLo 1 − Desafios e oportunidades do 
desenvolvimento urbano no Brasil
CAPÍtuLo 2 − DotS Cidades
CAPÍtuLo 3 − estratégias de desenho urbano DotS
3.1 Transporte coletivo de qualidade
3.2 Mobilidade não motorizada
3.3 Gestão do uso do automóvel
3.4 Uso misto e edifícios eficientes
3.5 Centros de bairro e pisos térreos ativos
3.6 Espaços públicos e recursos naturais
3.7 Participação e identidade comunitária
CAPÍtuLo 4 − etapas de implementação de uma 
comunidade urbana sustentável
4.1 Identificação de oportunidades
4.2 Definição do contexto
4.3 Definição da visão e das metas
4.4 Diagnóstico normativo e urbano
4.5 Incorporação de estratégias de desenho urbano
4.6 Implementação e acompanhamento
4.7 Avaliação e melhorias
ReFeRÊnCiAS
LiStA De SigLAS
gLoSSáRio
04
06 
14
22
25
36
46
60
72
82
94
104 
106
108
110
112
114
118
120
122
127
128
4
MANUAL DE DESENVOLVIMENTO URBANO ORIENTADO AO TRANSPORTE SUSTENTÁVEL
Atualmente, o Brasil passa pela proliferação 
de projetos e empreendimentos nas 
áreas de mobilidade urbana e habitação, 
incentivados pelos governos federal, dos 
estados e dos municípios, na tentativa de 
suprir o déficit de infraestrutura e moradias 
do país. No entanto, muitos projetos 
são desenvolvidos em zonas periféricas 
distantes, dispersas e desconectadas de 
serviços, trabalho, educação e lazer. É 
fundamental romper certos paradigmas 
dos padrões de construção e urbanização 
comumente adotados, reorientando as 
políticas e estratégias de desenvolvimento 
urbano de forma a integrá-las ao 
planejamento da cidade e seus sistemas 
de transporte.
A EMBARQ Brasil apresenta o DotS 
Cidades - Manual de Desenvolvimento 
urbano orientado ao transporte 
Sustentável com o objetivo de incentivar 
a construção de comunidades urbanas 
sustentáveis no cenário brasileiro. O 
manual consiste em um conjunto de 
recomendações concretas de desenho 
urbano e gestão de fácil compreensão e 
implementação baseadas nos elementos 
da mobilidade sustentável, aplicáveis em 
projetos novos ou de renovação urbana. 
Outra parte do trabalho identifica as 
ApReSentAçãO
etapas de aplicação dos critérios DOTS, 
desde a fase do diagnóstico até a avaliação 
periódica das medidas implementadas. Seu 
principal objetivo é estabelecer critérios 
comuns de desenho entre os diferentes 
atores responsáveis pela construção de 
comunidades urbanas sustentáveis, além de 
possibilitar a aferição de seus resultados.
O manual foi inspirado no trabalho 
desenvolvido pelo CTS EMBARQ México. 
Em 2010, o centro mexicano publicou o 
Manual de Desarrollo Orientado al Transporte 
Sustentable (1), trazendo o modelo de 
planejamento urbano Transit Oriented 
Development (TOD) para o contexto local. 
Complementando esse trabalho, em 2012, foi 
elaborado o Guia DOTS para Comunidades 
Urbanas Sustentables (2), que, além dos 
aspectos conceituais, apresenta estratégias 
para o desenho urbano de bairros orientados 
ao transporte sustentável. 
Esse manual é destinado a gestores e 
técnicos de instituições que trabalham com 
desenvolvimento urbano, especialmente 
do setor público, promotores privados, 
organizações, estudantes e interessados 
pelo tema. As abordagens viáveis e criativas 
procuram mudar a forma como conceber, 
projetar e implementar as políticas e os 
DOTS CIDADES | EMBARQ BRASIL
5
Rio de Janeiro, RJ.
projetos urbanos, para que sejam voltados 
à mobilidade e à sustentabilidade urbana 
na busca pela melhoria da qualidade de 
vida nas cidades brasileiras.
Responsável pela publicação, a EMBARQ 
Brasil auxilia governos e empresas no 
desenvolvimento e implantação de 
soluções sustentáveis para os problemas 
de transporte e mobilidade nas cidades 
brasileiras. Ao promover o transporte 
sustentável, a EMBARQ Brasil está 
trabalhando para reduzir a poluição, 
melhorar a saúde pública, diminuir a 
emissão de gases de efeito estufa e 
criar espaços públicos urbanos seguros, 
acessíveis e agradáveis ao convívio. 
A EMBARQ Brasil tem Termos de 
Cooperação Técnica assinados com mais 
de 15 cidades, entr",
DOTS América Latina,5 DOT y planeación urbana (Gregor Wessels)/DOTS América Latina/DOTS_Latam.pdf,DOTS_Latam.pdf,16649482,70,Documentos_Para_Discusion_version_en_espanol.pdf,DANIELPEC,Documentos_Para_Discusion_version_en_espanol.pdf,DANIELPEC,2021,,,,,spa,"Desarrollo Orientado al Transporte: 
una evaluación de tendencias y 
oportunidades para América Latina 
Daniel A. Rodríguez 
 
Editores: 
Mario Duran-Ortiz 
Jason Anthony Hobbs 
Francisca Rojas 
Annie Hudson
IDB-DP-00802
División de Desarrollo Urbano y
Vivienda
DOCUMENTO PARA 
DISCUSIÓN Nº
Noviembre 2021
Desarrollo Orientado al Transporte: una evaluación 
de tendencias y oportunidades para América Latina 
Daniel A. Rodríguez 
 
Editores: 
Mario Duran-Ortiz 
Jason Anthony Hobbs 
Francisca Rojas 
Annie Hudson
Noviembre 2021
Copyright ©              Banco Interamericano de Desarrollo. Esta obra se encuentra sujeta a una licencia Creative Commons IGO 3.0 
Reconocimiento-NoComercial-SinObrasDerivadas (CC-IGO 3.0 BY-NC-ND) (http://creativecommons.org/licenses/by-nc-nd/3.0/igo/
legalcode) y puede ser reproducida para cualquier uso no-comercial otorgando el reconocimiento respectivo al BID. No se 
permiten obras derivadas. 
Cualquier disputa relacionada con el uso de las obras del BID que no pueda resolverse amistosamente se someterá a arbitraje de 
conformidad con las reglas de la CNUDMI (UNCITRAL). El uso del nombre del BID para cualquier fin distinto al reconocimiento 
respectivo y el uso del logotipo del BID, no están autorizados por esta licencia CC-IGO y requieren de un acuerdo de licencia 
adicional. 
Note que el enlace URL incluye términos y condiciones adicionales de esta licencia. 
Las opiniones expresadas en esta publicación son de los autores y no necesariamente reflejan el punto de vista del Banco 
Interamericano de Desarrollo, de su Directorio Ejecutivo ni de los países que representa.
http://www.iadb.org
2021
Una Evaluación de Tendencias y Oportunidades para América Latina
Elaborado por:   
Daniel A. Rodríguez, Ph.D.
Editores:
Mario Duran-Ortiz, Jason 
Anthony Hobbs, Francisca Rojas, 
& Annie Hudson
Un informe preparado para 
el Banco Interamericano de 
Desarrollo
2
4
Introducción Tendencias actuales en 
la implementación de 
DOT; principales riesgos y 
desafíos
Tendencias con respecto a los 
impactos DOT
Una definición en la evolución de 
DOT
Definición de la “T” en DOT
Tensión entre DOT como lugar y DOT 
como nodo
El desafío del DOT y la reurbanización
Inducir el crecimiento periférico: ¿Es 
el DOT una receta para la expansión?
Tendencias emergentes en la 
planificación para DOT
Utilidad de las tipologías DOT
¿Cuándo aplicar un DOT? El desafío 
del tiempo del DOT
Incentivos y financiación para el DOT
Coordinación institucional y 
familiarización con DOT
2.1.
2.2.
2.2.1.
2.2.2.
 
2.2.3.
2.2.4.
 
 
2.3
  
2.3.1.
2.3.2.
 
2.3.3.
2.3.4.
Respuestas innovadoras
Seúl: una estrecha integración 
entre el transporte público y el 
desarrollo del suelo reflejado en 
una tipología DOT
La experiencia colombiana con 
planes parciales de DOT
Instituciones regionales y 
coordinación local: el caso del DOT 
en Vancouver
Una herramienta para evaluar la 
preparación del mercado y el apoyo 
a la planificación
3.1.
Recomendaciones e 
implicaciones para 
la estrategia y la 
práctica del DOT
Promocionar DOT desde un 
enfoque inclusivo
Evitar que DOT desplace a los 
residentes
Apoyar el transporte activo
Adaptar y mejorar las herramientas 
actuales de gestión del suelo y 
recuperación de valor
Incluir estrategias de DOT 
diferenciadas localmente
Involucrar al sector privado
Aprovechar oportunidades para el 
liderazgo regional y una estrategia 
regional
Abordar la necesidad de 
coordinación
4.1.
4.2.
 
4.3.
4.4.
 
4.5.
4.6.
4.7.
4.8.
Tabla de 
contenidos
1 2 3
3.2.
3.3.
3.4.
3
En los últimos años, el Desarrollo 
Orientado al Transporte (DOT) ha 
incrementado su aceptación debido a su 
gran potencial para guiar ciudades hacia 
futuros más sostenibles. Esta fructífera 
coordinación entre las inversiones de 
una ciudad en transporte público y su 
estrategia de desarrollo del suelo ha 
permitido una mejor accesibilidad, una 
mayor capacidad de caminabilidad y un 
uso mixto del suelo alrededor de las áreas 
de transporte. Esta nota técnica revisa el 
DOT en varias escalas para comprender 
las tendencias, oportunidades y desafíos 
para su desarrollo e implementación, con 
un enfoque en generar lecciones para 
América Latina. Primero, el documento 
analiza la experiencia global con DOT, 
incluidas sus características e impactos, 
como el comportamiento de los viajeros, 
el número de pasajeros y los beneficios 
ambientales, así como las áreas de mejora. 
Los desafíos identificados incluyen la 
controversia en torno a la propia definición 
de DOT; posible desplazamiento de 
residentes vulnerables e inquilinos 
comerciales; el momento del desarrollo; 
la ausencia de un marco legal que 
habilite las regulaciones y herramientas 
de DOT; el uso efectivo de incentivos y 
la recuperación del valor del suelo; y el 
impulso involuntario de su expansión.
La publicación incluye la revisión de 
cuatro casos de estudio que destacan 
las respuestas innovadoras a algunos 
de los conﬂictos abordados; estos son 
Seúl, Bogotá, Vancouver y un estudio",
DOTS América Latina,"5 DOT y planeación urbana (Gregor Wessels)/DOTS América Latina/Economy, environment and culture in Latin America - David Edelman.pdf","Economy, environment and culture in Latin America - David Edelman.pdf",7338100,477,,,/g1/g2/g3/g4/g5/g6/g7/g8/g6/g9/g5/g10/g11/g12/g2/g13,,,,,,,,"/g1/g2/g3/g4/g5/g6/g7/g8/g6/g9/g5/g10/g11/g12/g2/g13
/g1/g2/g3/g4/g5/g6/g7/g8/g6/g14/g11/g11/g15/g16
/g1/g2/g3/g4/g3/g5/g6/g7/g8/g1/g4/g9/g10/g11/g3/g4/g5/g12/g4/g13/g8/g14
/g15/g16/g17/g13/g16/g11/g12/g8/g10/g4/g8/g18/g19/g13/g10/g4/g8/g20/g5/g12/g11/g10/g2/g19
/g1/g2/g3/g4/g5/g6/g7/g8/g7/g9/g10/g11/g12/g2/g13/g9/g14/g15/g16/g2/g4/g17/g2/g18/g7/g9/g10/g4/g19/g7/g20/g2/g21/g20/g7/g19/g19/g10/g19/g22/g2/g10/g19/g2/g23/g8/g7/g24/g10/g20
/g7/g19/g15/g2/g25/g12/g26/g10/g27/g4
/g28/g29/g10/g30/g2/g31/g4/g8/g32/g2/g12/g26/g6/g20/g4/g8/g12/g30/g2/g9/g29/g12/g2/g12/g11/g4/g20/g14/g9/g10/g4/g19/g2/g4/g17/g2/g19/g7/g9/g10/g4/g19/g7/g20/g2/g6/g20/g7/g19/g19/g10/g19/g22/g2/g10/g19/g2/g23/g8/g7/g24/g10/g20/g2/g7/g19/g15/g2/g25/g12/g26/g10/g27/g4
/g4/g11/g12/g8/g2/g33/g34/g2/g16/g12/g7/g8/g30/g2/g9/g29/g8/g4/g14/g22/g29/g2/g7/g2/g27/g4/g19/g27/g12/g6/g9/g14/g7/g20/g2/g5/g4/g15/g12/g20/g2/g4/g17/g2/g9/g29/g12/g2/g8/g12/g20/g7/g9/g10/g4/g19/g30/g29/g10/g6/g30/g2/g7/g5/g4/g19/g22
/g29/g14/g5/g7/g19/g30/g35/g2/g9/g29/g12/g10/g8/g2/g30/g4/g27/g10/g7/g20/g35/g2/g6/g4/g20/g10/g9/g10/g27/g7/g20/g2/g7/g19/g15/g2/g12/g27/g4/g19/g4/g5/g10/g27/g2/g4/g8/g22/g7/g19/g10/g24/g7/g9/g10/g4/g19/g35/g2/g9/g29/g12/g10/g8/g2/g9/g12/g27/g29/g19/g4/g20/g4/g22/g16/g35
/g9/g29/g12/g10/g8/g2/g12/g19/g11/g10/g8/g4/g19/g5/g12/g19/g9/g2/g7/g19/g15/g2/g9/g29/g12/g10/g8/g2/g27/g14/g20/g9/g14/g8/g12/g36/g2/g37/g29/g12/g8/g12/g7/g30/g2/g9/g29/g12/g2/g10/g19/g10/g9/g10/g7/g20/g2/g10/g5/g6/g4/g8/g9/g38/g30/g14/g39/g30/g9/g10/g9/g14/g9/g10/g4/g19
/g10/g19/g15/g14/g30/g9/g8/g10/g7/g20/g10/g24/g7/g9/g10/g4/g19/g2/g10/g19/g2/g9/g29/g12/g30/g12/g2/g27/g4/g14/g19/g9/g8/g10/g12/g30/g2/g17/g4/g27/g14/g30/g12/g15/g2/g9/g4/g4/g2/g19/g7/g8/g8/g4/g31/g20/g16/g2/g14/g6/g4/g19/g2/g30/g6/g12/g27/g10/g17/g10/g27
/g30/g10/g9/g12/g30/g35/g2/g20/g7/g9/g12/g8/g2/g12/g26/g6/g4/g8/g9/g38/g20/g12/g15/g2/g10/g19/g15/g14/g30/g9/g8/g10/g7/g20/g10/g24/g7/g9/g10/g4/g19/g2/g29/g7/g30/g2/g7/g9/g9/g12/g19/g15/g12/g15/g2/g4/g19/g20/g16/g2/g9/g4/g2/g9/g29/g12/g2/g22/g20/g4/g39/g7/g20
/g5/g7/g8/g32/g12/g9/g36/g2/g28/g29/g12/g2/g17/g4/g8/g5/g12/g8/g2/g31/g7/g30/g2/g5/g4/g8/g12/g2/g7/g9/g9/g12/g19/g9/g10/g11/g12/g2/g9/g4/g2/g9/g29/g12/g2/g10/g5/g5/g12/g15/g10/g7/g9/g12/g2/g12/g19/g11/g10/g8/g4/g19/g5/g12/g19/g9/g35
/g31/g29/g10/g20/g12/g2/g9/g29/g12/g2/g20/g7/g9/g9/g12/g8/g2/g10/g30/g2/g5/g4/g8/g12/g2/g7/g9/g9/g12/g19/g9/g10/g11/g12/g2/g9/g4/g2/g31/g4/g8/g20/g15/g2/g12/g27/g4/g20/g4/g22/g16/g36/g2/g18/g12/g10/g9/g29/g12/g8/g2/g27/g4/g19/g30/g10/g15/g12/g8/g12/g15
/g27/g14/g20/g9/g14/g8/g12/g36/g2/g40/g4/g31/g12/g11/g12/g8/g35/g2/g9/g29/g12/g2/g27/g4/g19/g27/g12/g6/g9/g14/g7/g20/g10/g24/g7/g9/g10/g4/g19/g2/g4/g17/g2/g19/g7/g9/g10/g4/g19/g7/g20/g2/g6/g20/g7/g19/g19/g10/g19/g22/g2/g6/g8/g4/g27/g12/g30/g30/g12/g30
/g5/g14/g30/g9/g2/g30/g10/g5/g14/g20/g9/g7/g19/g12/g4/g14/g30/g20/g16/g2/g8/g12/g27/g4/g22/g19/g10/g24/g12/g2/g15/g16/g19/g7/g5/g10/g27/g30/g2/g4/g17/g2/g12/g27/g4/g19/g4/g5/g16/g35/g2/g12/g19/g11/g10/g8/g4/g19/g5/g12/g19/g9/g35/g2/g7/g19/g15
/g27/g14/g20/g9/g14/g8/g12/g2/g7/g9/g2/g27/g4/g5/g5/g14/g19/g10/g9/g16/g35/g2/g8/g12/g22/g10/g4/g19/g7/g20/g35/g2/g19/g7/g9/g10/g4/g19/g7/g20/g35/g2/g27/g4/g19/g9/g10/g19/g12/g19/g9/g7/g20/g2/g7/g19/g15/g2/g22/g20/g4/g39/g7/g20/g2/g30/g27/g7/g20/g12/g30/g36
/g1/g17/g9/g12/g8/g2/g20/g4/g19/g22/g2/g6/g8/g4/g5/g4/g9/g10/g19/g22/g2/g9/g29/g12/g2/g6/g4/g30/g10/g9/g10/g11/g10/g30/g9/g10/g27/g2/g30/g12/g7/g8/g27/g29/g2/g17/g4/g8/g2/g6/g4/g20/g10/g9/g10/g27/g7/g20/g2/g4/g8/g15/g12/g8/g2/g7/g19/g15/g2/g9/g29/g12
/g15/g8/g12/g7/g5/g2/g4/g17/g2/g12/g27/g4/g19/g4/g5/g10/g27/g2/g6/g8/g4/g22/g8/g12/g30/g30/g35/g2/g9/g29/g12/g2/g19/g7/g9/g10/g4/g19/g7/g20/g2/g6/g20/g7/g19/g19/g10/g19/g22/g2/g6/g8/g4/g27/g12/g30/g30/g12/g30/g2/g4/g17/g2/g23/g8/g7/g24/g10/g20/g2/g7/g19/g15
/g25/g12/g26/g10/g27/g4/g2/g19/g4/g31/g2/g8/g12/g27/g4/g22/g19/g10/g24/g12/g2/g7/g19/g15/g2/g10/g19/g27/g4/g8/g6/g4/g8/g7/g9/g12/g2/g6/g7/g8/g7/g20/g20/g12/g20/g2/g7/g9/g9/g12/g19/g9/g10/g4/g19/g2/g9/g4/g2/g12/g19/g11/g10/g8/g4/g19/g5/g12/g19/g9
/g7/g19/g15/g2/g27/g14/g20/g9/g14/g8/g12/g36/g2/g1/g9/g9/g12/g19/g9/g10/g4/g19/g2/g9/g4/g2/g12/g19/g11/g10/g8/g4/g19/g5/g12/g19/g9/g2/g4/g17/g17/g12/g8/g30/g2/g9/g4/g2/g9/g29/g12/g2/g31/g4/g8/g20/g15/g35/g2/g10/g19/g27/g20/g14/g15/g10/g19/g22
/g29/g14/g5/g7/g19/g30/g35/g2/g9/g29/g12/g2/g29/g4/g6/g12/g2/g4/g17/g2/g27/g4/g19/g9/g10/g19/g14/g12/g15/g2/g12/g26/g10/g30/g9/g12/g19/g27/g12/g36/g2/g1/g9/g9/g12/g19/g9/g10/g4/g19/g2/g9/g4/g2/g27/g14/g20/g9/g14/g8/g12/g2/g10/g19/g17/g14/g30/g12/g30/g2/g9/g29/g7/g9
/g29/g4/g6/g12/g2/g4/g17/g2/g27/g4/g19/g9/g10/g19/g14/g12/g15/g2/g12/g26/g10/g30/g9/g12/g19/g27/g12/g2/g31/g10/g9/g29/g2/g5/g12/g7/g19/g10/g19/g22/g36
/g41/g7/g11/g10/g15/g2/g42/g36/g2/g43/g15/g12/g20/g5/g7/g19/g35/g2/g44/g1/g45/g3/g21/g35/g2/g7/g19/g15/g2/g41/g7/g11/g10/g15/g2/g42/g36/g2/g1/g20/g20/g4/g8/g35/g2/g44/g1/g45/g3/g21/g35/g2/g7/g8/g12/g2/g21/g8/g4/g17/g12/g30/g30/g4/g8/g30/g2/g4/g17
/g21/g20/g7/g19/g19/g10/g19/g22/g2/g7/g9/g2/g9/g29/g12/g2/g46",
DOTS América Latina,5 DOT y planeación urbana (Gregor Wessels)/DOTS América Latina/Improving Coordination of Transportation and Land-Use Planning in Latin American Cities.pdf,Improving Coordination of Transportation and Land-Use Planning in Latin American Cities.pdf,474317,12,Microsoft PowerPoint - Improving Coordination of Transportation and Land-Use Planning in,Adalberto,Microsoft PowerPoint - Improving Coordination of Transportation and Land-Use Planning in,Adalberto,2006,,,,,eng,"1
Clear Air in Latin America -- Sao Paulo 
2006 1
Improving Coordination of Transportation and 
Land-Use Planning in Latin American Cities:  
overcoming the barriers 
Arturo Ardila 
Transportation Studies Group
Universidad de Los Andes, Bogotá
Clear Air in Latin America -- Sao Paulo 
2006 2
Transportation-Land Use Coordination 
defined 
z Density above 30 p/ha 
z South American Cities at an advantage 
vis-à-vis Central American Cities 
z Coordination: reinforcing or creating  
activity nodes that are dense and blend 
uses: housing, jobs, services, etc. 
z Nodes linked by good transit 
z High quality urban space 
2
Clear Air in Latin America -- Sao Paulo 
2006 3
Transportation-Land Use Coordination 
defined 
Clear Air in Latin America -- Sao Paulo 
2006 4
Transportation-Land Use Coordination 
defined 
Cidade de Curitiba 
3
Clear Air in Latin America -- Sao Paulo 
2006 5
Elements in Land Use Transportation 
Coordination 
1. Markets: allocate resources
2. Individual preferences: Do people 
prefer dense, mixed-use 
environments?
z Preferences change over time
z Intragenerational change: fashionable 
z Intergenerational change: structural
z WHAT DO WE DO?
Clear Air in Latin America -- Sao Paulo 
2006 6
Elements in Land Use Transportation 
Coordination 

4
Clear Air in Latin America -- Sao Paulo 
2006 7
Elements in Land Use Transportation 
Coordination
3. Individual income: ability to pay + 
preferences 
z E.g. Demand for clean environment 
z Pay for improved urban areas 
4. Capable government: political + 
technical capacities 
z Technically solid
z Build support coalitions 
z Decisions happen for political reasons 
Clear Air in Latin America -- Sao Paulo 
2006 8
Elements in Land Use Transportation 
Coordination
5. Incentives: plans, laws, user charges 
z What land uses allowed
z Congestion charges
z Car is heavily subsidized 
5
Clear Air in Latin America -- Sao Paulo 
2006 9
Barriers to Land Use Transportation 
Coordination 
1. Market development vs. planned 
development + low incomes 
z 50% area informally developed 
Clear Air in Latin America -- Sao Paulo 
2006 10
Barriers to Land Use Transportation 
Coordination 
z Poor suffer from lack of mixed uses 
Bogotá: Pink 
areas were 
informally 
developed 
3.3 km. 
average 
walking trip

6
Clear Air in Latin America -- Sao Paulo 
2006 11
Barriers to Land Use Transportation 
Coordination 
2. Infrastructure for cars; not transit 
Cars 
receive 
subsidies 
Clear Air in Latin America -- Sao Paulo 
2006 12
Barriers to Land Use Transportation 
Coordination
3. Poor quality 
public transit 

7
Clear Air in Latin America -- Sao Paulo 
2006 13
Barriers to Land Use Transportation 
Coordination
3. Poor quality public transit 
1. Competition in the market
2. High fares, oversupply, undercapitalized 
3. Solution is BRT plus competition for the 
market 
Clear Air in Latin America -- Sao Paulo 
2006 14
Barriers to Land Use Transportation 
Coordination
Kuala Lumpur8
México City9
Mumbai7
Buenos Aires 6
Cape Town5
Bogotá4
Brasilia 3
Río de Janeiro 2
Sao Paulo1
Cities with least 
affordable transit 
Poor people take 
the worst part: 
expensive, poor-
quality  transport, 
and long trips
8
Clear Air in Latin America -- Sao Paulo 
2006 15
Successful examples: Curitiba 
z Strengthen downtown 
z Linear Growth 
Curitiba 1965 
Clear Air in Latin America -- Sao Paulo 
2006 16
Successful examples: Curitiba 
1. People’s preferences matched high-
density, mixed use 
2. Market ruled: density higher than 
expected 
",
DOTS América Latina,5 DOT y planeación urbana (Gregor Wessels)/DOTS América Latina/Integración de transporte no motorizado y DOTS 2014.pdf,Integración de transporte no motorizado y DOTS 2014.pdf,10393244,114,,,CÁMARA DE COMERCIO DE BOGOTÁ,,,,,9789585767454,,spa,"1
Pardo y Calderón
Integración de Transporte
no Motorizado y DOTS
Carlosfelipe Pardo y Patricia Calderón PeñaIntegración de Transporte no Motorizado y DOTS
Carlosfelipe Pardo y Patricia Calderón Peña
2
Transporte no motorizado y DOTS
3
Pardo y Calderón
4
Transporte no motorizado y DOTS
CÁMARA DE COMERCIO DE BOGOTÁ
Presidente: Mónica de Greiff Lindo
Vicepresidente de Gobernanza: Jorge Mario Diaz Luegnas
DIRECCIÓN DE GESTIÓN URBANA Y MOVILIDAD
Director: Plinio Alejandro Bernal Ramírez
Coordinadora: Ana María Henao González 
Profesional Senior: Natalia Tinjacá Mora
Profesional Senior: William Salazar Rodríguez
ISBN:  978-958-57674-5-4
E-Book: 978-958-57674-4-7
Diseño y Diagramación: Laura Villegas, Despacio. 
5
Pardo y Calderón
Integración de 
transporte no 
motorizado y DOTS 
Carlosfelipe Pardo y Patricia Calderón Peña
Realizado por Despacio para la Cámara de Comercio 
de Bogotá
Serie desarrollo urbano - Despacio
6
Transporte no motorizado y DOTS
7
Pardo y Calderón
8
Transporte no motorizado y DOTS",
DOTS América Latina,"5 DOT y planeación urbana (Gregor Wessels)/DOTS América Latina/Managing the urban environment - Lima, Peru - David Edelman.pdf","Managing the urban environment - Lima, Peru - David Edelman.pdf",15894225,317,,,"Lima, Peru",,2018,"and Planning, University of Cincinnati, USA from August through",,,,eng,"	

	
	


		
	

	

	 


	 

      
  	   
 
 



!
!	 !

	
	! 
    
 ""# $ 
 %# 	#   
""#
$ # 

			% 

&'()  * 
  ! !   	 !
+

	 
 (, 	   + ! 	  
 
,+	
 


# ""	#  
 

	# 	 
  


!""
- #
	.+!
	
%/
#01$""0 	1 123141#
""

""
$
5

	15 6
#1
7# 
""$
 %
56""""%

$!
8,
	
 !#%	
	




	

	
	


	

	




	






	

	




	






	 !
!""
	 !
!""


	

	
	





 


	  
 
 


  
 
	 
 




	






 
 
 
  	
  
    
	

		
	

	








	





 
	

	
	








	 













	
	

	


  !""#$
	

	

%

""

!
&

 	
	

'	&	 
(

)*!
	&

""
""*)+,-!




	



.

 . /,)0 %

 ""

 !
 &

   	
	

 
'	&	(




""
""/,)0
i 
Managing the Urban Environment ±
 Lima, Peru 
David J. Edelman (Ed.) 
January 2018 
i 
EXECUTIVE SUMMARY 
This volume, Managing the Urban Environment ± Lima, Peru, is the 
fourth in a series of books that focus on the practice of Urban 
Environmental Management (UEM) in developing countries and the 
first on a city in Latin America. Such cities both face more immediate 
problems than the developed world and have fewer resources to deal 
with them. Earlier books proposed plans for Mysore, India (Edelman, 
2014), Lagos, Nigeria (Edelman, 2015) and Manila, the Philippines 
(Edelman, 2016), and future books are planned for Jakarta, 
Indonesia; Santo Domingo, the Dominican Republic; Nairobi, Kenya; 
Kingston, Jamaica; Istanbul, Turkey, and San Juan, Puerto Rico. 
The current study is the report of a graduate level workshop that took 
place at the School of Planning, College of Design, Architecture, Art 
and Planning, University of Cincinnati, USA from August through 
December 2017. The objective of the workshop was to prepare 
students to work overseas in data-poor environments as professional 
consulting planners. Several lectures were given to set the framework 
for the class of 15 students to operate in sector-level working groups 
or teams preparing a 5-year plan to help solve the urban 
environmental problems of Lima, Peru, an environmentally difficult, 
but important Latin American metropolitan area located between the 
Pacific Ocean and a hilly desert, utilizing a real-world database and 
a limited budget. This project form ed the majority of class work 
culminating in the preparation of this professional quality document, 
ii 
which is composed of the following eight chapters, as well as an 
Introduction and a Conclusion. 
The Latin American Context
Urban Environmental Management has been receiving increasing 
attention since 1970 in both developed countries, where it has 
emerged as a subject of academic research and professional 
interest, and in developing countries, where it has become 
increasingly an area of donor concern as well. As a field, it is more 
like planning or engineering rather than geography, economics or 
sociology; and it represents an integrated view of environmental 
problems at city, and increasingly, regional level. Such problems are 
multi-sectoral (e",
DOTS América Latina,"5 DOT y planeación urbana (Gregor Wessels)/DOTS América Latina/Managing the urban environment - Santo Domingo, DomRep - David Edelman.pdf","Managing the urban environment - Santo Domingo, DomRep - David Edelman.pdf",29199434,321,,,EXECUTIVE SUMMARY,,2014,"Architecture, Art and Planning, University of Cincinnati, USA from",,,,eng,"/g1/g2/g3/g4/g5/g6/g7/g8/g6/g9/g5/g10/g11/g12/g2/g13/g6/g14/g9/g5/g8/g15
/g1/g2/g3/g2/g4/g5/g3/g4/g6/g7/g8/g9/g6/g10/g11/g12/g2/g3
/g13/g3/g14/g5/g11/g15/g3/g16/g9/g3/g7/g6/g17/g6/g18/g2/g3/g7/g15
/g19/g15/g16/g5/g3/g4/g15/g20/g6/g7/g8/g9/g6/g19/g15/g16/g5/g3/g5/g21/g2/g3
/g22/g9/g23/g24/g12/g25/g5/g21
/g1/g2/g3/g4/g5/g6/g7/g8/g9/g10/g11/g5/g3/g4/g5/g12/g2/g11/g5/g13/g3/g13/g12/g2/g5/g3/g14/g5/g15/g5/g4/g11/g16/g3/g11/g4/g5/g7/g13/g5/g17/g7/g7/g18/g4/g5/g12/g2/g15/g12/g5/g13/g7/g19/g9/g4/g5/g7/g14/g5/g12/g2/g11/g5/g20/g16/g15/g19/g12/g3/g19/g11/g5/g7/g13
/g21/g16/g17/g15/g14/g5/g22/g14/g6/g3/g16/g7/g14/g10/g11/g14/g12/g15/g8/g5/g23/g15/g14/g15/g24/g11/g10/g11/g14/g12/g5/g25/g21/g22/g23/g26/g5/g3/g14/g5/g27/g11/g6/g11/g8/g7/g20/g3/g14/g24/g5/g19/g7/g9/g14/g12/g16/g3/g11/g4/g28/g5/g29/g9/g19/g2
/g19/g3/g12/g3/g11/g4/g5/g13/g15/g19/g11/g5/g10/g7/g16/g11/g5/g3/g10/g10/g11/g27/g3/g15/g12/g11/g5/g20/g16/g7/g17/g8/g11/g10/g4/g5/g12/g2/g15/g14/g5/g12/g2/g11/g5/g27/g11/g6/g11/g8/g7/g20/g11/g27/g5/g30/g7/g16/g8/g27/g5/g15/g14/g27/g5/g2/g15/g6/g11
/g13/g11/g30/g11/g16/g5/g16/g11/g4/g7/g9/g16/g19/g11/g4/g5/g12/g7/g5/g27/g11/g15/g8/g5/g30/g3/g12/g2/g5/g12/g2/g11/g10/g28/g5/g1/g2/g3/g4/g5/g4/g12/g9/g27/g31/g5/g3/g4/g5/g12/g2/g11/g5/g16/g11/g20/g7/g16/g12/g5/g7/g13/g5/g15/g5/g24/g16/g15/g27/g9/g15/g12/g11
/g30/g7/g16/g18/g4/g2/g7/g20/g5/g12/g2/g15/g12/g5/g12/g7/g7/g18/g5/g20/g8/g15/g19/g11/g5/g15/g12/g5/g12/g2/g11/g5/g29/g19/g2/g7/g7/g8/g5/g7/g13/g5/g32/g8/g15/g14/g14/g3/g14/g24/g33/g5/g34/g7/g8/g8/g11/g24/g11/g5/g7/g13/g5/g35/g11/g4/g3/g24/g14/g33
/g36/g16/g19/g2/g3/g12/g11/g19/g12/g9/g16/g11/g33/g5/g36/g16/g12/g5/g15/g14/g27/g5/g32/g8/g15/g14/g14/g3/g14/g24/g33/g5/g21/g14/g3/g6/g11/g16/g4/g3/g12/g31/g5/g7/g13/g5/g34/g3/g14/g19/g3/g14/g14/g15/g12/g3/g33/g5/g21/g29/g36/g5/g13/g16/g7/g10/g5/g36/g9/g24/g9/g4/g12
/g12/g2/g16/g7/g9/g24/g2/g5/g35/g11/g19/g11/g10/g17/g11/g16/g5/g37/g38/g39/g40/g28/g5/g1/g2/g11/g5/g7/g17/g41/g11/g19/g12/g3/g6/g11/g5/g7/g13/g5/g12/g2/g11/g5/g30/g7/g16/g18/g4/g2/g7/g20/g5/g30/g15/g4/g5/g12/g7/g5/g20/g16/g11/g20/g15/g16/g11
/g4/g12/g9/g27/g11/g14/g12/g4/g5 /g12/g7/g5 /g30/g7/g16/g18/g5 /g7/g6/g11/g16/g4/g11/g15/g4/g5 /g3/g14/g5 /g27/g15/g12/g15/g42/g20/g7/g7/g16/g5 /g11/g14/g6/g3/g16/g7/g14/g10/g11/g14/g12/g4/g5 /g15/g4/g5 /g20/g16/g7/g13/g11/g4/g4/g3/g7/g14/g15/g8
/g19/g7/g14/g4/g9/g8/g12/g3/g14/g24/g5 /g20/g8/g15/g14/g14/g11/g16/g4/g28/g5 /g1/g2/g11/g5 /g39/g39/g5 /g4/g12/g9/g27/g11/g14/g12/g4/g5 /g7/g20/g11/g16/g15/g12/g11/g27/g5 /g3/g14/g5 /g4/g11/g19/g12/g7/g16/g42/g8/g11/g6/g11/g8/g5 /g30/g7/g16/g18/g3/g14/g24
/g24 /g16 /g7 /g9 /g20 /g4 /g5/g7 /g16 /g5/g12 /g11 /g15 /g10 /g4 /g5/g20 /g16 /g11 /g20 /g15 /g16 /g3 /g14 /g24 /g5/g15 /g5/g43 /g42 /g31/g11 /g15 /g16 /g5/g20 /g8 /g15 /g14 /g5/g12 /g7 /g5/g2 /g11 /g8 /g20 /g5/g4 /g7 /g8 /g6 /g11 /g5/g12 /g2 /g11 /g5/g9 /g16 /g17 /g15 /g14
/g11/g14/g6/g3/g16/g7/g14/g10/g11/g14/g12/g15/g8/g5/g20/g16/g7/g17/g8/g11/g10/g4/g5/g7/g13/g5/g29/g15/g14/g12/g7/g5/g35/g7/g10/g3/g14/g24/g7/g33/g5/g12/g2/g11/g5/g35/g7/g10/g3/g14/g3/g19/g15/g14/g5/g44/g11/g20/g9/g17/g8/g3/g19/g33/g5/g12/g2/g11
/g8/g15/g16/g24/g11/g4/g12/g5/g19/g3/g12/g31/g5/g3/g14/g5/g12/g2/g11/g5/g34/g15/g16/g3/g17/g17/g11/g15/g14/g33/g5/g9/g12/g3/g8/g3/g45/g3/g14/g24/g5/g15/g5/g16/g11/g15/g8/g42/g30/g7/g16/g8/g27/g5/g27/g15/g12/g15/g5/g17/g15/g4/g11/g5/g15/g14/g27/g5/g15/g5/g8/g3/g10/g3/g12/g11/g27
/g17/g9/g27/g24/g11/g12/g28/g5 /g36/g4/g4/g3/g4/g12/g15/g14/g19/g11/g5 /g30/g15/g4/g5 /g20/g16/g7/g6/g3/g27/g11/g27/g5 /g17/g31/g5 /g15/g16/g19/g2/g3/g12/g11/g19/g12/g9/g16/g11/g5 /g4/g12/g9/g27/g11/g14/g12/g4/g5 /g15/g12/g5 /g32/g7/g14/g12/g3/g13/g3/g19/g3/g15
/g21/g14/g3/g6/g11/g16/g4/g3/g27/g15/g27/g5/g34/g15/g12/g46/g8/g3/g19/g15/g5/g23/g15/g27/g16/g11/g5/g31/g5/g23/g15/g11/g4/g12/g16/g15/g5/g3/g14/g5/g29/g15/g14/g12/g7/g5/g35/g7/g10/g3/g14/g24/g7/g28
/g35/g15/g6/g3/g27/g5/g47/g28/g5/g22/g27/g11/g8/g10/g15/g14/g33/g5/g48/g36/g49/g34/g32/g5/g48/g29/g21/g5/g22/g9/g16/g5/g49/g14/g24/g5/g29/g49/g36/g50/g48/g36/g49/g34/g32/g33/g5/g3/g4
/g32/g16/g7/g13/g11/g4/g4/g7/g16/g5/g7/g13/g5/g32/g8/g15/g14/g14/g3/g14/g24/g5/g15/g12/g5/g12/g2/g11/g5/g21/g14/g3/g6/g11/g16/g4/g3/g12/g31/g5/g7/g13/g5/g34/g3/g14/g19/g3/g14/g14/g15/g12/g3/g28
/g51/g11/g5/g13/g7/g16/g10/g11/g16/g8/g31/g5/g12/g15/g9/g24/g2/g12/g5/g15/g12/g5/g49/g51/g29/g5/g3/g14/g5/g44/g7/g12/g12/g11/g16/g27/g15/g10/g33/g5/g36/g49/g1/g5/g3/g14
/g52/g15/g14/g24/g18/g7/g18/g33/g5/g23/g29/g21/g5/g3/g14/g5/g23/g15/g2/g15/g4/g15/g16/g15/g18/g2/g15/g10/g5/g15/g14/g27/g5/g32/g21/g34/g23/g23/g5/g3/g14
/g29/g15/g14/g12/g7/g5/g35/g7/g10/g3/g14/g24/g7/g28/g5/g51/g11/g5/g2/g15/g4/g5/g23/g44/g32/g5/g15/g14/g27/g5/g32/g2/g35/g5/g27/g11/g24/g16/g11/g11/g4/g5/g13/g16/g7/g10
/g34/g7/g16/g14/g11/g8/g8/g5/g21/g14/g3/g6/g11/g16/g4/g3/g12/g31/g5/g15/g14/g27/g5/g2/g15/g4/g5/g30/g7/g16/g18/g11/g27/g5/g3/g14/g5/g10/g7/g16/g11/g5/g12/g2/g15/g14/g5/g53/g43
/g19/g7/g9/g14/g12/g16/g3/g11/g4/g5/g13/g7/g16/g5/g29/g30/g3/g4/g4/g33/g5/g35/g9/g12/g19/g2/g5/g15/g14/g27/g5/g36/g10/g11/g16/",
DOTS América Latina,5 DOT y planeación urbana (Gregor Wessels)/DOTS América Latina/Rodriguez Vergel 2014Mar13 BRT-OD Bogota Quito.pdf,Rodriguez Vergel 2014Mar13 BRT-OD Bogota Quito.pdf,1839148,43,LINCOLN INSTITUTE OF LAND POLICY,Anna Sant'Anna,LINCOLN INSTITUTE OF LAND POLICY,Anna Sant'Anna,2013,©2013 Lincoln Institute of Land Policy,,,,spa,"i 
 
 
 
 
Desarrollo urbano orientado a los sistemas de transporte publico masivo tipo BRT 
(Bus Rapid Transit) en Quito y Bogotá 
 
 
 
 
 
Daniel A. Rodríguez, PhD y Erik Vergel, M.Sc. 
 
Con apoyo de  
 
William Fernando Camargo Triana, M.Sc. 
 
 
 
 
 
©2013 Lincoln Institute of Land Policy 
 
 
 
 
 
Lincoln Institute of Land Policy 
Documento de trabajo 
 
 
 
 
Los resultados y conclusiones de este Documento de Trabajo reflejan la opinión de los 
autores y no han sido sometidas a una revisión detallada por el personal del Lincoln 
Institute of Land Policy.  
 
 
 
 
Si tiene alguna pregunta o quiere reproducir este documento, póngase en contacto con e 
el Instituto Lincoln  help@lincolninst.edu .  
  
 
 
 
 
ii 
 
Lincoln Institute Product Code:   
 
 
Resumen 
 
Este informe reseña un estudio que combina métodos cuantitativos y cualitativos para 
comprender el impacto que las  inversiones en sistemas de transporte publico masivo en 
autobús (Bus Rapid Transit, o BRT) en Quito y Bogotá han tenido sobre el desarrollo del 
suelo urbano. Se usan zonas de intervención y control en cada área de estudio para 
examinar cuantitativamente los cambios en los mercados de suelo de ambas ciudades. 
Los resultados del estudio describen las características de dichos mercados de suelo, tales 
como el área construida completada por año (en ambas ciudades), nuevas unidades 
ofertadas (Quito) y licencias de construcción otorgadas (Bogotá).  Usamos análisis 
cualitativos para analizar entrevistas realizadas con 44 actores clave en ambas ciudades, 
con el objeto de comprender los factores que explican la dinámica o ausencia de 
proyectos de desarrollo del suelo urbano alrededor de las estaciones y terminales de los 
sistemas tipo BRT. El análisis de los mercados de suelo revela un impacto heterogéneo 
en ambas ciudades. Si bien hay una tendencia a aumentar la actividad de edificación en 
las zonas de intervención, la comparación con las zonas de control sugiere que los 
impactos dependen en gran medida del contexto. Algunas estaciones muestran una gran 
actividad de edificación y otras no. En Bogotá, la mayor actividad se concentró en zonas 
donde ya se encontraba funcionando el sistema tipo BRT, lo cual sugiere un impacto 
tardío de las inversiones realizadas previamente. En Quito se encontraron diferencias 
importantes entre los distintos tipos de desarrollo del suelo (casas, apartamentos, 
oficinas).  Ocho temas emergieron como importantes factores explicativos  del impacto 
(o ausencia del mismo) como resultado de las inversiones en sistemas tipo BRT alrededor 
de una estación o terminal en particular: Calle 100, terminales Portal de 80, Portal de 
Suba y Portal de Usme del sistema tipo BRT en Bogotá, y La Ofelia, Rio Coca, 
Quitumbe y El Recreo en Quito. Estos temas emergentes difieren en cuanto a su alcance y 
características, pero resaltan la importancia que brinda una mayor  accesibilidad por parte 
del BRT, las condiciones del mercado de suelo, la visión y coordinación y entre 
organismos gubernamentales, la disponibilidad de suelo y la relación temporal entre el 
desarrollo inmobiliario y las inversiones en sistemas tipo BRT. También identificamos el 
desafio para la generación de oferta de vivienda de interés social en un entorno de 
desarrollo urbano orientado al sistema tipo BRT, y describimos varios casos en que los 
precios del suelo aumentaron de tal manera que los terrenos que antes habían sido 
adecuados para viviendas de interés social dejaron de serlo debido a ésta inversión.  
 
 
Palabras clave: medio ambiente construido, desarrollo del suelo, desarrollo urbano 
orientado al transporte público (DOT), sistemas de transporte público masivo en autobús 
(Bus rapid transit -BRT).  
 
 
  
iii 
 
Sobre los autores 
Daniel A. Rodríguez es profesor de planificación urbana y regional, profesor adjunto de 
epidemiología y director del Programa de Transporte de Carolina en la Universidad de 
Carolina del Norte en Chapel Hill. Recibió una maestría en transporte de MIT y un Ph. D. 
en planificación urbana de la Universidad de Michigan. Las investigaciones del Dr. 
Rodríguez se concentran en la relación recíproca entre el medio ambiente construido, 
incluyendo los sistemas de transporte publicop masivo tipo BRT,  y el comportamiento 
de las personas en términos de transporte y mobilidad. Es autor de más de 60 
publicaciones revisadas por pares académicos y coautor del libro Urban Land Use 
Planning (Planificación de uso del suelo urbano), University of Illinois Press. En la 
actualidad es miembro del comité permanente de la Junta de Investigación en Transporte 
de la Academia Nacional y miembro de la junta editorial de publicaciones tales como el 
Journal of the Transport and Health, Journal of Sustainable Transportation y el Journal 
of Transport and Land Use.  
Contacto: danrod@email.unc.edu 
 
 
Erik Vergel es becario Fulbright y candidato a doctorado en planificación urbana y 
regional en la Universidad de ",
DOTS América Latina,5 DOT y planeación urbana (Gregor Wessels)/DOTS América Latina/s5.pdf,s5.pdf,1360438,30,"Â¿Es la densidad suficiente? AnÃ¡lisis de la relaciÃ³n entre la densidad poblacional y la demanda de pasajeros en los sistemas de transporte pÃºblico masivo tipo BRT (Bus Rapid Transit) en Curitiba, Quito y BogotÃ¡",C. Erik Vergel-Tovar,"Â¿Es la densidad suficiente? AnÃ¡lisis de la relaciÃ³n entre la densidad poblacional y la demanda de pasajeros en los sistemas de transporte pÃºblico masivo tipo BRT (Bus Rapid Transit) en Curitiba, Quito y BogotÃ¡",C. Erik Vergel-Tovar,2011,,,,,spa,"Abstract 
El conocimiento convencional y algunas evidencias basadas en los ferroca -
rriles sobre el desarrollo orientado al tránsito (TOD, por sus siglas en inglés) 
postulan que existe una asociación positiva entre la cantidad de pasajeros en 
tránsito y la densidad de población alrededor de las estaciones. La densidad 
de población y los modos de tránsito masivo a menudo se han considerado 
complementarios en cuanto a la eficiencia de la movilidad urbana. Los altos 
niveles de densidad de población generalmente se consideran una condición 
necesaria para las inversiones en transporte público en los procesos de toma 
C. Erik Vergel-Tovar a 
Palabras clave: sistemas de transporte público masivo tipo BRT, número de pasajeros  
demanda de transporte, densidad de población, nivel de estación. 
¿Es la densidad suficiente? Análisis  
de la relación entre la densidad  
poblacional y la demanda de pasajeros 
en los sistemas de transporte público 
masivo tipo BRT (Bus Rapid Transit) 
en Curitiba, Quito y Bogotá 
a. Profesor en el Programa Gestión y Desarrollo Urbanos de la Universidad del Rosario en Bogotá, Colombia. Doctor en Planificación Urbana  
y Regional en la Universidad de Carolina del Norte en Chapel Hill. Magister en Planificación, Gestión y Desarrollo Urbano del Instituto de 
Estudios en Vivienda y Desarrollo Urbano IHS de la Universidad Erasmus de Rotterdam. Arquitecto de la Universidad Nacional de Colombia. 
Email: erik.vergel@urosario.edu.co
Introducción
Los sistemas de transporte público 
masivo tipo BRT (Bus Rapid Tran -
sit por sus siglas en inglés) han sido 
definidos como un sistema de buses 
de alta calidad que ofrecen servicios 
de movilidad urbana eficientes, con 
ahorros significativos de tiempos 
de viaje, gracias a la infraestructura 
de carriles exclusivos segregados, 
operaciones con mayor capacidad y 
frecuencias con servicios enfocados 
en las necesidades de los usuarios 
(Wright, 2011). El caso de Curitiba 
es emblemático a nivel internacional 
de decisiones relacionados con la respuesta a la demanda futura de transporte 
urbano. Aunque hay pruebas de asociación entre la densidad de población 
alrededor de las estaciones ferroviarias y el número de pasajeros en tránsito, 
todavía hay poca evidencia con respecto a esta asociación para los sistemas 
de tránsito rápido en autobús (BRT).
 En este artículo se examina la relación entre la densidad poblacional 
y la demanda de pasajeros en las estaciones de transporte público masivo tipo 
BRT en Curitiba, Quito y Bogotá, tres ciudades pioneras en implementar este 
tipo de sistemas.  Los hallazgos sugieren que la elasticidad encontrada en Curi-
tiba y Bogotá son similares a las encontradas en estudios similares para los sis-
temas de transporte masivo sobre rieles en ciudades de Norte América y Asia. 
Aunque la asociación positiva encontrada en Curitiba y Bogotá es similar este 
documento sugiere que la densidad poblacional por sí sola no implica altos 
niveles de demanda al nivel de la estación1. Los resultados buscan profundizar 
el conocimiento de la influencia de la densidad poblacional en la demanda de 
pasajeros de los sistemas tipo BRT a nivel de estación, proporcionando algu-
nas implicaciones prácticas para la planeación de las estaciones de los sistemas 
tipo BRT para los tomadores de decisión y planificadores del transporte.
54 C. Erik Vergel-Tovar
1. En un paper recientemente publicado por el autor, otros atributos relacionados con el medio ambiente construido que explican la demanda  
de pasajeros en sistemas tipo BRT fueron identificados en una muestra de 120 estaciones en siete ciudades de América Latina:  
https://www.sciencedirect.com/science/article/abs/pii/S0966692317303526. Sin embargo, existe un vacío en la literatura acerca de un  
análisis de la influencia de la densidad poblacional en la demanda de pasajeros en tres de los sistemas más antiguos de transporte masivo  
tipo BRT en América Latina.
55
¿Es la densidad suficiente?...
como ejemplo de la concentración 
del desarrollo urbano en altura alre -
dedor de las estaciones del sistema 
de transporte público masivo tipo 
(Bus Rapid Transit) BRT. Curitiba 
ha sido descrita como una “ciudad 
híbrida” debido al resultado de su 
proceso adaptativo entre el transpor -
te y los usos de suelo a lo largo de 
los corredores del sistema tipo BRT 
(Cervero, 1998). Esta ciudad pionera 
en los sistemas tipo BRT, ha estado 
organizando su crecimiento urbano a 
través de un ejercicio de planeación 
en el cual se han aplicado instrumen-
tos de gestión del suelo a lo largo de 
los corredores del sistema tipo BRT, 
con el propósito de concentrar el de -
sarrollo urbano a lo largo de los ejes 
o corredores con oferta de transporte 
público masivo, promoviendo altas 
densidades (concentración de po -
blación a través de un aumento en 
la edificabilidad) a lo largo de los 
ejes de carril exclusivo del sistema. 
Como resultado, las densidades tien -
den a ser más altas en áreas próxi -
mas a",
DOTS América Latina,5 DOT y planeación urbana (Gregor Wessels)/DOTS América Latina/TOD manual spanish.pdf,TOD manual spanish.pdf,32686202,146,,,TOD manual spanish,,,,,,,,"






",
DOTS América Latina,5 DOT y planeación urbana (Gregor Wessels)/DOTS América Latina/U Andes David Melendez Th II  Eng 8 Final.pdf,U Andes David Melendez Th II  Eng 8 Final.pdf,2381817,64,,David Francisco Melendez Guevara,David Francisco Meléndez Guevara,David Francisco Melendez Guevara,2014,,,,,eng," 
 
Estimation of a location model of land -uses in the city of Bogota  
for the assessment of a Transit Oriented Development (TOD) scheme 
in a BRT corridor.  
 
 
David Francisco Meléndez Guevara 
 
 
Presentada para cumplir con el requisito de Tesis para optar por el grado de: 
Maestría en Ingeniería Civil con énfasis en Transporte 
 
 
Asesor: Juan Pablo Bocarejo, PhD 
Jurado Interno: Luis Angel Guzmán, PhD 
Jurado Externo: Felipe Targa, MSc 
 
 
Universidad de los Andes 
Enero de 2014
 
 
Resumen: Aun cuando Transmilenio es reconocido como un proyecto exitoso existieron 
elementos que no fueron tenidos en cuenta relacionados con el desarrollo urbano. La normativa urbana 
de la ciudad muestra una desarticulación estratégica con la infraestructura de transporte público. Por lo 
tanto, se puede argumentar que el desarrollo de Transmilenio se dio bajo una integración incompleta 
entre las áreas de transporte y usos del suelo, lo cual llevó a una solución no óptima de ambas partes. Se 
puede ver como la infraestructura fue construida pero los asuntos de desarrollo urbano fueron dejados 
sin control a la respuesta de los desarrolladores urbanos Bajo los conceptos de Desarrollo Urbano 
Orientado al Transporte Público (DOT) dos características urbanas son evaluadas, estas son: 
densificación y mezcla de usos. Un modelo de regresión multivariable a nivel zonal es propuesto para 
entender las variables relacionadas con la localización de actividades dentro las particularidades de 
Bogotá. La accesibilidad y el potencial edificable aparecen como las principales variables explicativas de 
esas dinámicas urbanas. Adicionalmente, se analiza y se compara el crecimiento urbano entre las zonas 
con y sin cobertura de Transmilenio. Finalmente el modelo es usado para proyectar el crecimiento de 
actividades a lo largo del futuro corredor de Transmilenio de la Avenida Boyacá. Este modelo permite 
prever la configuración urbana a nivel del corredor, es útil para entender la localización y distribución de 
actividades y para así obtener una mejor planeación entre los elementos de transporte y usos del suelo.  
Abstract: Even though Transmilenio is recognized as a successful project, there are issues that 
were not taken into account in terms of urban development. The overall city’s urban development 
normative showed a strategic disarticulation with this transit infrastructure. As a result, it can be argued 
that Transmilenio was developed under a not fully integrated land-use transport vision that lead to a not 
optimal approach of both parts. It can be seen how infrastructure was deployed but urban development 
matters were left uncontrolled to the developer’s action. Under the concepts of Transit Oriented 
Development (TOD) two important features are analyzed, those are: densification and land-use mixing. A 
multivariate zone aggregated model is proposed to understand the variables related with the location of 
land-uses within Bogota’s particularities. Accessibility and built-up potential arise as the main variables 
explaining these development dynamics. Secondly, it is analyzed and compared both Transmilenio-
covered and non-covered zones growth. Then the model is used to forecast activities growth along 
future Av.Boyaca Transmilenio corridor. This model helps to asses a corridor-wide urban configuration 
which is helpful to understand the location and distribution of activities and then to obtain a better 
planning of both transportation of land-use features. 
 
 
Agradecimientos  
Quiero dar mis agradecimientos , primero, a mí familia la cual me ha acompañ ado y apoyado 
incondicionalmente en los varios años que llevo de estudio. A mí mamá, papá y hermana, entre 
muchas cosas, por creer en mí y por darme las mejores condiciones para llevar a cabo esta etapa 
de mi vida. También quiero agradecer a mis compañeros  y co legas del grupo -SUR por su 
compañía, interés y recomendaciones varias, a mi asesor Juan Pablo Bocarejo por la oportunidad 
de hacer la maestría en el grupo y por su confianza y libertad dada para el desarrollo de la tesis y a 
mis jurados por sus recomendaciones e interés en mi trabajo. Finalmente, también agradecer en la 
Secretaria de Planeación  a Sergio, Angel y Jairo por su dedicación par a obtener los datos 
espaciales y a Andrés, María y Ana María por la ayuda en la revisión de estilo del texto en inglés. 
 
 
 
Table of content 
1. INTRODUCTION ........................................................................................................................... 1 
1.1. Objectives ............................................................................................................................ 3 
1.2. Justification ......................................................................................................................... 3 
1.3. Research structure .............................................................................................................. 3 
2. TR",
DOTS América Latina,5 DOT y planeación urbana (Gregor Wessels)/DOTS América Latina/VergelTovar-Busrapidtransit-2022.pdf,VergelTovar-Busrapidtransit-2022.pdf,2946737,39,Bus rapid transit impacts on land uses and development over time in Bogotá and Quito,,Bus rapid transit impacts on land uses and development over time in Bogotá and Quito,(s): C. Erik Vergel-Tovar and Daniel A. Rodriguez,2022,and is published and sponsored by the University of Minnesota Center for T ransportation Studies.,,,10.2307/48719780,eng,"Bus rapid transit impacts on land uses and development over time in Bogotá and Quito 
Author(s): C. Erik Vergel-Tovar and Daniel A. Rodriguez 
Source: Journal of Transport and Land Use , 2022, Vol. 15, No. 1 (2022), pp. 425-462  
Published by: Journal of Transport and Land Use 
Stable URL: https://www.jstor.org/stable/10.2307/48719780
JSTOR is a not-for-profit service that helps scholars, researchers, and students discover, use, and build upon a wide 
range of content in a trusted digital archive. We use information technology and tools to increase productivity and 
facilitate new forms of scholarship. For more information about JSTOR, please contact support@jstor.org. 
 
Your use of the JSTOR archive indicates your acceptance of the Terms & Conditions of Use, available at 
https://about.jstor.org/terms
Journal of Transport and Land Use  is collaborating with JSTOR to digitize, preserve and extend 
access to Journal of Transport and Land Use
This content downloaded from 
190.24.107.93 on Fri, 12 Jan 2024 22:33:50 +00:00 
All use subject to https://about.jstor.org/terms
1 Introduction
The relationship between transport and land development suggests that land rents and density increase 
when parcels are closer to the main activity nodes within the urban spatial structure (Alonso, 1964; 
Muth, 1969). Mass transit investments influence the spatial distribution of urban spatial structure 
attributes such as land rents and building heights due to the accessibility benefits, they provide. This 
extra density in turn benefits the transit systems. This reciprocal influence between transportation infra-
structure and urban development creates opportunities to reshape cities via transportation investments.
The effects of mass transit on land uses and development constitutes a field of research that has 
been largely explored for rail-based systems but only more recently has begun to examine the impacts 
of BRT systems. The capacity of BRT to influence the type of land uses and development taking place 
along transit corridors constitutes an emerging area of research in regions such as Latin America, which 
is a regional leader in the design and implementation of this type of mass transit system (Vergel T ovar, 
2021). Given the rapid growth of BRT systems worldwide and the level of skepticism regarding the 
urban shaping effects of this type of mass transit system, it becomes more important to understand 
Article history:
Received: August 30, 2021
Received in revised form:  
January 25, 2022 
Accepted: June 14, 2022
Available online: August 5, 2022
Copyright 2022 C. Erik Vergel-T ovar & Daniel A. Rodriguez
http://dx.doi.org/10.5198/jtlu.2022.1888
ISSN: 1938-7849 | Licensed under the Creative Commons Attribution – Noncommercial License 4.0 
The Journal of Transport and Land Use is the official journal of the World Society for T ransport and Land Use (WSTLUR) 
and is published and sponsored by the University of Minnesota Center for T ransportation Studies. 
The Journal of Transport and Land Use    http://jtlu.org
V ol. 15 No. 1 [2022] pp. 425–462
C. Erik Vergel-Tovar
Universidad de los Andes
c.vergel@uniandes.edu.co
Daniel A. Rodriguez
University of California at Berkeley
danrod@berkeley.edu
Bus rapid transit impacts on land uses and development over time 
in Bogotá and Quito
Abstract:  Despite the worldwide popularity of bus rapid transit 
(BRT), empirical evidence of its effects on land uses and development 
remains limited. This paper examines BRT’s impacts on land use and 
development in Bogotá and Quito, by using a parcel-level difference-
in-differences research design. We estimate a propensity score-weighted 
regression model of parcel development characteristics in treatment 
and control areas. In Bogotá, although parcels in close proximity to the 
BRT are subject to fewer changes in terms of development intensity 
(changes in built-up area) in relation to parcels in the control area, they 
are more likely to change uses, shifting toward commercial activities. In 
Quito, the results are mixed; parcels in one BRT corridor are more likely 
to be subject to redevelopment, but the parcels in a more recent BRT 
corridor are less likely to be subject to development activity in relation 
to parcels in the control corridor. Taken together, our results suggest that 
changes in land use are important but frequently overlooked impacts 
produced by BRT implementation. Attempts to capture value from mass 
transit investments should also consider the ancillary planning decisions 
required to allow changes in land use.
This content downloaded from 
190.24.107.93 on Fri, 12 Jan 2024 22:33:50 +00:00 
All use subject to https://about.jstor.org/terms
426 JOURNAL OF TRANSPORT AND LAND USE 15.1
the impacts on urban development, by looking at mature systems such as those implemented in Latin 
America.
The majority of studies examining the relationship between BRT and the built environment have 
focused on the association between acce",
DOTS Colombia,5 DOT y planeación urbana (Gregor Wessels)/DOTS América Latina/DOTS Colombia/2019_DOTS_Una prospectiva para Colombia.pdf,2019_DOTS_Una prospectiva para Colombia.pdf,58272,1,,,Julián Rodrigo Quintero-González2,,,,,,,por,"12/1/24, 17:22 Vista de Desarrollo Orientado al Transporte Sostenible (DOTS). Una prospectiva para Colombia | Bitácora Urbano Territorial
https://revistas.unal.edu.co/index.php/bitacora/article/view/65979/html 1/1
Desarrollo Orientado al Transporte Sostenible (DOTS).
Una prospectiva para Colombia1
Sustainable Transit-Oriented Development (STOD).
A prospective for Colombia
Desenvolvimento Orientado para o Transporte Sustentável (DOTS).
Um prospecto para a Colômbia
Développement Durable Axé sur les Transports (DDAT).
Une prospective pour la Colombie
Julián Rodrigo Quintero-González2
Magíster en Derecho del Transporte, Logística e Infraestructura
Magíster en Ingeniería Ambiental
AHCTTUM Quintero-G Ingeniería S.A.S., Colombia
investigacion@ahcttum.com, proyectos@ahcttum.com
jrquinterog.itv@gmail.com
https://orcid.org/0000-0001-5238-4067
Resumen
De la relación territorio-transporte surge el concepto de Desarrollo Orientado al Transporte (DOT) como un modelo de planeación urbana
tiene por objeto formular las estrategias de un Desarrollo Orientado al Transporte Sostenible (DOTS) para Colombia. La metodología tom
relación a los sistemas de transporte urbano alternativo en el país y utiliza como base los postulados internacionales para el establecimien
plantean como áreas estratégicas a la política pública, el territorio y el ambiente, la movilidad y la accesibilidad urbanas, el urbanismo, la e
transformación urbana que posee el transporte trasciende a la planeación e implementación del DOTS, para lo cual se requiere de política
Palabras clave: desarrollo orientado al transporte sostenible (DOTS), transporte urbano, valoración de políticas públicas, Colombia.
Abstract
From the territory-transport relationship arises the concept of Transit-Oriented Development (TOD), as a model of urban and territorial p
formulate the strategies of a Sustainable Transit-Oriented Development (STOD) for Colombia. The methodology takes as a starting point t
transport systems in the country and uses as a basis the international postulates for the establishment of the areas in which STOD should
territory and environment, urban mobility and accessibility, urbanism, economy and society. It is concluded that the strong capacity of urb
implementation of STOD, for which comprehensive public policies are required.
Keywords: sustainable transit-oriented development (STOD), urban transport, public policy evaluation, Colombia.
Resumo:
A partir da relação território-transporte surge no conceito de Desenvolvimento Orientado para o Transporte (DOT), como modelo de plan
objetivo deste artigo é formular as estratégias de um Desenvolvimento Orientado para o Transporte Sustentável (DOTS) para a Colômbia. 
públicas em relação aos sistemas alternativos de transporte urbano no país e utiliza como base os postulados internacionais para o estabe
resultados levantam-se como áreas estratégicas para políticas públicas, território e ambiente, mobilidade urbana e acessibilidade, urbanis
transformação urbana que o transporte tem, transcende o planejamento e implementação do DOTS, para o qual são necessárias políticas 
Desarrollo Orientado al Transporte Sostenible (DOTS). Una prospectiva para Colombia (https://revistas.unal.edu.co/index.php/bitacora/article/view/65979)
(https://revistas.unal.edu.co/index.php/bitacora/article/view/65979)
",
DOTS Colombia,5 DOT y planeación urbana (Gregor Wessels)/DOTS América Latina/DOTS Colombia/2019_Potencial_DOTS_TM.pdf,2019_Potencial_DOTS_TM.pdf,3616882,135,"Potencial del Desarrollo Orientado al Transporte como transformador urbano. Caso de estudio: Transmilenio, Bogotá, Colombia, 2019",Ing. Paola M. Cavadía Álvarez,"Potencial del Desarrollo Orientado al Transporte como transformador urbano. Caso de estudio: Transmilenio, Bogotá, Colombia, 2019",Ing. Paola M. Cavadía Álvarez,2019,,,,,spa," 
 
 
  
Potencial del Desarrollo Orientado al 
Transporte como transformador urbano. 
Caso de estudio: Transmilenio, Bogotá, 
Colombia, 2019 
Trabajo Final de Máster 
Máster en planificación del territorio y gestión ambiental 
Centro Universitario Internacional de Barcelona UNIBA 
Universidad de Barcelona 
Tutora: Dra. Verónica I. Quiroz 
López 
Barcelona, 30 de julio de 2019 
Ing. Paola M. Cavadía Álvarez 
      
 
 
 
 
 
 
 
 
 
 
 
 
 
  
A mi esposo, por todo su amor, paciencia 
y apoyo incondicional en esta nueva 
aventura de aprendizaje. 
 
A mi pequeño Isaac, quien me acompañó 
con mucha alegría en este proceso y cedió 
parte de su tiempo de juego con mamá 
para poder asumir este reto. 
 
A mi mamá por sus palabras de ánimo en 
esos momentos complicados y a mi papá 
por “ayudarme a llevar el maletín”.     
  
 
 
 
  
 
 
 
 
 
 
 
 
Agradecimientos 
 
 
A mi familia y amigos, su apoyo y comprensión durante este último año fueron vitales para 
mantener la calma, sobrellevar y aprender de cada uno de los retos que me fui encontrando durante 
este máster. 
 
A mi tutora la Dra. Verónica Quiroz por todas las pautas y recomendaciones tan acertadas que me 
proporcionó a lo largo de este periodo. Su acompañamiento fue muy constructivo para el proceso 
de aprendizaje y en especial para la generación de este documento. 
 
Al Dr. César Ruiz por todas las enseñanzas que me ha estado compartiendo desde que tuvimos la 
oportunidad de trabajar juntos,  y en particular por su tiempo y sus aportes, que me ayudaron a 
enriquecer este trabajo. 
 
A Pablo Montenegro , Simón Mesa y Jean Duque por abrirme u n espacio en su agenda y 
colaborarme con las entrevistas correspondientes al estudio de caso.  
 
  
 
 
 
 
 
  
Resumen - abstract 
 
VII 
 
 
 
 
 
 
 
 
 
Resumen 
 
En la concepción de sistemas de transporte  público colectivo  es fundamental considerar el 
desarrollo del territorio articulado con los usos del suelo. Es en ese marco que surge la metodología 
de Desarrollo Orientada al Transporte (DOT), que ha sido aplicada durante las últimas décadas en 
varios territorios con mayo r o menor grado de éxito. En este estudio se hizo una revisión 
bibliográfica que permitió identificar algunos casos que lograron implementar de manera exitosa 
proyectos basados en los principios DOT. Una revisión detallada de las condiciones que se dieron 
durante la concepción de cada uno de esos proyectos, fueron claves para la generación de unas 
lecciones replicables para el caso de Transmilenio en Bogotá. Elementos relacionados con la 
normativa, los instrumentos de planificación, de gestión del suelo y l a financiación se revelaron 
como claves en este proceso, así como la institucionalidad  y la capacidad de gestión. Un análisis 
complementado con la opinión de expertos en DOT permitió la comprensión de sus implicaciones 
en el sistema Transmilenio. 
 
Palabras claves: Desarrollo Orientado al Transporte (DOT), desarrollo urbano, captura de valor, 
bus rapid transit (BRT), Transmilenio, gestión del suelo. 
 
VIII 
 
Potencial del Desarrollo Orientado al Transporte como transformador urbano.  
Caso de estudio: Transmilenio, Bogotá, Colombia, 2019 
  
 
Abstract 
In the conception of transit systems it is essential to consider the development of the territory 
articulated with land uses. It is within this framework that the Transport Oriented Development 
(TOD) methodology emerges, which has been applied during the last decades in several territories 
with a greater or lesser degree of success. In this study a bibliographic review was made that 
allowed to identify some cases that successfully implemented projects based on the TOD 
principles. A detailed review of the conditions that occurred during the conception of each of these 
projects, were key to the generation of replicable lessons for the Transmilenio case in Bogotá. 
Elements related to regulations, planning instruments, land management and financing were 
revealed as keys in this process, as well as institutionality and management capacity. An analysis 
complemented by the opinion of experts in TOD allowed the understanding of its implications in 
the Transmilenio system. 
 
Keywords: Transportation Oriented Development (TOD), urban development, value capture, bus 
rapid transit (BRT), Transmilenio, land management. 
 
  ",
DOTS Colombia,"5 DOT y planeación urbana (Gregor Wessels)/DOTS América Latina/DOTS Colombia/2021-Ciudad, transporte y genero-MFP.pdf","2021-Ciudad, transporte y genero-MFP.pdf",2617673,45,"CIUDAD, TRANSPORTE Y GÉNERO: LA MOVILIDAD URBANA EN EL DESARROLLO SOSTENIBLE URBANO DE VILLAVICENCIO",Microsoft Office User,"CIUDAD, TRANSPORTE Y GÉNERO: LA MOVILIDAD URBANA EN EL DESARROLLO SOSTENIBLE URBANO DE VILLAVICENCIO",Microsoft Office User,2021,,,,,spa," 
CIUDAD, TRANSPORTE Y GÉNERO: LA MOVILIDAD URBANA EN EL 
DESARROLLO SOSTENIBLE DE VILLAVICENCIO 
 
Arq. María Fernanda Parra Mosquera – mf.parram1@uniandes.edu.co 
Director: C. Erik Vergel-Tovar, Ph.D. 
Asesora: Diana Ojeda, Ph.D. 
 
Maestría en Planificación Urbana y Regional - MPUR 
Cider | Universidad De Los Andes  
Bogotá, Colombia 
2021 
 
RESUMEN  
 
“Así como los sistemas de transporte definen la estructura de la ciudad, el género define la estructura de la sociedad” 
(Kunieda & Gauthier, 2007:1). 
 
La presente investigación pretende comprender la perspectiva de género desde la experiencia de viaje de las mujeres 
en una ciudad intermedia como Villavicencio. Además, busca entender la movilidad como una práctica social y cultural 
que tenga en cuenta las necesidades de accesibilidad y de derechos de las mujeres, para poder generar un desarrollo 
urbano sostenible en el territorio. Para esto, se contrasta la percepción de las m ujeres con la medición del nivel del 
Desarrollo Orientado al Transporte (DOT), las participantes por medio de una aplicación móvil mapearon sus recorridos 
diarios y luego fueran entrevistadas. Esto permitió crear tres nuevas tipologías de desplazamiento ur bano, dado que 
deben realizar más de una parada antes de llegar a su destino final como causa de actividades del cuidado y 
responsabilidades familiares a su carg o, la sensación de inseguridad determina el uso de modos de transporte 
sostenibles, existe una percepción negativa sobre la calidad y condiciones del entorno construido y la percepción, 
experiencia de seguridad personal y acoso sexual afecta como se desplazan diariamente las participantes y reduce su 
accesibilidad. Finalmente, la medición del nivel DOT demostró que el entorno construido no tiene en cuenta la 
perspectiva de género, no se tienen en cuenta temas de seguridad y accesibilidad.  
Palabras clave: Desarrollo urbano sostenible. Movilidad urbana. Desarrollo orientado al transporte (TOD). Perspectiva 
de género. 
ABSTRACT 
 
""As transport systems define the structure of the city, gender defines the structure of society"" (Kunieda & Gauthier, 
2007: 1). 
 
The present research seeks to understand the gender perspective from the travel experience of women in an 
intermediate city such as Villavicencio. It also seeks to understand mobility as a social and cultural practice that takes 
into account the needs of accessibility and women's rights, in order to generate sustainable urban development in the 
territory. For this, the perception of women is contrasted with the measurement of the level of Transport Oriented 
Development (TOD), the participants used a mobile application to map their daily routes and were then interviewed. 
This allowed the creation of three new types of urban commuting, given that they must make more than one stop before 
reaching their final destination due to care activities and family respons ibilities, the feeling of insecurity determines the 
use of sustainable modes of transportation, there is a negative perception of the quality and conditions of the built 
environment, and the perception and experience of personal safety and sexual harassment affects the participants' daily 
commute and reduces their accessibility. Finally, the measurement of the TOD level showed that the built environment 
does not take into account the gender perspective, safety and accessibility issues are not taken into account.  
Key words: Sustainable urban development. Urban mobility. Transit-oriented development (TOD). Gender perspective. 
 
 
 
 
 
 
INTRODUCCIÓN 
 
Presentación problema 
 
Actualmente América Latina es la región más urbanizada del mundo en desarrollo , debido al 
acelerado crecimiento demográfico en las últimas décadas ; su población ha aumentado en más 
de 100 millones de personas en menos de 15 años, países como Colombia presentaron una tasa 
de crecimiento entre el 0,6 y el 1,8 porciento en los últimos años (Chackiel, 2004). Las ciudades 
intermedias latinoamericanas (ciudades con 50 mil a 1 millón de habitantes) se caracterizan por 
presentar un alto crecimiento demográfico (Jordán y Simioni, 1998), durante la segunda mitad del 
siglo XX se fueron transformando, donde las dinámicas poblacionales, económicas y sociales se 
convirtieron en un factor relevante en la conformación del territorio (Sánchez, 2018, como se citó 
en Hurtado, 2017). Por lo tanto, la ciudad intermedia desenvuelve un importante papel entre las 
regionales y las áreas rurales. “El concepto de ciudades intermedias se basa en la idea de que el 
potencial y la importancia de la ciudad no solo d ependen de su tamaño demográfico, sino de la 
manera como se relacionan con elementos urbanos y territoriales dentro de su sistema: su 
capacidad para crear relaciones y una red, así como las características de esta” (Hoeflich & Llop, 
2015 como se citó en Otero y Llop, 2020:3). No obstante, aunque el crecimiento poblacional ha 
ido a la par con el proceso de desarrollo y",
DOTS Colombia,5 DOT y planeación urbana (Gregor Wessels)/DOTS América Latina/DOTS Colombia/2021_Potencial_DOTS.pdf,2021_Potencial_DOTS.pdf,6830371,119,,PC,EVALUANDO EL POTENCIAL DEL DESARROLLO ORIENTADO AL,PC,2021,DEPARTAMENTO:,,,,spa,"1 
 
 
 
EVALUANDO EL POTENCIAL DEL DESARROLLO ORIENTADO AL 
TRANSPORTE CONSIDERANDO LAS PREFERENCIAS Y 
PERCEPCIONES DE LOS CIUDADANOS 
 
 
 
Presenta: 
VERÓNICA MEZA LLINÁS 
Tesis de Grado presentado como requisito para optar por el título de Magíster en Ingeniería 
Civil 
 
 
Tutor: 
JULIÁN ALBERTO ARELLANA OCHOA 
 
 
 
 
 
 
 
UNIVERSIDAD DEL NORTE 
FACULTAD DE INGENIERÍA CIVIL Y AMBIENTAL 
BARRANQUILLA-ATLÁNTICO 
DICIEMBRE DE 2021 
 
 
FICHA DEL PROYECTO 
 
TÍTULO: 
 

2 
 
 
FICHA DEL PROYECTO 
 
TÍTULO: 
Evaluando El Potencial Del Desarrollo Orientado Al Transporte Considerando Las Preferencias Y 
Percepciones De Los Ciudadanos 
 
DEPARTAMENTO:  
Departamento de Ingeniería Civil y Ambiental 
 
ESTUDIANTE:  
Verónica Meza Llinás 
llinasv@uninorte.edu.co 
COD  200091177 
 
TUTOR: 
Julián Alberto Arellana Ochoa 
 
 
LÍNEA DE INVESTIGACIÓN: 
Ingeniería en Transporte 
 
PALABRAS CLAVES: 
DOT, BRT, Ciudades latinas, Percepciones, Preferencias. 
 
 
 
 
 
 
3 
 
AGRADECIMIENTOS 
 
La culminación de esta tesis de  maestría es dedicada con gratitud a mi tutor el pro fesor Julián 
Arellana, quien han sido como un padre para mi durante los dos últimos años.  
A la Universidad del Norte, que me formó desde el año 2016 como ingeniera civil y me permitió ser 
parte del programa de Maestría, brindándome herramientas y múltiples oportunidades a lo largo de 
estos años. 
A mis padres y hermanos, quienes fueron mi apoyo emocional, me acompañaron  en todos los 
momentos difíciles y me motivaron hasta terminar éste proceso. 
A mis amigos y compañeros de maestría, que ayudaron con sus aportes y conocimientos a nutrir esta 
investigación.  
Por último y más importante, a Dios que me acompaña en todo momento y en todas mis decisiones. 
 
 
 
4 
 
TABLA DE CONTENIDO 
 
1. INTRODUCCIÓN .................................................................................................................... 11 
 DEFINICIÓN DEL PROBLEMA .................................................................................... 11 
 OBJETIVOS ..................................................................................................................... 12 
1.2.1. OBJETIVO GENERAL ............................................................................................ 12 
1.2.2. OBJETIVOS ESPECÍFICOS .................................................................................... 12 
 CONTRIBUCIONES ........................................................................................................ 13 
 LIMITACIONES DEL ESTUDIO Y TRABAJOS FUTUROS ....................................... 13 
2. ANTECEDENTES ................................................................................................................... 15 
 DESARROLLO ORIENTADO AL TRANSPORTE Y BRT ........................................... 15 
 INVESTIGACIONES DOT EN LATINOAMERICA ..................................................... 15 
3. CASO DE ESTUDIO: BARRANQUILLA ............................................................................. 20 
 TRANPORTE PÚBLICO DE LA CIUDAD .................................................................... 20 
3.1.1. TRANSPORTE PÚBLICO COLECTIVO ............................................................... 21 
3.1.2. SISTEMA DE TRANSPORTE MASIVO DE LA CIUDAD ................................... 21 
 OPERACIÓN Y COBERTURA DEL SISTEMA DE TRANSMETRO .......................... 22 
 PANÓRAMA DE MOVILIDAD EN LA CIUDAD ........................................................ 23 
4. DATOS Y METODOLOGÍA .................................................................................................. 27 
 DEFINICIONES ............................................................................................................... 27 
 COMPONENTE OBJETIVO-DOT .................................................................................. 27 
4.2.1. HERRAMIENTAS Y DATOS ................................................................................. 28 
4.2.2. DEFINICIÓN DE LAS ZONAS ALEDAÑAS ........................................................ 29 
4.2.3. MÉTODOS DE MEDICIÓN .................................................................................... 30 
 COMPONENTE SUBJETIVO: PERCEPCIÓN Y PREFERENCIAS ............................. 40 
4.3.1. DATOS RECOLECTADOS ..................................................................................... 40 
4.3.2. DISEÑO DEL CUESTIONARIO DE PERCEPCIONES ......................................... 41 
4.3.3. CUESTIONARIO DE PREFERENCIAS - RANKING ........................................... 44 
5. MODELACIÓN ....................................................................................................................... 46 
 PERCEPCIONES: MODELO SEM ................................................................................. 46 
5.1.1. CONSTRUCCIÓN Y EVALUACIÓN DEL MODELO SEM ................................. 46 
5.1.2. HIPÓTESIS DE LA INVESTIGACIÓN ..........",
DOTS Colombia,5 DOT y planeación urbana (Gregor Wessels)/DOTS América Latina/DOTS Colombia/2022_Analytics_tool_Simulated_DOTS.pdf,2022_Analytics_tool_Simulated_DOTS.pdf,5364616,8,,,A SPATIO-TEMPORAL VISUAL ANALYTICS TOOL FOR SIMULATED TRANSPORT,"transport mode (BRT, car, bike, walking) between two zones",2018,"University De Los Andes - Colombia, IMAGINE research group, SUR research group -",,,10.5194/isprs-archives-XLVIII-4-W5-2022-113-2022,eng,"A SPATIO-TEMPORAL VISUAL ANALYTICS TOOL FOR SIMULATED TRANSPORT 
ORIENTED-LAND USE URBAN PLANNING DATA
L
. Merchan Zorro, A. A. Vivas Meza,  O. D. Bautista Acosta, H. E. Castro Barrera, J. R. Peña, L. A. Guzman, J. T. Hernandez*
University De Los Andes - Colombia, IMAGINE research group, SUR research group -
(l.merchanz, aa.vivas, dj.bautista10, hcastro, jr.pena, la.guzman, jhernand)@uniandes.edu.co
Commission IV , WG IV/9
KEY WORDS: Data Visualization, Urban Visual Analytics, Interactive Urban Data Analysis, Spatiotemporal Data Visualization
ABSTRACT:
This article presents a proposal framed in urban visual analytics, which aims to facilitate the exploration and analysis of zonal 
spatial indicators over time for a case of a large city-region. The context in which this exploration is carried out is the evaluation of 
the impact of interventions in land use and transportation, based on data produced by an integrated simulation system. The large 
amount of data to evaluate a scenario makes urgent the effort to design new interactive analysis environments. The resulting 
prototype (VIZ-BUS: Visual Analytics for Bogota Urban Simulator) has, for its design, an analyst-centric approach to the analysis 
task.
 Our first web deployment has been very well received by urban planning specialists in order to evaluate scenarios for a 
sustainable and smart city-region.
1. INTRODUCTION
Simulation models oriented to integrate the dynamics of land
use, mobility and economic activity in a city region are power-
ful tools to planning sustainable cities. Decision makers can
analyze different alternatives of intervention using estimations
of evolution over time of comex city-region, based on a set of
indicators located in analysis zones. This paper presents VIZ-
BUS: a Urban Visual Analytics toolkit associated with BUS
(Bogota Urban Simulator), an integrated simulator of land use,
transport and economic activity in a city region of 10 million in-
habitants (Guzman, 2018) (Vivas et al., 2021). Different urban
intervention alternatives can then be simulated and different
scenarios for the city region can be compared over a horizon of
years of the simulation period. The challenge is how to explore
and compare a significant number of indicators, some of which
refer to each zone and others to interactions between pairs of
zones. For example, employment in a zone, or number of trips
by transport mode (BRT, car, bike, walking) between two zones
of interest. The BUS platform (Vivas et al., 2021), as a simu-
lator based on a spatial model based on a partitioning of space
into zones and an integrated simulation, allows simulating dif-
ferent intervention scenarios in a city-region environment. A
simulation run produces an estimate of the state of each zone
over the simulation interval, period by period.
When we have a city-region like Bogota (10 millions inhab-
itants) with 150 spatial zones, 50 intra-zone indicators - e.g.,
number of households in the zone -, and 50 inter-zone indicat-
ors, between pairs of zones (22,500) - e.g., number of origin-
destination trips -, to describe the state of the city-region, this
amounts to approximately 130,000 values for a period. If we
have this per year over a 30-year horizon, we can very quickly
see the analysis challenges and limitations that. (Perveen et al.,
2019) (Doraiswamy et al., 2018)
This article is focused on supporting visual analysis with an ap-
proach and tools that seeks to make the data resulting from the
∗ Corresponding author
simulation of a set of scenarios available to the analyst. This
is achieved thanks to a Visual Analytics approach, implemen-
ted on a web platform in order to generate an ”any-time, any-
where” availability. Its results are in the framework of an agree-
ment with the city of Bogota, and its first results are being used
by the city’s planning department. Our main contribution is our
proposal for interactive visualization oriented by expert analysis
tasks taking into account the spatio-temporal nature of the ana-
lysis.(Doraiswamy et al., 2018)(Andrienko et al., 2003)
The article is structured as follows: first we present a section
with the most relevant publications that have influenced this
proposal; then we briefly present the characteristics of the data
model in BUS, so that in this context the description of VIZ-
BUS, the set of visual analysis tools developed, shows its be-
nefits for the analyst, and its adaptability to other models of
its type. We then show the results of the first evaluations with
experts, and finally our conclusions and vision for future devel-
opments.
2. RELATED WORK
The effort to design and develop integrated simulation mod-
els for city planning has been very impressive in the last 20
years. Integrated models with mobility, land use and eco-
nomic activity is a challenge(Batty and Milton, 2021)(Batty
et al., 2013)(Lopes, 2010)(Pettit et al., 2018).We find this
kind of models developed for several European cities, as well
as some ",
Bogota 21 Transit-oriented Metropolis,5 DOT y planeación urbana (Gregor Wessels)/DOTS América Latina/DOTS Colombia/Bogota 21 Transit-oriented Metropolis/Bogota 21 engish digital 31-10-12.pdf,Bogota 21 engish digital 31-10-12.pdf,9030437,108,,,Gregor Wessels,,2050,German Federal Ministry for Economic Cooperation,,9789585767409,,eng,"Gregor Wessels
Carlos Felipe Pardo
Juan Pablo Bocarejo


Gregor Wessels
Carlos Felipe Pardo
Juan Pablo Bocarejo

BOGOTÁ 21. TOWARDS A WORLD-CLASS, TRANSIT-ORIENTED METROPOLIS
2
FOREWORD
EXECUTIVE SUMMARY
INTRODUCTION
1. BOGOTÁ: CHALLENGES OF
 AN EMERGING MEGA-CITY
1.1 Challenges
1.2 Bogotá’s Ranking in the City 21
 Benchmark
2. PROSPECTS AND ASPIRATIONS
2.1 City Plans for Bogotá
2.2 Long-term Impact of Mega-Trends
 and Bogotá’s 2050 City Ranking
2.3	 SWOT	Analysis	and	Best	Practices
2.4	 Fields	of	Priority	Actions	and	Measures
3. THE POTENTIAL: VISION 
 AND ACTION NEEDS
3.1	 Optimisation	of	the	Investment
	 Portfolio
3.2	 Selected	Achievements	of
	 the	Optimised	Investment	Scenario
3.3 Breakdown of the
	 Optimised	Investment	Scenario
4. TRANSFORMING BOGOTÁ INTO 
 A WORLD-CLASS, TRANSIT- ORIENTED
 METROPOLIS
4.1	 Urban	development
	 underlying	principles
4.2	 Urban	Environment
4.3	 Structural	Plans	for
 Bogotá D.C. and its Metropolitan Region
Coordinating lead authors:
Gregor	 Wessels,	 Carlos	 Felipe	 Pardo,	 Juan	 Pablo	 
Bocarejo: Bogotá 21 – Towards a World-Class, Transit-
Oriented Metropolis, Bogotá, October 2012.
Disclaimer:
The	 development	 partnership	 “Bogotá	 21”	 with	 Sie-
mens is part of the develoPPP.de  programme that 
Deutsche	 Gesellschaft	 für	 Internationale	 Zusamme-
narbeit	 (GIZ)	 GmbH	 implements	 on	 behalf	 of	 the	
German	 Federal	 Ministry	 for	 Economic	 Cooperation 	
and	Development	 (BMZ).	It	is	carried	 out	by	indepen-
dent research partners. They are responsible for the 
methodology,	 data	 collection	 and	 analysis	 as	 well	 as	
report	 edition.	 Findings, 	 interpretations	 and	 conclu-
sions	 expressed	 in	 this	 document	 are	 based	 on	 infor-
mation	gathered	by	the	consultants, 	partners	 and	con-
tributors	of	the	project.
Fundación Despacio
Calle	93A	#	14-17	oficina	708
Bogotá D.C., Colombia
Telephone:	+571	248	4420
http://despacio.org
info@despacio.org 
ISBN:	978-958-57674-0-9
Printing:
Editorial Scripto
Address:	Cll.	76Bis	No.	20C	-	19, 	Bogotá	-	Colombia
Phone:	+571	756	20	03
Printed in Colombia
ACKNOWLEDGEMENTS
The	 development	 partnership	 “Bogotá	 21”	 with	 Sie-
mens	 AG	is	 part	 of	 the	 develoPPP .de	programme	 that	
Deutsche	 Gesellschaft	für	Internationale	Zusammenar-
beit	(GIZ)	GmbH	implements	 on	behalf	of	the	German	
Federal	 Ministry	 for	Economic	 Cooperation	 and	Deve-
lopment	(BMZ).
Partnerships	 between	 the	 private	 sector	 and	 govern-
ment	 create	 sustainable	 development.	 This	 has	 been	
shown	by	more	than	1,500	 cooperation	 arrangements	
implemented	with	develoPPP .de	in	more	than	70	deve-
loping	countries	and	emerging	markets	since	1999.
Sustainable	 development	 requires	 entrepreneurial	
commitment	 –	 not	 only	 in	 Germany,	 but	 also	 in	 the	
partner	 countries	 of	the	BMZ.	 Companies	 create	jobs,	
secure	 incomes,	 transfer	 technical	 knowledge	 and	 in-
troduce	forward-looking	technologies.
“Bogotá	21”	is	executed	in	collaboration	with	Universi-
dad	de	los	Andes,	Infratrans	(ITS)	Consultancy	 Limited,	
Fundación	Despacio	and	Consultoria	Colombiana.
The	 Government	of	Bogotá	 warmly	welcomes	 the	De-
velopment	 Partnership	 “Bogotá	 21”	and	 considers	 its	
findings	as	a	relevant	reference	for	the	city’s	long-term	
and	strategic	development	planning.
The	 project	 team	 would	 like	 to	 express	 their	 thanks	
to	many	individuals	 and	organisations	 who	have	given	
guidance	and	assistance	wherever	it	was	required.	We	
are	 particularly	 grateful	 to	 Felipe	 Targa	Rodriguez	 for	
his	 advice	 and	 support	 to	 the	 project	 during	 his	 time	
as	 Deputy	 Minister	 of	 Transport	 for	 Colombia,	 and	 to	
Professor	 Carlos	 Moncada	 of	 Universidad	 Nacional	 de	
Colombia	for	his	continuous	and	active	support.
5
6
8
15
16
18
24
25
26
32
35
42
43
47
49
50
51
51
57
TABLE OF CONTENTS
BOGOTÁ 21. TOWARDS A WORLD-CLASS, TRANSIT-ORIENTED METROPOLIS
3
5. PRINCIPLES TO BUILD THE
 TRANSIT-ORIENTED METROPOLIS
5.1	 Hierarchically	Structured
 Mass Rapid Transit for Bogotá
5.2	 Organisational	Structure
 for Mass Rapid Transit in Bogotá
6. PROPOSED PRIORITY
 MEASURES AND ACTIONS
6.1	 Priority	Investment	Projects
6.2	 Priority	Study	Needs
6.3	 Immediate	Action	Programme
6.4	 Transit-Oriented	Development:
	 Application	to	Bogotá
6.5	 Community	Participation
7. HOW TO IMPLEMENT 
 THE BOGOTÁ 21 PROGRAMME
7.1	 Developing	the	Bogotá	21	Agenda
7.2	 Key	Factors	of	Success
7.3 Steering of Planning
	 and	Implementation
8. OPTIONS TO FINANCE THE 
 BOGOTÁ 21 AGENDA
9.  CONCLUSIONS
Bibliography 
Abbreviations
Figures
Text Boxes
Tables
62
63
66
68
69
71
72
83
84
86
87
87
88
90
98
100
102
103
104
105
PROJECT TEAM:
ITS Infratrans Consultancy:
• Dr. Gregor Wessels 
•	 Georg	Püttner	
• Torsten Lenck 
•	 Günter	Stöhr	
Consultoría Colombiana:
• Jairo Alberto Espejo Molano 
•	 Enrique	Aristizabal
•	 Carlos	Andrés	López
•	 Daniela	Nieto
• Mike Barrera
 
Universidad de los Andes: CIE Movilidad Sostenible:
•	 Dr.	Juan	Pablo	Bocarejo
•	 Ingrid	Portilla
•	 Dr.	José	Tibe",
Bogota 21 Transit-oriented Metropolis,5 DOT y planeación urbana (Gregor Wessels)/DOTS América Latina/DOTS Colombia/Bogota 21 Transit-oriented Metropolis/Bogota 21 espanol digital 31-10-12.pdf,Bogota 21 espanol digital 31-10-12.pdf,9525328,108,,,Gregor Wessels,más de 1.500 acuerdos de cooperación implemen-,2050,(GIZ) GmbH implementa en nombre del Ministerio Fe-,,9789585767409,,spa,"Gregor Wessels
Carlos Felipe Pardo
Juan Pablo Bocarejo

Gregor Wessels
Carlos Felipe Pardo
Juan Pablo Bocarejo
BOGOTÁ 21. Hacia una Metrópoli de Clase Mundial Orientada al Transporte Público
2
PREFACIO
RESUMEN EJECUTIVO
INTRODUCCIÓN
1. BOGOTÁ: RETOS DE UNA 
 MEGACIUDAD EMERGENTE
1.1 Retos
1.2	 La	clasificación	de	Bogotá	
	 en	el	benchmark 	de	Ciudades	
2. PERSPECTIVAS Y ASPIRACIONES
2.1	 Planes	de	la	ciudad	para	Bogotá
2.2	 Impacto	de	largo	plazo	de	las
	 megatendencias	y	la	posición	de
	 Bogotá	2050	entre	las	distintas	ciudades
2.3	 Análisis	DOFA	y	mejores	prácticas
2.4	 Campos	de	medidas	y	scciones
	 prioritarias
3. EL POTENCIAL: ACCIÓN
 Y VISIÓN NECESARIAS
3.1	 Optimización	del	portafolio	de	inversión
3.2	 Logros	seleccionados	del	escenario
	 óptimo	de 	inversión
3.3	 Desglose	del	Escenario	Óptimo
	 de	 Inversión
4. TRANSFORMANDO BOGOTÁ EN UNA
 METRÓPOLI DE CLASE MUNDIAL 
 ORIENTADA AL TRANSPORTE PÚBLICO
4.1	 Principios	subyacentes	del	desarrollo
	 urbano
4.2	 Medio	ambiente	urbano
4.3	 Planes	estructurales	para	Bogotá	D.C.	y
	 su	Región	Metropolitana	(Gran	Bogotá)
Autores principales:
Gregor	 Wessels,	 Carlos	 Felipe	 Pardo,	 Juan	 Pablo	 
Bocarejo:	 Bogotá	 21	 –	 Hacia	 una	 Metrópoli	 de	 Clase	
Mundial	 Orientada	 al	 Transporte	 Público,	 Bogotá,	 Oc-
tubre	2012.
Responsabilidad de los contenidos:
La	 asociación	 para	 el	 desarrollo	 “Bogotá	 21”	con	 Sie-
mens	es	parte	del	programa	develoPPP .de	que	la	Deuts-
che	 Gesellschaft	 für	 Internationale	 Zusammenarbeit	
(GIZ)	GmbH	implementa	en	nombre	del	Ministerio	Fe-
deral	 Alemán	 de	 Cooperación	 Económica	 y	Desarrollo	
(BMZ).	 Ha	 sido	 realizada	 por	 investigadores	 indepen-
dientes.	 Ellos	 son	 responsables	 por	 la	 metodología,	
recolección	 de	 datos	 y	 análisis	 así	 como	 la	 edición	 de	
informe.	Los	hallazgos,	interpretaciones	y	conclusiones	
que	se	expresan	en	este	documento	se	basan	en	infor-
mación	compilada	por	los	consultores,	socios	y	quienes	
contribuyeron	al	proyecto.
Fundación Despacio
Calle	93A	#	14-17	oficina	708
Bogotá	D.C.,	Colombia
Teléfono:	+571	248	4420
http://despacio.org
info@despacio.org 
ISBN:	978-958-57674-0-9
Traducción:
Carlos	Augusto	Moreno
Impresión:
Editorial	Scripto
Dirección:	Cl.	76Bis	No.	20C	-	19,	Bogotá	-	Colombia
Teléfono:	+571	756	20	03
Impreso	en	Colombia
AGRADECIMIENTOS
La	sociedad	de	desarrollo	“Bogotá	21”	con	Siemens	AG	
es	 parte	 del	 programa	 develoPPP .de	que	 la	 Deutsche	
Gesellschaft	 für	 Internationale	 Zusammenarbeit	 (GIZ)	
GmbH	 implementa	 en	 nombre	 del	 Ministerio	 Federal	
Alemán	de	Cooperación	Económica	y	Desarrollo	(BMZ).
Las	 sociedades	 entre	 el	 sector	 privado	 y	 el	 Gobierno	
crean	 desarrollo	 sostenible.	 Esto	 ha	 sido	 demostrado	
por	más	de	1.500	acuerdos	de	cooperación	implemen-
tados	 con	develoPPP .de	en	más	de	70	países	en	desa-
rrollo	y	mercados	emergentes	desde	1999.
El	 desarrollo	 sostenible	 requiere	 compromiso	 empre-
sarial	no	solo	en	Alemania,	sino	también	en	los	países	
socios	de	la	BMZ.	Las	compañías	crean	trabajos,	asegu-
ran	ingresos,	transfieren	conocimiento	técnico	e	intro-
ducen	tecnologías	con	miras	al	futuro.
“Bogotá	 21”	es	 ejecutado	 en	 colaboración	 con	 la	 Uni-
versidad	 de	 los	 Andes,	 Infratrans	 (ITS)	Consultancy	 Li-
mited,	Fundación	Despacio	y	Consultoría	Colombiana.
El	Gobierno	Distrital	de	Bogotá	recibe	con	agrado	la	So-
ciedad	de	Desarrollo	“Bogotá	21”	y	considera	sus	hallaz-
gos	como	una	referencia	relevante	para	la	planificación	
estratégica	y	de	largo	plazo	de	la	ciudad.
Al	equipo	del	proyecto	le	gustaría	expresar	sus	agrade-
cimientos	a	 todos	 los	 individuos	 y	 organizaciones	que	
han	guiado	y	asistido	este	proceso	cuando	fue	requerido.	
Estamos	 particularmente	agradecidos	con	 Felipe	 Targa	
Rodriguez	por	su	asesoría	y	apoyo	al	proyecto	durante	su	
tiempo	como	Viceministro	de	Transporte	de	Colombia,	y	
con	el	Profesor	Carlos	Moncada	de	la	Universidad	Nacio-
nal	de	Colombia	por	su	apoyo	continuo	y	activo.
5
6
8
14
15
18
24
25
26
32
36 
42
43
47
49
50
51
53
57
Tabla de contenido
BOGOTÁ 21. Hacia una Metrópoli de Clase Mundial Orientada al Transporte Público 
3
5. PRINCIPIOS PARA CONSTRUIR LA 
 METRÓPOLI ORIENTADA AL 
 TRANSPORTE PÚBLICO
5.1	 Estructurar	jerárquicamente	el	sistema
	 de 	transporte	masivo	para	Bogotá
5.2	 Estructura	organizacional	para	el	Sistema
	 de 	Transporte	Masivo	en	Bogotá
6. ACCIONES Y MEDIDAS 
 PRIORITARIAS PROPUESTAS
6.1	 Proyectos	prioritarios	de	inversión
6.2	 Necesidades	prioritarias	de	estudios
6.3	 Programa	de	acciones	inmediatas
6.4	 Desarrollo	Orientado	al	Transporte
	 Público:	aplicación	para	Bogotá
6.5	 Participación	comunitaria
7. CÓMO IMPLEMENTAR 
 EL PROGRAMA BOGOTÁ 21
7.1	 El	desarrollo	de	la	Agenda	Bogotá	21
7.2	 Factores	clave	para	el	éxito
7.3	 Direccionamiento	de	la	planificación
	 e 	implementación
8. OPCIONES PARA FINANCIAR 
 LA AGENDA BOGOTÁ
9.  CONCLUSIONES
Bibliografía
Siglas
Figuras
Cuadros
Tablas
62
63
66 
68
69
71
72
83
84
86
87
87
88
90 
98
100
102
103
104
105
EQUIPO DEL ",
Bogota 21 Transit-oriented Metropolis,5 DOT y planeación urbana (Gregor Wessels)/DOTS América Latina/DOTS Colombia/Bogota 21 Transit-oriented Metropolis/Bogota 21_Towards a worldclass transit-oriented Metropolis.pdf,Bogota 21_Towards a worldclass transit-oriented Metropolis.pdf,9030437,108,,,Gregor Wessels,,2050,German Federal Ministry for Economic Cooperation,,9789585767409,,eng,"Gregor Wessels
Carlos Felipe Pardo
Juan Pablo Bocarejo


Gregor Wessels
Carlos Felipe Pardo
Juan Pablo Bocarejo

BOGOTÁ 21. TOWARDS A WORLD-CLASS, TRANSIT-ORIENTED METROPOLIS
2
FOREWORD
EXECUTIVE SUMMARY
INTRODUCTION
1. BOGOTÁ: CHALLENGES OF
 AN EMERGING MEGA-CITY
1.1 Challenges
1.2 Bogotá’s Ranking in the City 21
 Benchmark
2. PROSPECTS AND ASPIRATIONS
2.1 City Plans for Bogotá
2.2 Long-term Impact of Mega-Trends
 and Bogotá’s 2050 City Ranking
2.3	 SWOT	Analysis	and	Best	Practices
2.4	 Fields	of	Priority	Actions	and	Measures
3. THE POTENTIAL: VISION 
 AND ACTION NEEDS
3.1	 Optimisation	of	the	Investment
	 Portfolio
3.2	 Selected	Achievements	of
	 the	Optimised	Investment	Scenario
3.3 Breakdown of the
	 Optimised	Investment	Scenario
4. TRANSFORMING BOGOTÁ INTO 
 A WORLD-CLASS, TRANSIT- ORIENTED
 METROPOLIS
4.1	 Urban	development
	 underlying	principles
4.2	 Urban	Environment
4.3	 Structural	Plans	for
 Bogotá D.C. and its Metropolitan Region
Coordinating lead authors:
Gregor	 Wessels,	 Carlos	 Felipe	 Pardo,	 Juan	 Pablo	 
Bocarejo: Bogotá 21 – Towards a World-Class, Transit-
Oriented Metropolis, Bogotá, October 2012.
Disclaimer:
The	 development	 partnership	 “Bogotá	 21”	 with	 Sie-
mens is part of the develoPPP.de  programme that 
Deutsche	 Gesellschaft	 für	 Internationale	 Zusamme-
narbeit	 (GIZ)	 GmbH	 implements	 on	 behalf	 of	 the	
German	 Federal	 Ministry	 for	 Economic	 Cooperation 	
and	Development	 (BMZ).	It	is	carried	 out	by	indepen-
dent research partners. They are responsible for the 
methodology,	 data	 collection	 and	 analysis	 as	 well	 as	
report	 edition.	 Findings, 	 interpretations	 and	 conclu-
sions	 expressed	 in	 this	 document	 are	 based	 on	 infor-
mation	gathered	by	the	consultants, 	partners	 and	con-
tributors	of	the	project.
Fundación Despacio
Calle	93A	#	14-17	oficina	708
Bogotá D.C., Colombia
Telephone:	+571	248	4420
http://despacio.org
info@despacio.org 
ISBN:	978-958-57674-0-9
Printing:
Editorial Scripto
Address:	Cll.	76Bis	No.	20C	-	19, 	Bogotá	-	Colombia
Phone:	+571	756	20	03
Printed in Colombia
ACKNOWLEDGEMENTS
The	 development	 partnership	 “Bogotá	 21”	 with	 Sie-
mens	 AG	is	 part	 of	 the	 develoPPP .de	programme	 that	
Deutsche	 Gesellschaft	für	Internationale	Zusammenar-
beit	(GIZ)	GmbH	implements	 on	behalf	of	the	German	
Federal	 Ministry	 for	Economic	 Cooperation	 and	Deve-
lopment	(BMZ).
Partnerships	 between	 the	 private	 sector	 and	 govern-
ment	 create	 sustainable	 development.	 This	 has	 been	
shown	by	more	than	1,500	 cooperation	 arrangements	
implemented	with	develoPPP .de	in	more	than	70	deve-
loping	countries	and	emerging	markets	since	1999.
Sustainable	 development	 requires	 entrepreneurial	
commitment	 –	 not	 only	 in	 Germany,	 but	 also	 in	 the	
partner	 countries	 of	the	BMZ.	 Companies	 create	jobs,	
secure	 incomes,	 transfer	 technical	 knowledge	 and	 in-
troduce	forward-looking	technologies.
“Bogotá	21”	is	executed	in	collaboration	with	Universi-
dad	de	los	Andes,	Infratrans	(ITS)	Consultancy	 Limited,	
Fundación	Despacio	and	Consultoria	Colombiana.
The	 Government	of	Bogotá	 warmly	welcomes	 the	De-
velopment	 Partnership	 “Bogotá	 21”	and	 considers	 its	
findings	as	a	relevant	reference	for	the	city’s	long-term	
and	strategic	development	planning.
The	 project	 team	 would	 like	 to	 express	 their	 thanks	
to	many	individuals	 and	organisations	 who	have	given	
guidance	and	assistance	wherever	it	was	required.	We	
are	 particularly	 grateful	 to	 Felipe	 Targa	Rodriguez	 for	
his	 advice	 and	 support	 to	 the	 project	 during	 his	 time	
as	 Deputy	 Minister	 of	 Transport	 for	 Colombia,	 and	 to	
Professor	 Carlos	 Moncada	 of	 Universidad	 Nacional	 de	
Colombia	for	his	continuous	and	active	support.
5
6
8
15
16
18
24
25
26
32
35
42
43
47
49
50
51
51
57
TABLE OF CONTENTS
BOGOTÁ 21. TOWARDS A WORLD-CLASS, TRANSIT-ORIENTED METROPOLIS
3
5. PRINCIPLES TO BUILD THE
 TRANSIT-ORIENTED METROPOLIS
5.1	 Hierarchically	Structured
 Mass Rapid Transit for Bogotá
5.2	 Organisational	Structure
 for Mass Rapid Transit in Bogotá
6. PROPOSED PRIORITY
 MEASURES AND ACTIONS
6.1	 Priority	Investment	Projects
6.2	 Priority	Study	Needs
6.3	 Immediate	Action	Programme
6.4	 Transit-Oriented	Development:
	 Application	to	Bogotá
6.5	 Community	Participation
7. HOW TO IMPLEMENT 
 THE BOGOTÁ 21 PROGRAMME
7.1	 Developing	the	Bogotá	21	Agenda
7.2	 Key	Factors	of	Success
7.3 Steering of Planning
	 and	Implementation
8. OPTIONS TO FINANCE THE 
 BOGOTÁ 21 AGENDA
9.  CONCLUSIONS
Bibliography 
Abbreviations
Figures
Text Boxes
Tables
62
63
66
68
69
71
72
83
84
86
87
87
88
90
98
100
102
103
104
105
PROJECT TEAM:
ITS Infratrans Consultancy:
• Dr. Gregor Wessels 
•	 Georg	Püttner	
• Torsten Lenck 
•	 Günter	Stöhr	
Consultoría Colombiana:
• Jairo Alberto Espejo Molano 
•	 Enrique	Aristizabal
•	 Carlos	Andrés	López
•	 Daniela	Nieto
• Mike Barrera
 
Universidad de los Andes: CIE Movilidad Sostenible:
•	 Dr.	Juan	Pablo	Bocarejo
•	 Ingrid	Portilla
•	 Dr.	José	Tibe",
Proyecto Política nacional DOTS (CCAP-SIGMA-DESPACIO),5 DOT y planeación urbana (Gregor Wessels)/DOTS América Latina/DOTS Colombia/Proyecto Política nacional DOTS (CCAP-SIGMA-DESPACIO)/Diagnóstico del marco de política para proyectos DOTS en Colombia .pdf,Diagnóstico del marco de política para proyectos DOTS en Colombia .pdf,4077563,133,,SIGMA GP,INFORME 3: DIAGNÓSTICO DEL MARCO DE POLÍTICA EN COLOMBIA,SIGMA GP,2019,,,,,spa," 
 
 
  
INFORME 3: DIAGNÓSTICO DEL MARCO DE POLÍTICA EN COLOMBIA 
PARA EL DESARROLLO DE PROYECTOS DOTS – V2 
Octubre 17 de 2019 
 
Mayo 15 de 2019 
 
Formulación de los 
lineamientos y 
recomendaciones de política 
para la implementación de 
iniciativas de Desarrollo 
Orientado al Transporte 
Sostenible (DOTS) en 
Colombia 
Presentado a:  
CENTER FOR CLEAN AIR POLICY - CCAP 
FINDETER 
 
Presentado por: 
CONSORCIO SIGMA GP – DESPACIO 
Bogotá, Colombia 

Informe 3: Diagnóstico del marco de política en Colombia para el 
desarrollo de proyectos DOTS – V2 
 
2 
  
CONTENIDO  
1 INTRODUCCIÓN 7 
2 EL CONCEPTO DE DESARROLLO ORIENTADO AL TRANSPORTE SOSTENIBLE 
(DOTS) COMO MARCO PARA LA POLÍTICA NACIONAL 9 
3 MARCO POLÍTICO Y NORMATIVO 13 
3.1 Desarrollo urbano, ordenamiento territorial y gestión del suelo 15 
3.1.1 El Ordenamiento Territorial 15 
3.1.2 La relación entre el desarrollo urbano y los sistemas de transporte público 21 
3.1.3 De la planeación urbana a los proyectos DOTS 24 
3.2 Movilidad sostenible y sistemas de transporte 29 
3.2.1 La caminata y el espacio público 29 
3.2.2 La bicicleta 32 
3.2.3 Los sistemas de transporte público masivos y especiales 37 
3.3 Medio ambiente 43 
3.4 Inclusión social y participación ciudadana 51 
3.4.1 Participación Ciudadana 63 
3.4.2 Los aspectos sociales en la política pública de los proyectos de transporte y de 
carácter urbano 66 
3.5 Instrumentos y fuentes de financiación 75 
3.5.1 Sector Transporte 75 
3.5.2 Sector Inmobiliario 78 
3.5.3 Sector Ambiente 79 
3.5.4 Requisitos para el financiamiento de proyectos DOTS a partir del marco legal y de 
política pública vigente 79 
4 MARCO INSTITUCIONAL 89 
4.1 Diagnóstico de lineamientos para el monitoreo, reporte y evaluación 95 
5 DIAGNÓSTICO TERRITORIAL 96 
5.1 Diagnóstico general 96 
5.2 Proyectos piloto de la Colombia TOD-NAMA 100 
5.2.1 Proyecto Estratégico Centralidad Sostenible del Sur – Santiago de Cali 100 
5.2.2 Proyecto de infraestructura intermodal y de movilidad - Manizales 103 
5.2.3 “Super manzanas” – San Juan de Pasto 105 
Informe 3: Diagnóstico del marco de política en Colombia para el 
desarrollo de proyectos DOTS – V2 
 
3 
  
6 PRINCIPALES HALLAZGOS Y HOJA DE RUTA PRELIMINAR: RESULTADOS DEL 
TALLER 107 
6.1 Sesión 1: identificación de problemáticas 108 
6.2 Sesiones 2 y 3: identificación de soluciones integrales de corto, mediano y 
largo plazo 112 
6.2.1 Hoja de ruta del corto plazo 113 
6.2.2 Hoja de ruta del mediano plazo 117 
6.2.3 Hoja de ruta del largo plazo 121 
7 ANÁLISIS DOFA Y CONCLUSIONES 124 
7.1 Análisis DOFA 124 
7.2 Conclusiones 127 
8 REFERENCIAS 130 
9 ANEXOS 133 
  
Informe 3: Diagnóstico del marco de política en Colombia para el 
desarrollo de proyectos DOTS – V2 
 
4 
  
ÍNDICE DE FIGURAS 
Figura 1. Síntesis concepto DOTS ........................................................................... 10 
Figura 2. Esquema de Instrumentos para la planeación ............................................. 19 
Figura 3. Esquema de Programa de Vivienda de Interés Social ................................... 22 
Figura 4. Esquema del panorama para la articulación de programas existentes ............ 23 
Figura 5. Esquema ilustrativo de estrategias de planeación para proyectos DOTS  ......... 25 
Figura 6. Esquema ilustrativo de estrategias de planeación para proyectos DOTS  ......... 29 
Figura 7. Espacio público Efectivo en ocho ciudades de Colombia ................................ 31 
Figura 8. Inversión anual en infraestructura peatonal en Bogotá (2006-2016) .............. 32 
Figura 9. Prelación de modos según el enfoque de transporte sostenible ...................... 34 
Figura 10. Capacidad de estaciones para bicicletas y su aumento en área de captación de 
pasajeros alrededor del Sistema Transmilenio en Bogotá ........................................... 35 
Figura 11. Porcentaje de a vance en la infraestructura vial en relación con el año de 
aprobación del documento CONPES ........................................................................ 41 
Figura 12. Síntesis del proyecto Estación Central, Bogotá. ......................................... 42 
Figura 13. Planes de Acción Sectoriales de Mitigación ................................................ 47 
Figura 14. Beneficios por ahorro en tiempo expresado............................................... 55 
Figura 15. Costos de accidentalidad (MCOP)............................................................. 56 
Figura 16 Estimación de los beneficios monetarios por reducción de emisiones ............. 57 
Figura 17. Relación de las externalidades económicas positivas, fa ctores de inversión y 
factores políticos .................................................................................................. 65 
Figura 18. Problemática del transporte público de pasajeros ...................................... 67 
Figura 19. Relación Estado y Sociedad Civil .............................................................. 69 
Figura 20. F",
Proyecto Política nacional DOTS (CCAP-SIGMA-DESPACIO),5 DOT y planeación urbana (Gregor Wessels)/DOTS América Latina/DOTS Colombia/Proyecto Política nacional DOTS (CCAP-SIGMA-DESPACIO)/Lineamientos para una política nacional DOTS_Executive_Summary.pdf,Lineamientos para una política nacional DOTS_Executive_Summary.pdf,1316144,5,,SIGMA GP,GUIDELINES FOR A NATIONAL DOTS POLICY IN COLOMBIA,SIGMA GP,2018,,,,,eng," 
  
    
1 
 
GUIDELINES  FOR A NATIONAL  DOTS POLICY IN COLOMBIA  
1 WHAT IS TOD? 
Transit-Oriented Development (TOD) is an urban development model that joins urban planning and 
mobility to improve people’s quality of life and strength their access to goods and the services offered 
by the city. TOD model develops around stations and main corridors of transport with high demand o of 
passengers. 
TOD aims to decrease the necessity of the usage of single passenger transport modes and reduce the 
negative imp acts in the environment at a global and local scale (i.e. GHG emissions, noise, and air 
pollutants emissions). Through the generation of safe and public spaces, with a high-quality design, and 
appropriated densities and mix of land uses and activities, TOD  will impulse social economic and 
sustainable development,  
The previous factors’ articulation is given thanks to many actions that promote equity and investment 
from private-public partnerships and the applying of land value capture mechanisms. The follow ing are 
the TOD policy dimensions: 
 

 
  
    
2 
 
2 OBJECTIVES 
TOD policy’s purpose is to develop strategies and lead initiatives that change the planning process in 
Colombian cities, trough the integration of urban growth with sustainable modes of transportation 
systems. The next chart presents the TOD policy’s objectives that contribute to the accomplishment of 
the Colombia National Development Plan 2018 -2022 (PND, for its Spanish name) and the National 
Commitment for reduction of GHG (NDC). The objectives are indeed correlated, but all goals can have a 
singly accomplishment: 
 
3 STRATEGIC PROPOSALS 
The national policy of DOTS for Colombia can be formulated by strategic proposals to promote TOD model 
that can be implemented independently. It is recommended that they to sho uld be articulated and 
formulated through the “white policy paper” or “CONPES document”. The next figure resumes the general 
framework for the four strategic proposals: 
 

 
  
    
3 
 
3.1 Financial incentives 
➢ National funds access 
The national government can create incentives for the funding of TOD projects, orienting them to 
generate structural and disrupting changes in project structuring that aims to reach TOD policy’s goals: 
 
➢ Engaging the private sector 
Under the context to make the TOD projects financially viable, it is proposed to structure them through 
development banks, direct credit lines, or rediscount for projects guarantee with benefits on the rate and 
the term of the project, according to the degree of TOD components included. Likewise, i t is suggested 
to consider the application of value capture mechanisms to finance the project. The technical Unit (see 
3.2 section) will be responsible for selecting, certify, and endorse the TOD projects that will be financed. 
3.2 TOD Unit 
Formalize a technical group within the national government to lead, coordinate, and assess the policy. 
This group or Unit will not formulate the policy, which is the responsibility of each ministry that is involved 
in TOD policy (e.g., Ministries of Transport, Environment, and Housing), or of instances such as CIUDAT 
(Steering committee). The role and functions of this unit are explained in the following table: 
 

 
  
    
4 
 
The creation of this technical team and its location inside any of the National Government dependencies 
will be determined for the members of CIUDAT’S Steering committee1 or the CONPES council, which are 
going to have the responsibility of formulating TOD policy. For that, these instances will choose between 
the two options to create the Unit. 
The first option is that TOD Unit’s functions can be given and officialized inside the technical team of the 
Colombia TOD NAMA, currently linked to Findeter and joined to CIUDAT, taking advantage of their 
institutional experience and the TOD projects development. The second option will be the creation of the 
TOD Unit inside a dependence of the National Government, which will generate the necessity of working 
coordinated and complementary with CIUDAT, in such a way that the TOD Unit consolidates itself as the 
operative wing of TOD  policy at a national level. The two options to create the team are described in 
detail in Inform 4 of this consultancy. 
3.3 Bank of projects 
Currently, there are no projects that include TOD elements. In this direction, the creation of a TOD Bank 
of Projects will allow the design and implementation of these projects in such a way that it fits the 
technical, legal, and financial conditions needed to implement the projects in the territories, 
accomplishing the model’s principles. 
 
3.4 Monitoring and Evaluation 
The monitoring and evaluation functions in the hands of the TOD Unit are proposed in two aspects: i) 
From indicators of the policy for its implementation accompanying and ii) From the project results in 
indicators, through the use of the system M&E-MRV2.  
In the same way, to contribu",
Proyecto Política nacional DOTS (CCAP-SIGMA-DESPACIO),5 DOT y planeación urbana (Gregor Wessels)/DOTS América Latina/DOTS Colombia/Proyecto Política nacional DOTS (CCAP-SIGMA-DESPACIO)/Lineamientos para una política nacional DOTS_Resumen Ejecutivo.pdf,Lineamientos para una política nacional DOTS_Resumen Ejecutivo.pdf,5560990,6,,,PARA UNA POLÍTICA,el Consorcio SIGMA Gestión de Proyec tos – Despacio.,2018,,,,,spa,"LINEAMIENTOS 
PARA UNA POLÍTICA 
NACIONAL 
DOTS
DESARROLLO  ORIENTADO  AL TRANSPORTE  SOSTENIbLE
El Desarrollo Orientado al Transporte Sostenible (DOTS) es un 
modelo de desarrollo urbano que integra la gestión urbana y la 
movilidad de forma que las personas mejoren sus condiciones de 
acceso a bienes y servicios que ofrece la ciudad. El modelo DOTS se 
implementa en el entorno de estaciones y corredores de transporte 
público de alta demanda, buscando mejorar su calidad urbanística. 
Mediante la generación de espacios públicos seguros, de alta ca­
lidad, con densidades adecuadas y una mezcla de actividades que 
faciliten el desarrollo económico y social, el DOTS busca reducir la 
dependencia de modos motorizados individuales de transporte y 
disminuir los efectos negativos en el medio ambiente global y local 
(i.e. emisiones de Gases de Efecto Invernadero (GEI), emisiones de 
contaminantes del aire y ruido). 
La articulación de los anteriores aspectos se gestiona a través de 
diferentes acciones que propician la equidad y la inversión pública 
en conjunto con la privada, por medio de esquemas de participación 
público­privada, así como la aplicación de mecanismos de captura 
de valor del suelo. Las siguientes son las dimensiones de política 
pública inmersas en DOTS: 
1.
¿QUé ES DOTS?
DIMENSIONES  DEL  
CONCEPTO  DOTS
¿Por qué DOTS?
[Beneficios]
Reducción de km/vehícu­
lo recorridos (VKT).
Reducción de GEI, PM 10 
y PM2.5.
Acceso equitativo a 
bienes y servicios.
Mejoras en la calidad de 
vida.
Inclusión social y 
participación.
Promover el desarrollo 
económico.
Capturar el valor del 
suelo.
Fomentar la inversión 
del  sector bancario  e 
inmobiliario.
Desarrollo urbano 
y ordenamiento 
territorial
Movilidad 
sostenible
Ambiental
Social
Económica
+
+
=
+
Este documento se ha realizado en el marco de la Colombia TOD-NAMA, finan-
ciado por NAMA Facility y liderado por el Center for Clear Air Policy (CCAP) y 
CIUDAT y presenta los objetivos, propuestas estratégicas y la hoja de ruta para 
desarrollar los lineamientos que lleven a la formulación de la política nacional 
de Desarrollo Orientado al Transporte Sostenible (DOTS). Consultoría ejecutada 
por el Consorcio SIGMA Gestión de Proyec tos – Despacio.
objetivos de política, que contribuyen con el cumplimiento de me ­
tas del PND 2018­2022 *, así como con el Compromiso Nacional de 
Mitigación de GEI (NDC). Si bien los objetivos están correlacionados, 
pueden ser alcanzados de manera independiente: 
* Ley 1955 de 2019
Las propuestas estratégicas para impulsar el modelo DOTS se 
pueden implementar de manera independiente, pero se recomienda 
que sean recopiladas y articuladas mediante un Documento CONPES. 
La siguiente figura resume el marco general de las cuatro propues ­
tas y posteriormente se desarrollan los detalles de cada una:
La política DOTS busca desarrollar estrategias y orientar ini­
ciativas que transformen la planeación de las ciudades de Co ­
lombia, mediante un crecimiento urbano articulado con los mo­
dos de transporte sostenible. A continuación, se presentan los 
2.
ObJETIVOS DE L A POLÍTICA  DOTS
3.
PROPUESTAS
ESTRATégICAS
DOCUMENTO CONPES 
Objetivos y metas•
Hoja de ruta  de política•
Acciones•
Roles y responsabili­•
dades 
Indicadores de•
seguimiento
SECTOR PÚbLICO. Revisión del esquema de cofinanciación 
de sistemas de transporte y la política de vivienda y sus 
programas.  
SECTOR PRIVADO. Líneas de crédito de bancos de desa­
rrollo, atracción de inversión privada y mecanismos de cap­
tura de valor.
INSTITUCIONALIDAD. Formalización de un grupo técnico 
dentro del Gobierno Nacional.
Definición de CONDICIONES técnicas, legales, financieras 
para proyectos e iniciativas DOTS.
Implementación de INDICADORES M&E y formalización de 
la NAMA DOTS a través del RENARE (MRV).
INSTRUMENTO
CAJA  DE HERRAMIENTAS  PARA L A POLÍTICA  DOTS
Motivar la inclusión del con­
cepto DOTS en los Planes 
de Desarrollo Local y en los 
Planes de Ordenamiento T e­
rritorial (POT).
Hacer uso eficiente de recur­
sos públicos atrayendo la in­
versión privada y mecanismos 
de captura de valor del suelo.
Incluir DOTS como requisito 
para acceder a recursos de la 
Nación en sectores de trans­
porte y vivienda.
Fortalecer nodos metropoli­
tanos, regionales, locales en­
torno a sistemas de transporte 
público.
Promover la integración social, 
involucrando vivienda VIS y 
VIP , con mezcla de actividades 
y usos del suelo.
Aumentar viajes en transporte público, reducir 
viajes en vehículos particulares y los kilóme­
tros recorridos por vehículo. 
Reducir acumulativamente las emisiones de 
gEI y aplicar el sistema M&E­MRV.
POLÍTICA, 
PL ANEACION 
E INVERSIÓN
MEZCL A DE 
ACTIVIDADES Y 
DISEÑO URbANO
REDUCCIÓN 
DE VKT Y gEI
Promover una movilidad y vida 
activa saludable, a partir de un 
diseño urbano de calidad.
CO2
ARTICUL ACIÓN de políticas nacionales de vivienda y trans­
porte para fomentar DOTS.  Motivar la inclusión de DOTS 
en la planificación local.
Las cuatro herramien",
PMMS Bogota 2023,"5 DOT y planeación urbana (Gregor Wessels)/DOTS América Latina/DOTS Colombia/Proyecto Política nacional DOTS (CCAP-SIGMA-DESPACIO)/Bogotá/PMMS Bogota 2023/Decreto 497 de 2023 Alcaldía Mayor de Bogotá, D.C_.pdf","Decreto 497 de 2023 Alcaldía Mayor de Bogotá, D.C_.pdf",864060,42,,,Jurídica Distrital,,2023,"de 2020 expedida por el Ministerio de Transporte, en el artículo 486 del",,,,spa,"25/1/24, 10:22 Decreto 497 de 2023 Alcaldía Mayor de Bogotá, D.C.
https://www.alcaldiabogota.gov.co/sisjur/normas/Norma1.jsp?i=150400 1/42
RÉGIMEN LEGAL DE BOGOTÁ D.C.
© Propiedad de la Secretaría Jurídica Distrital de la Alcaldía Mayor de Bogotá D.C.
Secretaría
Jurídica Distrital
Decreto 497 de 2023 Alcaldía Mayor de Bogotá, D.C.
Fecha de Expedición:
26/10/2023
Fecha de Entrada en Vigencia:
28/10/2023
Medio de Publicación:
Registro Distrital No. 7845 del 27 de octubre de 2023.
Temas
Anexos

La Secretaría Jurídica Distrital aclara que la información aquí contenida tiene exclusivamente carácter
informativo, su vigencia está sujeta al análisis y competencias que determine la Ley o los reglamentos. Los
contenidos están en permanente actualización.
 
  
25/1/24, 10:22 Decreto 497 de 2023 Alcaldía Mayor de Bogotá, D.C.
https://www.alcaldiabogota.gov.co/sisjur/normas/Norma1.jsp?i=150400 2/42
DECRETO 497 DE 2023
 
(Octubre 26)
 
Por el cual se adopta el Plan de Movilidad Sostenible y Segura - PMSS
- para Bogotá Distrito Capital y se dictan otras disposiciones
 
LA ALCALDESA MAYOR DE BOGOTÁ, D.C.
 
En uso de sus facultades constitucionales y legales, en especial las
conferidas en el numeral 3º del artículo 315 de la Constitución Política
de Colombia, en concordancia con lo dispuesto en los numerales 1º,
3º y 4º del artículo 38 del Decreto Ley 1421 de 1993, en el artículo 1° de
la Ley 1083 de 2006, en el artículo 7 de la Resolución 20203040015885
de 2020 expedida por el Ministerio de Transporte, en el artículo 486 del
Decreto Distrital 555 de 2021 y,
 
CONSIDERANDO:
 
Que el artículo 1 de la Constitución Política consagra que Colombia es un
Estado Social de Derecho, fundado en el respeto de la dignidad humana,
en el trabajo y la solidaridad de las personas que lo integran y en la
prevalencia del interés general.
 
Que el artículo 2 ídem señala como fines esenciales del Estado servir a la
comunidad, promover la prosperidad general y garantizar la efectividad de
los derechos y deberes consagrados en la Constitución y mantener la
integridad territorial.
 
Que el artículo 24 ibídem prevé que todo colombiano puede circular
libremente por el territorio nacional, con las limitaciones que establezca la
Ley.
 
Que de acuerdo con el artículo 79 ejusdem, todas las personas tienen
derecho a gozar de un ambiente sano y señala como deber del Estado
proteger la diversidad e integridad del ambiente, conservar las áreas de
especial importancia ecológica y fomentar la educación para el logro de
estos fines.
 
Que el artículo 82 ibidem establece que es deber del Estado velar por la
protección de la integridad del espacio público y por su destinación al uso
común, el cual prevalece sobre el interés particular.
 
Que de conformidad con lo establecido en los artículos 209 y 211 ibídem, la
función administrativa está al servicio de los intereses generales y se
desarrolla con fundamento en los principios de igualdad, moralidad,
eficacia, economía, celeridad, imparcialidad y publicidad.
 
25/1/24, 10:22 Decreto 497 de 2023 Alcaldía Mayor de Bogotá, D.C.
https://www.alcaldiabogota.gov.co/sisjur/normas/Norma1.jsp?i=150400 3/42
Que el artículo 287 idem señala que las entidades territoriales son
autónomas para la gestión de sus intereses y, en consecuencia, como parte
del núcleo esencial de la autonomía territorial, tienen la potestad de ejercer
sus competencias expidiendo para el efecto la regulación correspondiente,
dentro de los parámetros que señale la ley.
 
Que según lo determinado por el artículo 311 ibídem, le corresponde a los
municipios y distritos, ordenar el desarrollo de su territorio, así como prestar
los servicios públicos que determine la ley, construir las obras que demande
el progreso local, promover la participación comunitaria, el mejoramiento
social y cultural de sus habitantes y cumplir las demás funciones que le
asignen la Constitución y las leyes.
 
Que de acuerdo con lo señalado en el inciso 4 del artículo 322 ibídem “(...)
A las autoridades distritales corresponderá garantizar el desarrollo armónico
e integrado de la ciudad y la eficiente prestación de servicios a cargo del
Distrito.
 
Que el artículo 325 de la Constitución Política de Colombia creó la Región
Metropolitana de Bogotá - Cundinamarca y facultó al Distrito Capital y a
otras entidades territoriales para conformar dicha región en la medida en
que comparta dinámicas territoriales, ambientales, sociales o económicas
con las demás entidades territoriales allí señaladas.
 
Que el artículo 6 de la Ley 2199 de 2022 “por medio de la cual se desarrolla
el artículo 325 de la Constitución Política y se expide el régimen especial de
la Región Metropolitana Bogotá - Cundinamarca” establece que el Concejo
Distrital de Bogotá, por medio de Acuerdo Distrital, decidirá sobre el ingreso
de Bogotá a la región.
 
Que el artículo 32 ídem crea la Agencia Regional de Movilidad, la cual
ejercerá la función de autoridad regional de transporte y tendrá a cargo la
planeación, gestió",
PMMS Bogota 2023,5 DOT y planeación urbana (Gregor Wessels)/DOTS América Latina/DOTS Colombia/Proyecto Política nacional DOTS (CCAP-SIGMA-DESPACIO)/Bogotá/PMMS Bogota 2023/DTS.pdf,DTS.pdf,31617426,1395,,,SECRETARÍA DISTRITAL DE MOVILIDAD,que Bogotá Reverdece.,2023,Director Instituto de Desarrollo Urbano,,,,spa," 
 
 
 
 
 
 
 
 
 
 
 
 
 
 
 
 
 
 
 
 
AI 
 
 
 
 
REGISTRO DISTRITAL • BOGOTÁ DISTRITO CAPITAL (COLOMBIA) • AÑO 58 • NÚMERO  7845 • PP. 1-54 • 2023 • OCTUBRE • 2754

 
 
Página 2 de 194 
 
 
 
 
DPM-009-2023 
SECRETARÍA DISTRITAL DE MOVILIDAD 
AC 13 N.º. 37 - 35 
Bogotá D.C., Colombia 
www.movilidadbogota.gov.co 
 
 
DEYANIRA ÁVILA MORENO 
Secretaria Distrital de Movilidad 
 
DIEGO SÁNCHEZ FONSECA 
Director Instituto de Desarrollo Urbano 
 
LEONIDAS NARVÁEZ 
Gerente Empresa Metro de Bogotá S.A.  
 
ORLANDO SANTIAGO CELY 
Gerente Transmilenio S.A. 
 
ÁLVARO SANDOVAL REYES 
Director Unidad de Mantenimiento Vial  
 
ANA MARÍA ZAMBRANO 
Gerente Terminal de Transporte S.A.  
 
 
CAROLINA MARTÍNEZ CUÉLLAR 
Gerente de la Operadora Distrital de Transporte 
 
2023
55
REGISTRO DISTRITAL • BOGOTÁ DISTRITO CAPITAL (COLOMBIA) • AÑO 58 • NÚMERO  7845  • PP. 1-55 • 2023 • OCTUBRE •   27
 
 
Página 3 de 194
 
 
 
 
DOCUMENTO TÉCNICO DE SOPORTE ETAPA DE FORMULACIÓN 
PLAN DE MOVILIDAD SOSTENIBLE Y SEGURA DE BOGOTÁ 
SECRETARIA DISTRITAL DE MOVILIDAD FECHA: SEPTIEMBRE DE 2023 
HOJA DE CONTROL DE VERSIONES 
 
 
 
Versión Fecha de Entrega Descripción de la Modificación No. de páginas 
1.0 OCTUBRE DE 2023 N/A 194 
APROBADO POR: 
 
 
Deyanira Consuelo Ávila Moreno 
Secretaria Distrital de Movilidad 
APROBADO POR: 
 
APROBADO POR: 
 
    Óscar Julián Gómez Cortés 
Subsecretario de Política de Movilidad 
Jhon Alexander González Mendoza 
Subsecretario de Gestión de la Movilidad 
APROBADO POR: 
 REVISADO POR: 
    Adriana Ruth Iza Certuche 
Subsecretario de Servicios a la Ciudadanía 
Julieth Rojas Betancour 
Jefe Oficina Asesora de Planeación Institucional 
REVISADO POR: REVISADO POR: 
Susana Morales Pinilla 
Directora de Planeación de la Movilidad 
Alimar Benítez Molina      
Directora de Inteligencia para la Movilidad 
REVISADO POR: 
 
 
REVISADO POR: 
 
 
Valentina Acuña García 
Subdirectora de Transporte Privado 
Diego Andrés Suárez Gómez 
Subdirector de Infraestructura 
REVISADO POR: 
 
REVISADO POR: 
 
Óscar Mauricio Velásquez Bobadilla 
Subdirector de Bicicleta y Peatón 
Ruth Dary Borrero Gómez 
Subdirectora de Transporte Público 
REVISADO POR: 
 
 
REVISADO POR: 
 
 
Dilson Romero 
Jefe Oficina de Seguridad Vial 
  
REGISTRO DISTRITAL • BOGOTÁ DISTRITO CAPITAL (COLOMBIA) • AÑO 58 • NÚMERO  7845 • PP. 1-56 • 2023 • OCTUBRE • 2756

 
 
Página 4 de 194 
 
EQUIPO ARTICULADOR Y DE FORMULACIÓN DE LA SECRETARÍA DISTRITAL DE MOVILIDAD: 
 
Subsecretaría de Política de la Movilidad 
Fernanda Bautista Bautista (Coordinadora) 
Nelson Fernando Muñoz González 
Dirección de Planeación de la Movilidad 
Giovanny Antonio Salcedo García (Coordinador) 
Juan Gabriel Sepúlveda Corzo 
Andrés Felipe Cardona López 
Natalia Barbosa Rodríguez 
Martín Julián Castellanos González 
Santiago Chacón Matiz 
Vladimir Castro Ardila 
Dirección de Inteligencia para la Movilidad 
Laura María Noreña 
Ricardo Ojeda 
Subsecretaría de Gestión de la Movilidad 
Omar Ferney Chavez 
 
 
 
  
Este Plan es un logro colectivo construido con el conocimiento y dedicación de todas 
las personas que contribuyeron en su formulación. Por este motivo agradecemos a 
todas las Entidades del Sector por sus aportes a la elaboración de este Plan de 
Movilidad Sostenible y Segura. 
Queremos extender un reconocimiento a todas las personas realizaron aportes y 
participaron en la formulación del Plan de Movilidad Sostenible y Segura de Bogotá 
D.C. 2023 – 2035, desde las diferentes áreas y dependencias de la Secretaría Distrital 
de Movilidad durante los últimos años. 
Gracias a sus invaluables aportes, Bogotá D.C. contará con una Política de Movilidad 
para mejorar la calidad de vida de quienes habitan Bogotá y la Región Metropolitana, 
porque Bogotá Reverdece. 
57
REGISTRO DISTRITAL • BOGOTÁ DISTRITO CAPITAL (COLOMBIA) • AÑO 58 • NÚMERO  7845  • PP. 1-57 • 2023 • OCTUBRE •   27
 
 
Página 5 de 194 
 
TABLA DE CONTENIDO 
1. INTRODUCCIÓN 12 
2. ENFOQUES DEL PLAN DE MOVILIDAD SEGURA Y SOSTENIBLE 14 
2.1. ENFOQUE DE DERECHOS 14 
2.2. ENFOQUE DE DIFERENCIAL - POBLACIONAL 15 
2.3. ENFOQUE DE GÉNERO 16 
2.4. ENFOQUE TERRITORIAL 16 
2.5. ENFOQUE DE PARTICIPACIÓN 17 
3. MARCO NORMATIVO DEL PMSS 18 
3.1. LA MOVILIDAD EN EL PLAN DE DESARROLLO DISTRITAL 20 
3.2. LA MOVILIDAD EN EL PLAN DE ORDENAMIENTO TERRITORIAL 21 
3.3. LA MOVILIDAD EN LAS POLÍTICAS PÚBLICAS DISTRITALES 26 
4. DIAGNÓSTICO 27 
4.1. COMPONENTE SOCIOECONÓMICO. 27 
4.2. COMPONENTE URBANO-REGIONAL. 29 
4.2.1. Relación funcional existente entre las infraestructuras del sistema de movilidad y los 
equipamientos de salud, educación y los parques zonales, urbanos y metropolitanos. 30 
4.2.2. Condiciones y características identificadas sobre el ordenamiento territorial regional y el sistema 
de movilidad. 30 
4.2.3. Articulación entre el sistema de movilidad y el sistema de espacio público en el marco del Plan 
Maestro de Movilidad. 31 
4.3. COMPONENTE MOVILIDAD 32 
4.3.1. Dinámicas regionales 32 
4.3.2. Red vial 32 
4.3.3. Transporte 3",
Acuerdo,5 DOT y planeación urbana (Gregor Wessels)/DOTS América Latina/DOTS Colombia/Proyecto Política nacional DOTS (CCAP-SIGMA-DESPACIO)/Bogotá/POT Bogotá 2022- Documentos relevantes DOTS/Acuerdo/proyecto-de-acuerdo-pot-2021_concejo.pdf,proyecto-de-acuerdo-pot-2021_concejo.pdf,3541693,463,,GUICELLA PATRICIA PRADA GOMEZ,PROYECTO DE ACUERDO NO. __________ DE 2021,GUICELLA PATRICIA PRADA GOMEZ,2021,"Exige el planeamiento de la escala local, como unidad de organización de los territorios de",,,,spa," 
1 
 
 
 
 
 
 
 
 
 
 
 
 
 
 
 
 
 
 
 
 
 
 
 
 
 
 
 
 
 
 
 
 
 
 
 
 
 
 
 
 
 
 
 
 
 
 
 
 
 
PROYECTO 
DE 
ACUERDO 
de DE 
Bogotá, Septiembre de 2021  

 
2 
 
 
 
 
 
 
 
 
 
 
 
 
 
 
 
 
 
 
 
 
 
 
 
 
 
 
 
 
 
 
 
 
 
 
 
 
 
 
 
 
 
 
 
 
 
 
 
 
 
 
3 
 
PROYECTO DE ACUERDO NO. __________ DE 2021 
 
“POR EL CUAL SE ADOPTA LA REVISIÓN GENERAL DEL PLAN DE ORDENAMIENTO TERRITORIAL 
DE BOGOTÁ D.C.”  
 
EL CONCEJO DE BOGOTÁ D.C., 
 
En ejercicio de las facultades constitucionales y legales, en especial de las conferidas por el 
numeral 7 del artículo 313 de la Constitución Política, el numeral 5 del artículo 12 del Decreto - 
Ley 1421 de 1993, el artículo 41 de la Ley 152 de 1994, el artículo 25 de la Ley 388 de 1997, el 
Decreto Nacional 1077 de 2015, modificado por el Decreto Nacional 1232 de 2020, y 
 
ACUERDA: 
 
LIBRO I 
ADOPCIÓN DE LA REVISIÓN GENERAL DEL PLAN DE ORDENAMIENTO TERRITORIAL DE BOGOTÁ 
D.C. 
 
Artículo 1.  Adopción de la revisión general del Plan de Ordenamiento Territorial de Bogotá D.C. 
El presente acuerdo adopta la  revisión general de los contenidos del Plan de Ordenamiento 
Territorial de Bogotá Distrito Capital. Los documentos anexos y la cartografía se encuentran 
integrados en este acto administrativo. 
 
Parágrafo. Las disposiciones del presente Acuerdo aplican para toda la jurisdicción del Distrito 
Capital en sus suelos urbano, rural y de expansión.  
 
LIBRO II 
COMPONENTE GENERAL 
 
TÍTULO 1  
CONTENIDO ESTRATÉGICO DEL PLAN  
 
CAPÍTULO ÚNICO 
DESAFÍOS, POLÍTICAS, PRINCIPIOS RECTORES, ESTRATEGIAS Y OBJETIVOS DE LARGO PLAZO DEL 
ORDENAMIENTO TERRITORIAL 
 
Artículo 2.  Desafíos del ordenamiento territorial del Distrito Capital. El presente plan responde 
a los siguientes desafíos, buscando armonizar los principios, objetivos y metas de la Agenda 2030, 
vinculando los Objetivos de Desarrollo Sostenible en el ordenamiento territorial:  
 
1. El desafío regional: Consolidar una gobernanza regional eficiente y responsable, que garantice 
la sostenibilidad ambiental, el desarrollo social y la competitividad, así como la vida digna, la 
movilidad, el acceso equitativo a las oportunidades, en el marco de la solidaridad y confianza entre 
los territorios con los cuales Bogotá comparte relaciones funcionales. 
 
2. El desafío económico:  Promover la reactivación económica, el desarrollo productivo y la 
competitividad del Distrito Capital, para la creación de más empleos y de mayor valor agregado, 
garantizando la generación de riqueza e ingresos para la ciudad y la ciudadanía, reduciendo 
 
4 
 
inequidades y la feminización de la pobreza.  
 
3. El desafío de la solidaridad:  Hacer de Bogotá una ciudad cuidadora, resolviendo los 
desequilibrios en las posibilidades que ofrecen los diversos territorios de la ciudad para el acceso a 
viviendas y empleos dignos, y el disfrute democrático, igualitario y con calidad de las 
infraestructuras de servicios, equipamientos y espacios públicos que dan soporte al desarrollo 
equilibrado del territorio.  
 
4. El desafío ambiental:  Responder, con sentido de urgencia, a la emergencia climática y de 
pandemia, así como a la pérdida de biodiversidad y de servicios ecosistémicos, para mejorar el 
entorno de vida y promover la salud y el bienestar de sus habitantes y de todas las formas de vida 
que comparten el territorio distrital. 
 
5. El desafío de gobernanza y administración local : Ordenar los territorios para la vida de 
proximidad y con mayor corresponsabilidad entre sus autoridades y sus habitantes en relación con 
el espacio urbano y rural, reforzando sus singularidades, su s patrimonios y sus identidades y 
permitiendo una mejor gobernanza de las decisiones y actuaciones urbanísticas en Bogotá, 
garantizando una participación incidente y representativa de todas las poblaciones del Distrito. 
 
6. El desafío del hábitat sostenible: Intervenir los entornos urbanos y rurales con soportes 
suficientes, programando vivienda digna y entornos vitales, seguros y accesibles, promoviendo 
diferentes soluciones habitacionales de calidad, diversas y óptimas para responder a las 
necesidades habitacionales mediante una gestión integral del hábitat. 
 
Artículo 3.  Políticas de largo plazo del ordenamiento territorial del Distrito Capital. Con el fin de 
responder a los desafíos identificados se definen las siguientes política s del ordenamiento 
territorial de largo plazo del Distrito Capital:  
 
1. Política Ambiental y de Protección de Recursos Naturales . Se orienta a establecer las medidas 
para la protección del ambiente, la conservación y manejo de los recursos naturales en el Distrito 
Capital. Tiene como eje ordenador  la Estructura Ecológica Principal y busca la protección de los 
paisajes bogotanos, para mejorar la calidad vida de sus habitantes, así como la calidad de los 
ecosistemas urbanos y rurales.  
 
Esta política se desa rrolla por medio de estrategias orientadas a consolidar el sistema hídrico, 
fortalecer el objeto y",
Carto,5 DOT y planeación urbana (Gregor Wessels)/DOTS América Latina/DOTS Colombia/Proyecto Política nacional DOTS (CCAP-SIGMA-DESPACIO)/Bogotá/POT Bogotá 2022- Documentos relevantes DOTS/Carto/cg-7_actuaciones_estrategicas.pdf,cg-7_actuaciones_estrategicas.pdf,65911504,1,,,LA CALERA,,2014,,,,,spa,"CUBARRAL
ACACÍAS
GUAMAL
JUNÍN
CUNDAY
UNE
NILO
FÓMEQUE
PULÍ
CABRERA
PASCA
GUTIERREZ
GUASCA
VILLARRICA
VIOTÁ
VILLAVICENCIO
LA CALERA
TOCAIMA
MELGAR
CHOACHÍSOACHA
EL CALVARIO
ICONONZO
SILVANIA
LA MESA
FOSCA
SAN BERNARDO
VENECIA
LEJANÍAS SAN MARTÍN
JERUSALÉN
APULO
SIBATÉ SAN JUANITO
GUAYABETAL
QUIPILE
MADRID
CHIPAQUE
QUETAMEFUSAGASUGÁ
ARBELÁEZ
COLOMBIA
UBAQUE
BELTRÁN
BOJACÁ
PANDI
RICAURTE
ANAPOIMA
CÁQUEZA
ANOLAIMA
GAMA
TENJO
FUNZA
COTA
FACATATIVÁ
EL COLEGIO
TIBACUY
TENA MOSQUERA
CASTILLA LA NUEVA
SAN JUAN DE RIO SECO
RESTREPO
GACHETÁ 
GACHALÁ
CHIA
ZIPACÓN
AGUA DE DIOS
GRANADA 
CACHIPAY
SOPO
DOLORES
BITUIMA
PRADO
PURIFICACIÓN
VIANÍ
URIBE EL DORADO
SAN ANTONIO DEL TEQUENDAMA
GUATAQUÍ
EL ROSAL GUATAVITA
GIRARDOT
SUÁREZ
UBALÁ
Copyright:(c) 2014 Esri
CÁQUEZA
CHIA
CHIPAQUE
CHOACHÍ
COTA
EL ROSAL
FOSCA
FUNZA
LA CALERA
MADRID
MOSQUERA
PASCA
SIBATÉ
SOACHA
SOPO
SUBACHOQUE
TENJO
UBAQUE
UNE
Avenida Jorge Eliecer Gaitan
Avenida del sur
Avenida el Polo
Avenida Morisca
Avenida Laureano Gom
ez
AvenidaAlsacia
Avenida Transversal de Suba
Avenida delaGuacam
aya
Avenida del Tabor
Avenida
de
los
Cerros
Avenida de Las Palmas
Avenida
Caracas
Avenida los Arrayanes
Avenida
Paseo
de
los
Libertadores
(Autopista
Norte)
Avenida Calle 94
Avenida Castilla
Avenida
Circunvalardelsur
AvenidaAlberto
Lleras
Cam
argo
Avenida San Jose
Avenida Guaymaral
Avenida Fernando Mazuera
Avenida Poporo Quimbaya
Avenida San Antonio
Avenida Medellin
AvenidaEspaña
Avenida Tibabita
Avenida Centenario
AvenidaBolivia
Avenida San Juan Bosco
AvenidaQuiroga
Avenida Industrial
Avenida Ciudad de Q
uito
Carrera 11
Avenida Longitudinal de Occidente, Roberto Camacho Weverberg
Avenida
Colom
bia
Avenida de los Cedritos
Avenida Cundinamarca
AvenidaDarioEchandia
Avenida Primero de Mayo
Avenida de Las Villas
Avenida San Bernardino
Avenida
Cordoba
AvenidaAlfredodBatem
an
Avenida
laVictoria
Avenida Colon
Avenida
Cam
ino
a
Pasquilla
Avenida
Ustm
inia
Avenida Rodrigo Lara Bonilla
Avenida Iberia
Avenida del Contador
Vía La Calera
Avenida Tintal
Avenida el Cortijo
Vía de Las Flores
Avenida el Jardin
Avenida de las Americas
Avenida General Santander
Avenida Fontibon
Avenida Gonzalo Ariza
Avenida Pepe Sierra
Avenida Santa Barbara
Avenida German Arciniegas
AvenidaMontes
Avenida de la Sirena
AvenidaBatallonCaldas
Avenidadel Salitre
Avenida de las Mercedes
Avenida de los Muiscas
Avenida de los Comuneros
Avenida Chile
Avenida
de
lasVillas
Avenida Fucha
Avenida Bosa
AvenidaSan Francisco
AvenidaJorge
UribeBotero
AvenidaPabloVi
Avenida Santa Fe
AvenidaTunjuelito
VíaElCodito-La Calera
AvenidaUsminia
AvenidadelCongresoEucaristico
Avenida Agoberto Mejia Cifuentes
Avenida Mariscal Sucre
Avenida a Cota
Avenida de la Constitucion
Avenidade
la
Hortua
Vía Corpas
Avenida
Ciudad
de
Villavicencio
Avenidael Rincon
Avenida del Ferrocarril del sur
Vía Borde Norte
Avenida
Boyaca
AvenidaAlameda del Sur
AutopistaAlLlano
Avenida
Santa
Bárbara
Avenida Ferrocarril de Occidente
Avenida Ciudad de Cali
Avenida
Páramo
Avenida Jose Celestino Mutis
Avenida
de
Los
Cerros
Avenida Jorge Gaitan Cortes
Vía Rural a LaCalera
VíaRuraldelaHorqueta
Vía Rural Curubital
VíaSecundariaRuraldelNorte
AvenidadelaHorqueta
VíaBogot á
-Choachí
AvenidaCircunvalardel Sur
VíaVerjones
VíaCamino
de
Pasquilla
Vía
RuralTroncalBolivariana
3700
3400
3350
3300
3250
3200
3100
3150
2950
3600
3050
2950
3300
3250
3100 3050
35003350
3100
3400
33003250
3200
3150
3000
33003250
3550
3450
29002850
32003150
3500
33003150
31003050
3000
3400
3200
2900
3150
3100
3550
3400
3300
3250
3200
30503000
2950
3350
3150
3100
2950
30002800
2650
2600
3100
300029502900
28002750
2850
2700
3900
3750
370036503600
295028502750
3000
2950
29002800
2700
30503000
2850
30002900
29002850280027502700
3350
3300
3400 3350
29002850
2750
2800
27002650
2750
2700
28002750
2650
2600
3800
3750
3700
3500
3400
3400
3300
33503300
3250
3250
3200
3150
3150
3100
3050 3000
2950
3000
2900
3100
3050
3050
3000
295029002850
2900
2750
2950
2850
285028002750
3700
3650
3800
3750
3750 3700 3650
36003500
3350
3300
32003150
3250
3200
3150
3100
31503050
3150
3050
3100
3000
30002950
3050
3000
30503000
2900
2850
2800
28502800
2850
2750
28002700
2800
2700
2700
2650
37503700
3750
3650
34003350
3400
3350
32503200
32503200
3150
3100
31003050
31003050
3100
2850
30002950
30002950
29502900
30002950
2950
2850
2850
2800
2800
2750
28002750
28002700
2800
2700
2800
2750
2800
2750
27502700
2700
2650
27002650
26502600
26502600
2650
2600
2650
2600
3800
3750
34503400
34003350
31503100
31503100
3150
3100
3100
3000
2950
2900
2950
2900
2950
2900
2950
2900
2950
2900
2850
2800
2850
2800
2800
2750
2800
2750
28002750
2750
2700
27502700
2750
2700
27502700
27502700
2750
2700
27502700
27502700
26502600
2600
2550
3450
3350
3200
3150
3000
2900
2850
2900
2850
3600
3450
3400
3050
3500
3450
2950
2900
3050
3050
3000
2950
2850
2650
2650
2550
3000
3700
3600
3600
2750
2650
2900
3450
3500
3450
3400
3250
3300
2850
2800
2800
2800
3350
3250
3100
3050
2900
2900
3000
3850
3700
3650
3450
3400
3300
3250
3250
3050
3100
3050
3000
2950
2950
2900
2900
2850
2",
DTS,5 DOT y planeación urbana (Gregor Wessels)/DOTS América Latina/DOTS Colombia/Proyecto Política nacional DOTS (CCAP-SIGMA-DESPACIO)/Bogotá/POT Bogotá 2022- Documentos relevantes DOTS/DTS/anexo28-guia_formulacion_actuaciones_estrategicas.pdf,anexo28-guia_formulacion_actuaciones_estrategicas.pdf,46260608,66,,Juan Sepulveda,DOCUMENTO TÉCNICO DE SOPORTE,Juan Sepulveda,,,,,,spa,"ANEXOS 
DOCUMENTO TÉCNICO DE SOPORTE 
Anexo 28. Guía de formulación de las 
Actuaciones Estratégicas 
Actuaciones estratégicas
Contenido
01 - AE Lagos de Torca
02 - AE Toberín
03 - AE Ciudadela de la Educación y del Cuidado
04 - AE Prado
05 - AE Niza
06 - AE Bella Suiza
07 - AE Aeropuerto Norte
08 - AE Quirigua
09 - AE Ferias
10 - AE Entre Ríos
11 - AE Polo
12 - AE Calle 72
13 - AE Chapinero
14 - AE Campín
15 - AE Aeropuerto Sur
16 - AE Fontibón Centro
3
5
7
  9
11
13
15
17
19
21
23
25
27
29
31
33
17 - AE Montevideo
18 - AE Zona Industrial
19 - AE Reencuentro
20 - AE Eje Puente Aranda
21 - AE Corabastos
22 - AE Timiza
23 - AE Metro Kennedy
24 - AE Alquería
25 - AE Fucha
26 - AE 20 de Julio
27 - AE Guayacanes
28 - AE Apogeo
29 - AE Sevillana
30 - AE Reverdecer Sur
31 - AE Usme
32 - AE Eje Tintal
35
37
39
41
43
45
47
49
51
53
55
57
59
61
63
65
Actuaciones estratégicas
Lineamientos generales
En esta zona se observa ya un mercado inmobiliario dinámico para desarrollo a partir 
de planes parciales, por lo que los esfuerzos deben concentrarse en:
Restauración y protección de los elementos de la EEP Humedal Guaymaral y 
Canal Torca, en armonización con la R.T.V.D.H., los cerros orientales y el río 
Bogotá.
Consolidación de la AE como nodo de servicios y soportes urbanos del norte de 
la ciudad.
Integrar medidas en los desarrollos en curso y por concretarse para que las 
construcciones sean ""compactas, inclusivas y sostenibles"" y promuevan 
entornos que promuevan la movilidad no motorizada y el uso de transporte 
público. 
Mitigar los impactos de los nuevos desarrollos sobre actividades económicas 
existentes, especialmente aquellas relacionadas con educación y recreación por 
su escala urbano/regional.
Gestión de dinámicas para reducir los incentivos a la reubicación de 
instituciones educativas, y a los impactos adversos que estas pudiesen tener 
sobre los patrones de movilidad de la ciudad. 
Priorización en la construcción y rehabilitación de los corredores viales de la 
carrera 7, carrera 9 y autopista Norte y sus sistemas de transporte asociados.
Conformación de una red de corredores verdes - parques que articulen la 
Reserva Thomas Van Der Hammen, el Río Bogotá y los elementos ecológicos 
conectores. 
Conformación del Nodo de integración regional y la Zona de intercambio modal 
del Norte para los sistemas Metro, RegioTram y transporte Intermunicipal de la 
región norte.
Modelo de
Ordenamiento
Territorial (MOT)
Áreas de Actividad (AA)
Resiliencia 
Climática
Mejor
ambiente 
urbano
Dinamismo, 
reactivación y 
desarrollo 
económico
Protección 
durable de la 
EEP y el paisaje 
sabanero
Equilibrio 
territorial: 
Bogotá Solidaria 
y cuidadora
Desarrollo 
rural 
sostenible
Embellecimiento, 
vitalidad y calidad 
del hábitat
Apuestas
ÁA Estructurante (AAE)
Receptora de vivienda de interés 
social
Convenciones
Proyectos 
estructurantes
Estructura Ecológica Principal (EEP): 
Reserva Forestal Regional Productora 
RTVH
Restauración de los Cerros Orientales
Restauración y Recuperación del Sistema 
Hídrico de Humedales Torca y 
Guaymaral
Restauración y recuperación del Sistema 
Hídrico subcuencas Distrito
Parques de Montaña Cerro de Torca
Conector Ecosistémico Bosque 
Oriental-Río Bogotá
Bosques Urbanos
Estructura Funcional y de Cuidado (EFC):
Parque Metropolitano Guaymaral 
Calles verdes
Red de parques del Río Bogotá
Desarrollo de espacio público para el 
encuentro en suelo no intervenido
Barrios Vitales 
1 Centro de Integración Modal CIM Norte
Corredor Férreo del Norte 
Extensión Metro Norte 
Nodo de Equipamientos Lagos de Torca 
Estructura Integradora de Patrimonios (EIP):
Bienes de Interés Cultural 
Caminos Históricos
Estructura Socio Económica y Cultural 
(ESEC): 
Área Integral del Hábitat
01
Lagos de
Torca
1.791
Área en Hectáreas (HA)
70
Número de manzanas
873
Número de lotes
4.169
Población (No. de habitantes)
Fiducia
Lagos de Torca
Actores relevantes
Hábitat
Sector/Entidad asociado
GRUPO
PRIORIZACIÓN 1
Tipología Integración
REGIONAL
Nodo de Transporte
Nodo de integración y/o
de intercambio modal
Bien de interés cultural
Actuación Estratégica
Barrio vital
Conector ecológico
Área de integración multimodal
Corredor verde
Red férrea
Red Metro
Ruta troncal Transmilenio
Actuaciones estratégicas
Dinámicas económicas
Dentro de perímetro de AE se observan concentraciones comerciales, industriales, de 
servicios y de educación que por la cantidad de empleados parecen corresponder a 
actividades de escala urbana. 
Es importante buscar que dinámica inmobiliaria que se está generando en esta zona 
no vaya a generar impactos adversos sobre algunas actividades existentes como son 
las educativas y las de recreación, pues su desplazamiento podría requerir mayores 
desplazamientos por parte de quienes hacen uso de los mismos. 
Dinámicas inmobiliarias
Plan de Ordenamiento Zonal de Lagos de Torca, ya adoptado ha generado 
una dinámica inmobiliaria que busca transformar la zona. Es importante que 
acciones que se planteen busquen comple",
DTS,5 DOT y planeación urbana (Gregor Wessels)/DOTS América Latina/DOTS Colombia/Proyecto Política nacional DOTS (CCAP-SIGMA-DESPACIO)/Bogotá/POT Bogotá 2022- Documentos relevantes DOTS/DTS/anexo29-actuacion_estrategica_reverdecer_sur.pdf,anexo29-actuacion_estrategica_reverdecer_sur.pdf,1156158,25,,,DOCUMENTO TÉCNICO DE SOPORTE,,1989,,,,,spa," 
ANEXOS 
DOCUMENTO TÉCNICO DE SOPORTE 
Anexo 29 Actuación Estratégica Reverdecer del Sur 
  
  
 
 
Documento Técnico de Soporte 
Actuación Estratégica Reverdecer del Sur 
 
1 Introducción 
 
El proceso de ordenamiento del territorio comprende una serie de acciones, decisiones y 
regulaciones, que definen de manera democrática, participativa, racional y planificada, el uso y 
desarrollo de un determinado espacio físico territorial con parámetros y orientaciones de orden 
demográfico, urbanístico, ecológico, biofísico, sociológico, económico y cultural. 
 
La política de gestión del s uelo tiene como principios constitucionales la función social y ecológica 
de la propiedad y de prevalencia del interés general sobre el particular y a los principios legales de 
función pública del urbanismo y distribución equitativa de las cargas y benefic ios derivados de los 
procesos de desarrollo urbano. Uno de sus objetivos es diseñar y desarrollar modelos de gestión 
urbanística y escenarios de aplicación del conjunto de instrumentos de las leyes 9ª de 1989 y 388 
de 1997 como aporte a la cualificación de  las prácticas urbanísticas públicas y privadas, dirigida a 
definir ámbitos de aplicación del principio de distribución equitativa de cargas y beneficios, en 
condiciones de equidad social y equilibrio territorial. 
 
Con fundamento en la necesidad de buscar un desarrollo sostenible y teniendo como propósito 
alcanzar un equilibrio entre las actividades antrópicas, la protección ambiental y el ordenamiento 
territorial se hace necesario orientar la utilización del suelo, de tal manera que, se logre el óptimo 
aprovechamiento de éste y sus recursos asociados junto con un mayor bienestar de la población.  
 
Esto implica para la zona minera de Tunjuelito en donde la extracción se ha realizado por más de 
cincuenta años la necesidad de formular una actuación estratégica denominada Reverdecer del Sur, 
que establezca determinantes ambientales, acciones para el cierre conjunto minero, destinación de 
suelo para su conservación, preservación, diversidad biológica y estabilidad ecológica, así como 
designación de las áreas posibles de aprovechamiento urbanístico. 
 
El área entendida como una pieza urbana ejemplar para la ciudad, es la oportunidad para formular 
una actuación estratégica que en su conjunto se estructura como una nueva centralidad para la 
equidad territorial y el cuidado de sus habitantes. La visión de la intervención está determinada por 
el PDD con sus propósitos, logros, en línea con los ODS y el acuerdo programático ambiental suscrito 
previo al inicio de la Administración por Claudia López como candidata a la Alcaldía Mayor de la 
ciudad, el cual determina la necesidad de evaluar las condiciones de riesgo del sector antes de dar 
viabilidad al plan parcial allí proyectado y, con base en los estudios que se adelanten, asegurar las 
medidas de compensación por la explotación minera adelantada. 
 
  
  
 
2 Situación del territorio 
 
El área de la Actuación Estratégica Reverdecer del Sur se estructura a partir de la cuenca hídrica del 
río Tunjuelo, la localización de la Escuela de Artillería y las actividades de extracción minera iniciadas 
desde la década de los cuarenta, al suroriente de la ciudad de Bogotá. Corresponde al suelo urbano 
comprendido entre la Avenida Caracas y la Avenida Boyacá, con un área total de 428,77 hectáreas 
ubicadas en las localidades de Ciudad Bolívar y Tunjuelito, y que limita con las localidades de Usme 
y Rafael Uribe Uribe. En la zona de influencia habitan más de 1,5 millones de personas en 506 mil 
hogares, quienes demandan una cantidad considerable de servicios ecosistémi cos, sociales y 
económicos. 
 
 
 
Actualmente, es un área sin aprovechamiento urbanístico, carente de conectividad con el tejido 
urbano, en donde mayoritariamente se depositan residuos de construcción y demolición y, en 
donde el río Tunjuelo ha perdido su ca uce debido a procesos exógenos. La propiedad de los lotes 
pertenece a 10 empresas con distinta participación, y comprende 7 títulos mineros de los cuales 3 
cuentan con Plan de Manejo Ambiental, uno cuenta con Plan de Manejo Restauración y 
Recuperación Ambiental PMRRA y dos no cuentan con instrumento y no han sido explotados en su 
vida activa. En la actualidad se encuentran surtiendo un proceso gradual de cierre de títulos mineros 
que prevé en los próximos años dar cumplimiento a las obligaciones establecida s por los 
instrumentos mineros y ambientales adoptados por las entidades competentes.  
3 Justificación 
 
En la revisión del POT de la pasada Administración, se identificó la imposibilidad de ejecución de un 
parque en la totalidad del área por aspectos de cará cter técnico y urbanístico, altos costos en la 
      
                         
              
                          
            
                         
                
                          
                         
                               
  
  
 
adquis",
DTS,5 DOT y planeación urbana (Gregor Wessels)/DOTS América Latina/DOTS Colombia/Proyecto Política nacional DOTS (CCAP-SIGMA-DESPACIO)/Bogotá/POT Bogotá 2022- Documentos relevantes DOTS/DTS/dts_libroi_componente_general.pdf,dts_libroi_componente_general.pdf,10350398,282,,Lorena Guerrero,DOCUMENTO TÉCNICO DE SOPORTE,Lorena Guerrero,2021,,,,,spa," 
 
DOCUMENTO TÉCNICO DE SOPORTE 
Libro 1 
Componente General 
Julio 2021 
 
Documento Técnico de Soporte del     
                                                 PLAN DE ORDENAMIENTO TERRITORIAL DE BOGOTÁ 
 
 
TABLA DE CONTENIDO 
1 Introducción ................................ ................................ ................................ .................. 1 
2 El POT y los Objetivos de Desarrollo Sostenible: una misma apuesta territorial ........... 2 
3 Síntesis diagnóstica: Principales problemáticas y retos territoriales de Bogotá en el 
contexto regional ................................ ................................ ................................ ............... 5 
3.1 Caracterización general del territorio y su población ................................ ................. 5 
3.2 Acciones desde el Distrito Capital desarticuladas del contexto regional .................... 9 
3.3 Riesgos incrementados por crisis climática ................................ ............................. 10 
3.4 Áreas y paisajes con valor ambiental en riesgo de pérdida ................................ ..... 12 
3.5 Deterioro de las condiciones ambientales de la ciudad ................................ ........... 13 
3.6 Abandono de la planeación hacia la ciudad construida ................................ ........... 14 
3.7 Insuficiencia de núcleos de productividad y de sus soportes ................................ ... 15 
3.8 Desequilibrio territorial urbano/rural y desigualdades ................................ .............. 16 
3.9 Economía rural no sostenible con uso inadecuado del suelo................................ ... 17 
3.10 La planificación de Bogotá, del POT vigente, falló por falta de implementación ..... 20 
4 Estructura del Plan de Ordenamiento Territorial ................................ ......................... 22 
5 Políticas de ordenamiento territorial del Distrito Capital ................................ .............. 34 
5.1 Uso, ocupación y aprovechamiento del suelo para promover el equilibrio territorial y el 
cuidado ................................ ................................ ................................ ............................ 37 
5.2 Obligaciones urbanísticas para concretar las decisiones de ordenamiento ............. 38 
5.3 Articulación con las políticas sectoriales ................................ ................................ .. 38 
6 Principios rectores del ordenamiento territorial ................................ ........................... 39 
7 Objetivos de ordenamiento territorial ................................ ................................ .......... 41 
7.1 Proteger la Estructura Ecológica Principal y los paisajes bogotanos y generar las 
condiciones de una relación más armoniosa y sostenible de la ciudad con su entorno rural
 42 
7.2 Incrementar la capacidad de resiliencia del territorio frente a la ocurrencia de desastres 
y derivados de la variabilidad y del cambio climático ................................ ....................... 43 
7.3 Mejorar el ambiente urbano y de los asentamientos rurales ................................ .... 45 
7.4 Revitalizar la ciudad a través de intervenciones y proyectos de calidad .................. 47 
7.5 Promover el dinamismo, la reactivación económica y la creación de empleos ........ 48 
7.6 Reducir los desequilibrios y desigualdades para un territorio más solidario y cuidador
 49 
7.7 Alcanzar el desarrollo rural sostenible ................................ ................................ ..... 50 
8 Modelo de Ocupación Territorial (MOT) ................................ ................................ ..... 52 
8.1 Ámbitos territoriales de concreción del MOT ................................ ........................... 53 
8.1.1 Los aportes del MOT de Bogotá a la región ................................ ......................... 54 
8.1.2 El MOT en la escala Distrital ................................ ................................ ................ 55 
8.1.3 El MOT en la escala Local ................................ ................................ .................... 57 
8.2 Descripción del MOT a partir de sus componentes ................................ ................. 59 
8.3 Elementos Regionales del Modelo de Ocupación del Territorio ...............................  60 
8.4 Elementos Distritales del Modelo de Ocupación del Territorio ................................ . 61 
8.5 Elementos Locales del Modelo de Ocupación del Territorio ................................ ...... 61 
8.6 Acciones que concretan el MOT ................................ ................................ .............. 61 
8.6.1 Aportes desde la Estructura Ecológica Principal ................................ ................... 62 
8.6.2 Aportes desde la Estructura Integradora de Patrimonios como base de la identidad 
y sentido de pertenencia hacia el territorio ................................ ................................ ....... 68 ",
DTS,5 DOT y planeación urbana (Gregor Wessels)/DOTS América Latina/DOTS Colombia/Proyecto Política nacional DOTS (CCAP-SIGMA-DESPACIO)/Bogotá/POT Bogotá 2022- Documentos relevantes DOTS/DTS/dts_libroii_componente_urbano.pdf,dts_libroii_componente_urbano.pdf,5564339,236,,Lorena Guerrero,DOCUMENTO TÉCNICO DE SOPORTE,Lorena Guerrero,2021,,,,,spa,"DOCUMENTO TÉCNICO DE SOPORTE 
Libro 2 
Componente Urbano 
Julio 2021 
 
Documento Técnico de Soporte del     
                                                 PLAN DE ORDENAMIENTO TERRITORIAL DE BOGOTÁ 
 
 
TABLA DE CONTENIDO 
1 Política de ordenamiento urbano del Distrito Capital ................................ .................... 1 
2 Objetivos del ordenamiento urbano ................................ ................................ .............. 2 
2.1 Proteger la Est ructura Ecológica Principal y los paisajes bogotanos y generar las 
condiciones de una relación más armoniosa y sostenible de la ciudad con su entorno rural
 2 
2.2 Incrementar la capacidad de resiliencia del territorio frente a la ocurrencia de desastres 
y derivados de la variabilidad y del cambio climático ................................ ......................... 3 
2.3 Mejorar el Ambiente Urbano ................................ ................................ ...................... 4 
2.4 Embellecer y revitali zar Bogotá respondiendo a las necesidades habitacionales a 
través de entornos urbanos y proyectos de calidad ................................ ........................... 4 
2.5 Promover el dinamismo bogotano y estimular la reactivación económica y la creación 
de empleos ................................ ................................ ................................ ........................ 5 
2.6 Reducir los desequilibrios y desigualdades para una Bogotá más solidaria y cuidadora
 6 
3 Áreas para la conservación y protección ambiental ................................ ...................... 7 
4 Áreas expuestas a amenazas y riesgo naturales ................................ ....................... 12 
4.1 Fenómenos amenazantes ................................ ................................ ....................... 12 
4.2 Incorporación de la gestión del riesgo ................................ ................................ ..... 18 
4.3 Priorización de Estudios Detallados de Riesgo................................ ........................ 26 
5 Lineamientos y normas asociadas a la Estructura Funcional y del Cuidado ............... 29 
5.1 Sistema de espacio público peatonal y para el encuentro ................................ ....... 29 
5.1.1 Lineamientos de diseño para los espacios pú blicos peatonales y para el encuentro
 30 
5.1.2 Conformación de las redes estructurantes y de proximidad ................................ .. 30 
5.1.3 Infraestructura peatonal ................................ ................................ ........................ 33 
5.1.4 Elementos complementarios ................................ ................................ ................ 34 
5.1.5 Áreas y elementos de bienes privados afectos al uso público ..............................  34 
5.1.6 Meta de espacio público efectivo ................................ ................................ .......... 34 
5.1.7 Estrategia intervención de la Estructura Funcional y del Cuidado ......................... 35 
5.2 Sistema de movilidad ................................ ................................ ..............................  38 
5.2.1 Espacio público para la movilidad ................................ ................................ ......... 38 
5.2.2 Red de transporte público urbano de pasajeros ................................ ................... 50 
5.3 Sistema de servicios sociales, de cuidado y servicios básicos ................................  55 
5.3.1 Servicios sociales para la inclusión, protección, igualdad y equidad social ........... 57 
5.3.2 Servicios básicos ................................ ................................ ................................ .. 59 
5.3.3 Servicios del cuidado ................................ ................................ ............................ 60 
5.4 Sistemas generales de servicios públicos ................................ ...............................  62 
5.4.1 Sistema de acueducto ................................ ................................ .......................... 62 
5.4.2 Sistema de alcantarillado y tratamiento de aguas ................................ ................. 63 
5.4.3 Sistema de drenaje pluvial sostenible ................................ ................................ ... 65 
5.4.4 Sistema para la gestión integral de residuos ................................ ........................ 66 
5.4.5 Sistemas de energía eléctrica, alumbrado público y FNCER ................................  77 
5.4.6 Sistemas de gas natural y sistemas alternativos de gas ................................ ....... 81 
5.4.7 Sistema de las tecnologías de la información y las telecomunicaciones ............... 81 
5.4.8 Disposiciones comunes aplicables a los sistemas de servicios públicos .............. 84 
5.5 Condiciones comunes a los sistemas generales ................................ ..................... 89 
5.5.1 Licenciamientos urbanísticos en zonas de reserva localización de l",
DTS,5 DOT y planeación urbana (Gregor Wessels)/DOTS América Latina/DOTS Colombia/Proyecto Política nacional DOTS (CCAP-SIGMA-DESPACIO)/Bogotá/POT Bogotá 2022- Documentos relevantes DOTS/DTS/dts_libroiii_componente_rural_0.pdf,dts_libroiii_componente_rural_0.pdf,9563873,150,,Lorena Guerrero,DOCUMENTO TÉCNICO DE SOPORTE,Lorena Guerrero,2021,,,,,spa,"DOCUMENTO TÉCNICO DE SOPORTE 
Libro 3 
Componente Rural 
Julio 2021 
 
Documento Técnico de Soporte del     
                                                 PLAN DE ORDENAMIENTO TERRITORIAL DE BOGOTÁ 
 
 
TABLA DE CONTENIDO 
1 Política de ocupación del suelo rural ................................ ................................ ............ 1 
2 Principios rectores y estrategias del ordenamiento rural ................................ .............. 3 
3 Objetivos de corto y mediano plazo ................................ ................................ .............. 5 
3.1 Mejorar la conectividad vial, digital y ecosistémica entre la ciudad y las ruralidades y 
propiciar simultáneamente la generación de pasos de fauna y corredores ecológicos....... 5 
3.2 Favorecer el control, la vigilancia y la atención de emergencias, garantizando las 
condiciones de prestación de los servicios sociales de seguridad, justicia y atención de 
emergencias ................................ ................................ ................................ ...................... 5 
3.3 Contener el desarrollo informal en los bordes urbano-rurales del Distrito Capital ...... 5 
3.4 Mejorar la vitalidad de los centros poblados ................................ ..............................  6 
3.5 Promover formas innovadoras de vivienda rural bioclimática, así como la conservación 
de arquitecturas vernáculas e históricas ................................ ................................ ............ 6 
3.6 Promover el turismo de naturaleza y cultural ................................ ............................. 6 
3.7 Promover la producción y el uso de fuentes renovables de energía .......................... 7 
3.8 Aumentar la oferta de servicios del cuidado y, en los bordes urbano-rurales, promover 
la creación de cooperativas de producción, acopio y comercialización de alimentos con 
denominación de origen Bogotá, en relación directa con la infraestructura vial y de 
transporte público ................................ ................................ ................................ .............. 7 
4 Desarrollo rural sostenible con enfoque territorial ................................ ......................... 8 
4.1 Pieza Norte ................................ ................................ ................................ ............... 9 
4.2 Pieza Cerros Orientales ................................ ................................ ............................ 9 
4.3 Pieza Cuenca del Tunjuelo ................................ ................................ ........................ 9 
4.4 Pieza Sumapaz ................................ ................................ ................................ ......... 9 
5 Zonas de Reserva Campesina ................................ ................................ ................... 10 
6 Estructura Funcional y del Cuidado ................................ ................................ ............ 11 
6.1 Sistema de espacio público peatonal y para el encuentro ................................ ....... 11 
6.2 Sistema de movilidad ................................ ................................ ..............................  13 
6.2.1 Espacio público para la movilidad rural ................................ ................................ . 14 
6.2.2 Malla del espacio público para la movilidad rural ................................ .................. 16 
6.2.3 Red de transporte público de pasajeros rural ................................ ....................... 26 
6.2.4 Red de transporte de carga y abastecimiento ................................ ....................... 28 
6.2.5 Red de transporte aéreo ................................ ................................ ....................... 28 
6.3 Sistema de equipamientos y del cuidado ................................ ................................  30 
6.3.1 Lineamientos para el sistema rural de servicios sociales, del cuidado y servicios 
básicos ................................ ................................ ................................ ............................ 30 
6.3.2 Condiciones de localización de equipamientos para servicios sociales, del cuidado 
y servicios básicos ................................ ................................ ................................ ........... 31 
6.3.3 Red estructurante ................................ ................................ ................................ . 31 
6.3.4 Red de proximidad ................................ ................................ ...............................  32 
6.4 Sistema de servicios públic os domiciliarios y de las nuevas tecnologías y 
comunicaciones en el suelo rural ................................ ................................ ..................... 32 
6.4.1 Sistema de acueducto ................................ ................................ .......................... 32 
6.4.2 Sistema de alcantarillado y tratamiento de ag",
DTS,5 DOT y planeación urbana (Gregor Wessels)/DOTS América Latina/DOTS Colombia/Proyecto Política nacional DOTS (CCAP-SIGMA-DESPACIO)/Bogotá/POT Bogotá 2022- Documentos relevantes DOTS/DTS/dts_libroiv_instrumentos_072021.pdf,dts_libroiv_instrumentos_072021.pdf,3096378,63,,Lorena Guerrero,DOCUMENTO TÉCNICO DE SOPORTE,Lorena Guerrero,2021,,,,,spa,"DOCUMENTO TÉCNICO DE SOPORTE 
Libro 4 
Instrumentos de planeación, gestión y 
financiación 
Julio 2021 
 
Documento Técnico de Soporte del     
                                                 PLAN DE ORDENAMIENTO TERRITORIAL DE BOGOTÁ 
 
 
TABLA DE CONTENIDO 
1 Introducción ................................ ................................ ................................ .................. 1 
2 Actuaciones Estratégicas ................................ ................................ ............................. 2 
2.1 Antecedentes y resultados ................................ ................................ ........................ 2 
2.2 Conceptualización de las Actuaciones Estratégicas ................................ .................. 3 
2.3 Identificación y priorización ................................ ................................ ....................... 3 
2.4 Implementación de las Actuaciones Estratégicas ................................ .................... 11 
2.4.1.1 Instrumento de las Actuaciones Estratégicas ................................ .................... 11 
2.4.1.2 Atributos y articulación con otros instrumentos ................................ .................. 12 
2.4.1.3 Modelo de financiamiento ................................ ................................ .................. 13 
2.4.1.4 Estructura de Gobernanza ................................ ................................ ................. 13 
2.4.1.5 Procedimiento de adopción y puesta en marcha ................................ ............... 16 
2.4.1.6 Seguimiento y evaluación ................................ ................................ .................. 17 
2.5 Lineamientos de las Actuaciones Estratégicas ................................ ........................ 18 
3 Instrumentos de planeación ................................ ................................ ....................... 19 
3.1 Planes parciales de desarrollo y de redesarrollo ................................ ..................... 19 
3.1.1 Objetivo ................................ ................................ ................................ ................ 20 
3.1.2 Ámbito de aplicación ................................ ................................ ............................ 20 
3.1.3 Criterios para la delimitación del área sujeta a plan parcial ................................ .. 20 
3.1.4 Áreas de manejo diferenciado ................................ ................................ .............. 21 
3.1.5 Responsabilidad de la formulación y procedimiento para la adopción de los Planes 
Parciales ................................ ................................ ................................ .......................... 22 
3.1.6 Contenido del Instrumento ................................ ................................ .................... 22 
3.1.7 Precisiones del Instrumento de Planes Parciales ................................ ................. 23 
3.2 Legalización Urbanística ................................ ................................ ......................... 23 
3.2.1 Descripción del instrumento (Objetivo y alcance) ................................ ................. 23 
3.2.2 Ámbito de aplicación ................................ ................................ ............................ 24 
3.2.3 Lineamientos para el Procedimiento ................................ ................................ ..... 24 
3.2.4 Definición del Reparto Equitativo de Cargas y Beneficios ................................ .... 25 
3.2.5 Condiciones para la prestación de servicios públicos, vías y espacio público en los 
procesos de legalización. Para los asentamientos humanos de origen informal deberán 
tenerse en cuenta las siguientes acciones ................................ ................................ ....... 25 
3.2.6 Recomendaciones para la operatividad del instrumento (entidades responsables)
 27 
3.3 Formalización Urbanística ................................ ................................ ....................... 27 
3.3.1 Descripción del instrumento (Objetivo y alcance) ................................ ................. 27 
3.3.2 Ámbito de aplicación ................................ ................................ ............................ 27 
3.3.3 Procedimiento ................................ ................................ ................................ ...... 27 
3.3.4 Definición del Reparto Equitativo de Cargas y Beneficios ................................ .... 28 
3.3.5 Recomendaciones para la operatividad del instrumento (entidades responsables)
 28 
3.4 Plan Especial de Mitigación de Impactos Urbanísticos (PEMIU) ............................. 29 
3.4.1 Procedimiento para el Plan Especial de Mitigación de Impactos Urbanísticos 
(PEMIU) ................................ ................................ ................................ ........................... 29 
4 Instrumentos de financiación y de gestión de s",
DTS,5 DOT y planeación urbana (Gregor Wessels)/DOTS América Latina/DOTS Colombia/Proyecto Política nacional DOTS (CCAP-SIGMA-DESPACIO)/Bogotá/POT Bogotá 2022- Documentos relevantes DOTS/DTS/dts_librov_programasproyectos_072021.pdf,dts_librov_programasproyectos_072021.pdf,2115859,43,Microsoft Word - 20210711_DTS LibroV Programas y Proyectos.docx,,DOCUMENTO TÉCNICO DE SOPORTE,,2021,,,,,spa,"DOCUMENTO TÉCNICO DE SOPORTE 
Libro 5 
Programas y Proyectos 
Julio 2021 
 
Documento Técnico de Soporte del     
                                                 PLAN DE ORDENAMIENTO TERRITORIAL DE BOGOTÁ 
 
 
TABLA DE CONTENIDO 
1 Programas del Plan de Ordenamiento Territorial ........................................................... 1 
1.1 Programa para la restauración ecológica y renaturalización de los elementos de los 
paisajes bogotanos .............................................................................................................. 2 
1.2 Programa para la conectividad ecosistémica entre los elementos de la Estructura 
Ecológica Principal ............................................................................................................... 3 
1.3 Programa de entornos habitables, seguros y resilientes ............................................. 4 
1.4 Programa de reverdecimiento y renaturalización del Distrito Capital .......................... 6 
1.5 Programa para descarbonizar la movilidad ................................................................. 9 
1.6 Programa de resignificación de nuestra identidad, cultura y patrimonio ................... 14 
1.7 Programa para la recualificación del paisaje urbano ................................................. 15 
1.8 Programa de Territorios Productivos y Competitivos ................................................ 17 
1.9 Programa de Hábitat sostenibles y productivos ........................................................ 21 
1.10 Programa Territorios para la vitalidad y el cuidado ................................................. 22 
1.11 Programa de Calles Completas ............................................................................... 28 
1.12 Programa de prestación de servicios públicos organizado, eficiente e inteligente . 34 
1.13 Programa de hábitat y vivienda popular .................................................................. 38 
1.14 Programa Territorio rural equitativo, productivo e incluyente .................................. 39 
 
  
Documento Técnico de Soporte del     
                                                 PLAN DE ORDENAMIENTO TERRITORIAL DE BOGOTÁ 
 
1 
 
1 Programas del Plan de Ordenamiento Territorial 
Los programas del Plan de Ordenamiento Territorial son un conjunto de proyectos y 
estrategias de intervención que tienen por objetivo concretar los propósitos de las 
estructuras territoriales y cumplir los objetivos del Plan de Ordenamiento Territorial.  
 
Se definieron 14 programas en función de los objetivos y los propósitos del POT y son los 
siguientes:  
 
Objetivo estratégico POT Programa 
1. Proteger la estructura ecológica principal y los 
paisajes bogotanos y generar las condiciones de 
una relación más armoniosa y sostenible de la 
ciudad con su entorno rural.  
1. Programa para la restauración 
ecológica y renaturalización de los 
elementos de los paisajes bogotanos 
2. Programa para la conectividad 
ecosistémica entre los elementos de la 
EEP 
2. Incrementar la capacidad de resiliencia del 
territorio frente a la ocurrencia de desastres y 
derivados de la variabilidad y del cambio 
climático.  
3. Programa de entornos habitables, 
seguros y resilientes  
3. Mejorar el ambiente urbano y de los 
asentamientos rurales 
4. Programa de reverdecimiento y 
renaturalización del Distrito Capital 
5. Programa para descarbonizar la 
movilidad 
4. Revitalizar la ciudad a través de 
intervenciones y proyectos de calidad 
6. Programa de resignificación de 
nuestra identidad, cultura y patrimonio 
7. Programa para la recualifación del 
paisaje urbano 
5. Promover el dinamismo, la reactivación 
económica y la creación de empleos 
8. Programa de Territorios Productivos y 
Competitivos 
9. Programa de hábitats sostenibles y 
productivos 
6. Reducir los desequilibrios y desigualdades 
para un territorio más solidario y cuidador. 
10. Programa Territorios para la vitalidad 
y el cuidado 
11. Programa de Calles completas 
12. Programa de prestación de servicios 
públicos organizado, eficiente e 
inteligente 
13. Programa de vivienda y hábitat 
popular 
7. Alcanzar el Desarrollo Rural Sostenible.  14. Programa Territorio rural equitativo, 
productivo e incluyente 
 
A continuación, se describe cada uno de los programas, sus respectivos subprogramas, los 
indicadores y metas definidos para cada subprograma, los cuales hacen parte del sistema 
de indicadores para el seguimiento del POT1. Adicionalmente, en cada subprograma se 
incluyen los proyectos estructurantes Son proyectos que concretan condiciones particulares 
 1 La descripción, línea base, fórmula y demás información se encuentra en el anexo “Indicadores de 
seguimiento y evaluación”. 
Documento Técnico de Soporte del     
                                                 PLAN DE ORDENAMIENTO TERRITORIAL DE BOGOTÁ 
 
2 
 
de las estructuras generales de ordenamiento del POT (EPE, AIP, EFC, ESEC) para un 
entorno urbano específico, d",
Conpes Movilidad Sostenible,5 DOT y planeación urbana (Gregor Wessels)/DOTS América Latina/DOTS Colombia/Proyecto Política nacional DOTS (CCAP-SIGMA-DESPACIO)/Conpes Movilidad Sostenible/Conpes_3991.pdf,Conpes_3991.pdf,686617,84,"El presente documento presenta a consideración del CONPES para la Política Social la distribución territorial y sectorial del Situado Fiscal, así como la distribución territorial de la participación de municipios y resguardos indígenas en los Ingresos Co",Julian Alfonso Varon Parra,CONSEJO NACIONAL DE POLÍTICA ECONÓMICA Y SOCIAL,Julian Alfonso Varon Parra,2020,DEPARTAMENTO NACIONAL DE PLANEACIÓN,,,,spa," 
 
 
 
 
 
 
Documento  
CONPES           
 
CONSEJO NACIONAL DE POLÍTICA ECONÓMICA Y SOCIAL  
REPÚBLICA DE COLOMBIA REPÚBLICA DE COLOMBIA 
DEPARTAMENTO NACIONAL DE PLANEACIÓN 
 
 
 
 
 
 
POLÍTICA NACIONAL DE MOVILIDAD URBANA Y REGIONAL 
 
 
 
 
 
 
 
Departamento Nacional de Planeación 
Ministerio de Hacienda y Crédito Público 
Ministerio de Ambiente y Desarrollo Sostenible 
Ministerio de Transporte 
 
 
 
 
Versión aprobada   
 
 
 
 
 
 
Bogotá, D.C.,  14 de abril de 2020   
3991 
 
 
 
 
2 
 
 
 
CONSEJO NACIONAL DE POLÍTICA ECONÓMICA Y SO CIAL 
CONPES 
 
 
Iván Duque Márquez  
Presidente de la República 
 
Marta Lucía Ramírez Blanco  
Vicepresidenta de la República 
 
 
Alicia Victoria Arango Olmos  
Ministra del Interior 
Claudia Blum de Barberi  
Ministra de Relaciones Exteriores  
Alberto Carra squilla Barrera 1 
Ministro de Hacienda y Crédito Público 
Margarita Leonor Cabello Blanco  
Ministra de Justicia y del Derecho  
Carlos Holmes Trujillo García  
Ministro de Defensa Nacional 
Rodolfo Enrique  Zea Navarro  
Ministro de Agricultura y Desarrollo Rural 
Fernando Ruiz Gómez  
Ministro de Salud y Protección Social 
Ángel Custodio Cabrera Báez  
Ministro de Trabajo  
María Fernanda Suárez Londoño  
Ministra de Minas y Energía 
José Manuel Restrepo Abondano  
Ministro de Comercio, Industria y Turismo  
María Victoria Angulo González  
Ministra de Educación NacionalMinistra de 
Educación Nacional 
Ricardo José Lozano Picó n 
Ministro de Ambiente y Desarrollo Sostenible 
Jonathan Tybalt Malagón González  
Ministro de Vivienda, Ciudad y Territorio 
Sylvia C ristina Constaín Rengifo  
Ministra de Tecnologías de la Información y las 
Comunicaciones 
 
Ángela María Orozco Gómez 
Ministra de Transporte 
Carmen Inés Vásquez Camacho  
Ministra de Cultura 
 
Ernesto Lucena Barrero  
Ministro de Deporte 
Mabel Gisela Tor res Torres  
Ministra de Ciencia, Tecnología e Innovación 
 
Luis Alberto Rodríguez  
Director General del Departamento Nacional de Planeación 
 
Daniel Gómez Gaviria  
Subdirector General Sectorial 
Amparo García Montaña  
Subdirectora General Territorial 
 
1 Estos miembros del CONPES no participaron en la sesión de aprobación del presente documento CONPES. 
 
 
 
 
3 
 
 
 
Resumen ejecutivo  
La calidad de la movilidad de una ciudad incide en el nivel de vida de sus habitantes 
y en su nivel de productividad y competitividad. En esta materia, la Nación y las entidades 
territoriales enfrentan importantes desafíos por cuenta de las e xternalidades negativas del 
transporte, asociadas a la contaminación, congestión y siniestralidad  vial, que afectan la 
sostenibilidad económica, ambiental y social de las ciudades.  
Por un lado , la oferta de transporte público no responde a las necesidades  de 
desplazamiento de los usuarios y, las dificultades para prestar un servicio fiable, accesible y 
asequible han derivado en el débil posicionamiento de los sistemas, que a su vez compromete 
su sostenibilidad en términos financieros. Por otro lado, el uso de medios no motorizados de 
transporte aún no logra consolidarse en la movilidad por la escasa priorización de acciones 
de política dirigidas a  garantizar la seguridad y continuidad de estos desplazamientos. 
Adicionalmente, el transporte de mercancías aumenta la presión sobre el sistema de 
movilidad y ocasiona altos niveles de congestión alrededor y al interior de las urbes.  
Por lo anterior, el presente documento formula estrategias para orientar el desarrollo 
de medidas de movilidad destinadas a contribuir al bienestar social, ambiental y económico 
de las ciudades. Principalmente, la política plantea acciones para materializar una visión de 
movilidad de calidad y que contemple la participación de todos los actores del sistema, de 
tal forma que se reconozc an sus vulnerabilidades y se minimicen sus extern alidades 
negativas. Dado que, para la instauración de esta visión, se requiere robustecer la capacidad 
institucional de las entidades nacionales y territoriales , y los mecanismos financieros que 
garanticen la calidad de los sistemas ofertados, se proponen acciones para el fortalecimiento 
de los aspectos que en esta materia presentan importantes oportunidades de mejora. 
Las acciones propuestas serán desarrolladas en los próximos cuatro años y tienen un 
valor e stimado de 12.460 millones de pesos.  Para su cump limiento se requiere la 
participación del Ministerio de Transporte ; Ministerio de Hacienda y Crédito Público ; 
Departamento Nacional de Planeación ; Ministerio de Ambiente y Desarrollo Sostenible , y 
Ministerio de Vivienda, Ciudad y Territorio. 
Clasificació n: R41, R42, R48. 
Palabras clave:  movilidad, sistemas de transporte público, planes de movilidad, movilidad activa, 
desarrollo orientado al transporte, seguridad vial. 
  
 
 
 
 
4 
 
 
 
TABLA DE CONTENIDO  
1. INTRODUCCIÓN  ................................ ................................ ..............................  7 
2. ANTECEDENTES Y JUSTIF ICACIÓN .....",
Otras políticas relacionadas,5 DOT y planeación urbana (Gregor Wessels)/DOTS América Latina/DOTS Colombia/Proyecto Política nacional DOTS (CCAP-SIGMA-DESPACIO)/Otras políticas relacionadas/05-Agosto-2022 Estrategia Nacional de Transporte Sostenible_V6.pdf,05-Agosto-2022 Estrategia Nacional de Transporte Sostenible_V6.pdf,14240078,107,,,Transporte Sostenible,"otro lado, actualmente existen 17 millones de vehículos activos que se encuentran",2022,MINISTERIO DE TRANSPORTE,,,,spa,"Estrategia Nacional de 
Transporte Sostenible
GOBIERNO DE COLOMBIA » 2022


Estrategia Nacional de 
Transporte Sostenible
GOBIERNO DE COLOMBIA » Bogotá D.C. 2022
Página » 4
» Estrategia Nacional de Transporte Sostenible
GOBIERNO DE COLOMBIA
PRESIDENTE DE LA REPÚBLICA
Iván Duque Márquez
MINISTRA DE TRANSPORTE
Ángela María Orozco Gómez
» Viceministro de Transporte
Camilo Pabón Almanza
» Coordinador Grupo de Asuntos Ambientales y Desarrollo Sostenible 
Juan David Roldán Sierra
MINISTRO DE AMBIENTE Y DESARROLLO SOSTENIBLE
Carlos Eduardo Correa Escaf
» Viceministro de Políticas y Normalización Ambiental
Francisco Cruz Prada
» Viceministro de Ordenamiento Ambiental del Territorio 
Nicolás Galarza Sánchez 
» Directora de Asuntos Ambientales, Sectorial y Urbana
Andrea Corzo Álvarez
» Director de Cambio Climático y Gestión del Riesgo
Álex José Saer Saker
» Coordinadora Grupo de Gestión Ambiental Urbana
María del Carmen Cabeza Alarcón
MINISTRO DE MINAS Y ENERGÍA
Diego Mesa Puyo
» Viceministro de Energía
Miguel Lotero Robledo
» Jefe de Oficina de Asuntos Regulatorios y Empresariales
Julián Antonio Rojas
» Director Unidad de Planeación Minero Energética
Christian Jaramillo Herrera
» Subdirectora de Demanda
Lina Patricia Escobar Rangela
» Directora del Deparmento Nacional de Planeación
Alejandra Botero Barco
» Director del Infraestructura y Energía Sostenible
Jonathan David Bernal González
Página » 5
» Estrategia Nacional de Transporte Sostenible
AUTORES
MINISTERIO DE TRANSPORTE
» María José Puello Pertuz
» Fernando Mendoza Téllez
MINISTERIO DE AMBIENTE Y DESARROLLO SOSTENIBLE
» Luis Guillermo Pinilla Rodríguez
» Mayra Alejandra Lancheros Barragán
MINISTERIO DE MINAS Y ENERGÍA
» Lised Katherine Chaves Acosta
» Carlos Andrés Álvarez Álvarez
UNIDAD DE PLANEACIÓN MINERO ENERGÉTICA
» Lina Patricia Escobar Rangel
DEPARTAMENTO NACIONAL DE PLANEACIÓN
» Maria Camila Páez Páez
» Ximena Cantor Hernandez  
» Stefanía García Bohórquez
» Maria Camila Diaz Martinez
CRÉDITOS
Fotografías de la Agencia Nacional de Seguridad Vial - ANSV
» Gabriel Vanegas
Fotografías del Ministerio de Transporte
» Flickr Ministerio de Transporte
Fotografías de Cormagdalena
Fotografías de Transmilenio
Diseño y diagramación - Ministerio de Transporte
» Linda Nathaly Sarmiento Olaya
Todos los derechos reservados. Se autoriza la reproducción y divulgación de material con -
tenido en este documento para fines educativos u otros fines no comerciales sin previa au -
torización del titular de los derechos de autor , siempre que se cite claramente la fuente. Se 
prohíbe la reproducción total o parcial de este documento para fines comerciales.
Resumen Ejecutivo
En el presente documento se plantea la importancia de avanzar en la transición energética 
de Colombia, como pilar estratégico para la transformación sostenible del sector transpor -
te hacia la optimización del consumo energético, modernización del parque automotor y el 
fortalecimiento de la intermodalidad. Todo esto se traduce en la reducción de emisiones de 
Gases de Efecto Invernadero (GEI) y mitigación de contaminantes atmosféricos. 
Bajo este entendido, se plantean acciones enmarcadas dentro de ejes estratégicos que bus-
can trazar un mapa de ruta que permita cumplir con el compromiso nacional ante el Acuerdo 
de París de lograr un 51 % de reducción de las emisiones de GEI del país con respecto al 
escenario de referencia a 2030. También pretende contribuir en la mitigación de contami -
nantes atmosféricos, los cuales son los directamente causantes de los episodios de mala 
calidad del aire que se presentan en nuestras ciudades, lo que a su vez genera afectaciones 
a la salud de los colombianos.
Vale la pena tener en cuenta que el sector transporte genera el 12,5 % de las emisiones 
totales de dióxido de carbono equivalente del país (Instituto de Hidrología, Meteorología y 
Estudios Ambientales, 2022) y si bien no es el principal consumidor de energía, alcanza el 40 % 
del total del consumo (Unidad de Planeación Minero-Energetica, 2020) sumado a las altas 
ineficiencias cercanas al 69 % (Unidad de Planeación Minero-Energetica, 2020).  
Por otro lado, actualmente existen 17 millones de vehículos activos que se encuentran 
registrados en el Registro Único Nacional de Transito (Runt), de los cuales el 4 % correspon-
den a vehículos pesados, el 35 % a vehículos livianos y el 61 % a motocicletas. Dentro del 
4 % de los vehículos pesados, se ha identificado que el 40 % corresponde a flotas pre-Euro, 
42 % flotas Euro II y 18 % flotas Euro IV. Esto demuestra la importancia de fomentar la 
diversificación de la canasta energética y la modernización del transporte hacia tecnologías 
de cero y bajas emisiones.
Para lograr estos objetivos es indispensable continuar fomentando el desarrollo de estra -
tegias con enfoque bajo en carbono y resilientes con el cambio climático, que habiliten la 
transición hacia el transporte sostenible. Colombia ha avanzado en el fortalecimiento del 
marco normativo y técnico durant",
Proyectos DOTS,5 DOT y planeación urbana (Gregor Wessels)/DOTS América Latina/DOTS Colombia/Proyecto Política nacional DOTS (CCAP-SIGMA-DESPACIO)/Proyectos DOTS/2021_estudio_DOT_Metro_de_Bogota.pdf,2021_estudio_DOT_Metro_de_Bogota.pdf,15949690,271,WBG pres to client EMB CL26 TOD,lcanonrubiano@worldbank.org,WBG pres to client EMB CL26 TOD,lcanonrubiano@worldbank.org,2021,El Banco Mundial ha contratado a JLL para estructurar un,,,,spa,"Estructuración de un modelo de transacción para movilizar financiamiento privado
Apoyo a la estrategia de Desarrollo Orientado al Transporte Público (DOT) de la Primera Línea del Metro de Bogotá - TF072644
Estación Calle 26 – Estudio DOT
Reporte Final
20 de septiembre de 2021

Tabla de contenido
2
Sección Página
1. Introducción 3
2. Resumen Ejecutivo 6
3. Análisis de mercado: mayor y mejor uso 12
4. Escenario DOT 97
5. Modelos de transacción 113
6. Evaluación de viabilidad financiera 118
7. Captura de Valor del Suelo 160
8. Recomendaciones de estructura Fideicomiso/SPV 179
9. Estrategias de contratación 184
10. Conclusiones y recomendaciones 200
Anexos 205

3
Sección 1
Introducción

Alcance de servicios y estructura del informe
Alcance de los servicios
El Banco Mundial ha contratado a JLL para estructurar un
modelo de transacción para movilizar financiamiento privado
alineado con la estrategia de Desarrollo Orientado al Transporte
Público (DOT) de la Primera Línea del Metro de Bogotá. JLL ha
sido designado para llevar a cabo el siguiente alcance de
servicios:
• Tarea 1: Revisión de trabajo existente y diagnóstico de área de
estación
• Tarea 2: Análisis inmobiliario y escenario DOT para estación
piloto (MMU)
• Tarea 3: Estimación preliminar de costos de infraestructura
DOT y justificación MFD
• Tarea 4: Estructuración de modelo de transacción para piloto
DOT en área de estación
Estructura del informe
Este informe cubre las siguientes áreas:
• Análisis del mercado inmobiliario: evaluación de cuatro
clases de activos (oficinas, retail, hotel y vivienda).
• Conceptos de desarrollo: además del componente
inmobiliario incluye una estructura de espacios abiertos
• Modelos de transacción: un análisis de los riesgos clave del
proyecto y las posibles estructuras de negociación
legalmente permitidas para el DOT de Calle 26.
• Análisis financiero y de inversiones: evaluación financiera
detallada de los conceptos de uso para determinar y
probar su viabilidad financiera
• Captura de Valor del Suelo: análisis del diagnóstico de las
herramientas de captura de valor más relevantes para este
proyecto
• Recomendaciones de estructura Fideicomiso/SPV:
propuesta del modelo de transacción
• Estrategias de contratación: recomendaciones sobre los
recursos que debe destinar el Distrito y los procesos que
debe gestionar para seleccionar el desarrollador del
proyecto
• Resumen sondeo de mercado: balance de las reuniones de
sondeo del proyecto con fondos inmobiliarios
• Conclusiones y recomendaciones
4

Glosario de siglas
5
Sigla Significado
AIM Áreas de Integración Multimodal
BID Business Improvement District: distrito de mejoramiento de negocios
BPO Business process outsourcing: tercerización de procesos de negocios 
BTS Built-to-suit: edificio construido de acuerdo las instrucciones y especificaciones de un arrendatario en particular
CAM Mantenimiento de áreas comunes (comúnmente conocida como “cuota de administración”)
CIM Complejos de Integración Modal
COP Pesos colombianos
DOT Desarrollo Orientado a Transporte
DRS Derecho Real de Superficie
EGPE Entidad Gubernamental de Propósito Especial
EMB Empresa Metro de Bogotá
ERU Empresa de Renovación Urbana
GBA Gross Built Area: área construida
GLA Gross Leasable Area: área rendable/vendible
NOI Net Operating Income: ingreso operacional neto
TIR Tasa Interna de Retorno
USD Dólares americanos

6
Sección 2
Resumen ejecutivo

Análisis Mayor y mejor uso
Uso Area Propuesta (m²) Perfil
Oficinas 65.000 – 150.000 Prime – gama media dirigido a Sector Público y back office (Tecnología + BPO)
Vivienda 1.400 – 2.000 (unidades) VIS y No VIS
Retail 9.000 – 11.000 Conveniencia + gastronomía
Hotel 4.800 – 10.800 Upper Midscale/ 3 Estrellas Superior
7
• JLL analizó distintos clases de activo inmobiliario que podrían tener sentido en esta ubicación: oficinas, vivienda, retail y hotel.
Al analizar las condiciones de oferta y demanda actuales, JLL concluyó que el proyecto debería tener dos usos principales en
oficina y vivienda y dos usos que complementan y mejoran el desempeño de los usos principales: retail y hotel. En la tabla
siguiente se resumen los rangos de edificabilidad y los perfiles que se consideran viables desarrollar dentro del proyecto en un
horizonte de 10 años:
• El proyecto se encuentra ubicado en el costado
noroccidental del centro histórico de Bogotá.
• Aunque el centro y en especial el área de
influencia del proyecto han sufrido de un
profundo proceso de deterioro desde los años 70,
en la última década se ha observado un renovado
interés de diferentes segmentos demográficos por
ubicarse en este sector
• Este renovado interés ha impulsado el desarrollo
de grandes proyectos de vivienda y ha revertido
de la tendencia de despoblamiento. Se espera
que esta nueva tendencia continué y se consolide.
322
164
76
90
89
992
313
354
814
837
2.737
3.391
2.353
0
500
1000
1500
2000
2500
3000
3500
4000
50.000
55.000
60.000
65.000
70.000
75.000
80.000
85.000
1973
1985
1993
2005
2009
2011
2012
2013
2015
20",
Proyectos DOTS,5 DOT y planeación urbana (Gregor Wessels)/DOTS América Latina/DOTS Colombia/Proyecto Política nacional DOTS (CCAP-SIGMA-DESPACIO)/Proyectos DOTS/DOT_Cali.pdf,DOT_Cali.pdf,5784504,13,Presentación de PowerPoint,Hanae Tanaka Tanaka,Presentación de PowerPoint,Hanae Tanaka Tanaka,2016,,,,,spa,"APOYAMOS PROYECTOS SOSTENIBLES
CORREDOR VERDE
TOD NAMA CALI
Proyecto Sendero ecológico Río Lili
z
13.353*
194 ha 
E S C A L A  M U N I C I P A L Á M B I T O  D E  E S T U D I O
1. CONTEXTO 
El ámbito de estudio (AE) se ubica en la zona
sur del municipio de Santiago de Cali sobre la
Av. Simón Bolívar, desde la carrera 98, hasta la
carrera 118.
Carrera 98
Jardín Plaza
U. Libre
C. Alemán Terminal 
Intermodal 
Sur 
U. Autónoma
Carrera 118
Río Lili
Calle 25
Calle 16
La 14
Hacienda 
Cañasgordas
Corredor verde
* Población estimada modelo actual (IDOM, 2016)
1. CONTEXTO
M O D E L O  A C T U A L  ( 2 0 1 6 )
18%
13%
13%
15%
34%
7%
VACANTE
* Población estimada escenario DOTS (IDOM, 2018)
D E S C R I P C I Ó ND E L P R O B L E M A
Como consecuencia del rápido crecimiento de la zona sur de la ciudad, se evidencia
en el ámbito de estudio, piezas urbanas desarticuladas y grandes vacíos urbanos
que obligan a realizar desplazamientos de largas distancias. Estas condiciones,
sumadas a un déficit en términos de infraestructura para peatones y ciclistas,
fomentan el uso del vehículo particular.
P R O P U E S T AD O T S
El escenario DOTS busca incentivar el uso del trasporte público y la movilidad activa
para mejorar la calidad de vida de los habitantes en el ámbito de estudio. Para ello,
se propone un esquema conceptual de priorización de corredores de movilidad
organizados a partir de la estructuración del corredor verde cono eje central, que
permita generar sinergias urbanas adecuadas, estimulando el cambio modal y
reduciendo desplazamientos. Estos cambios se darán principalmente a través de una
mejora de la accesibilidad al transporte público y de la creación de infraestructura
adecuada y cómoda para los peatones y ciclistas.
2. VISIÓN Y ESCENARIO DOTS
M E J O R A R  E L  E N T O R N O  U R B A N O
V I S I Ó N DE R E P L I C A B I L I D A D
Impacto en el 
cambio modal
Fomento del uso 
de medios 
no motorizados
Intervenciones 
urbanas
estratégicas
Identificación 
de corredores 
Ambientales 
Estratégicos
Mejora de la calidad de vida
Reducción de emisiones
Atracción de inversión privada
E S C E N A R I O  D O T S  ( 2 0 3 0 )
25%
17%40%
18%
20.543 *
* Población estimada escenario DOTS (IDOM, 2030)
Desarrollos 
Residenciales
Desarrollos de 
uso mixto
Desarrollos de 
Equipamiento y 
comercio
Desarrollo de 
corredores 
ambientales
2. VISIÓN Y ESCENARIO DOTS 
b
Desarrollo de parques
(a) como espacio público
(b) equipamiento privado
a
b
25%
17%
32%
26%
a
3. PROYECTOS ESTRATÉGICOS
No Exhaustivo
1
2
3
Desarrollo de predio calle 
25 con carrera 99
Sendero ecológico 
Río Lili
Desarrollo de predio calle 
20 con carrera 18
CICLOINFRAESTRUCTURA
PARADEROS MIO
PARQUES
RED ANDENES
RUTAS SITM_MIO
TREN DE CERCANÍAS
78%
68%
56%
0% 10% 20% 30% 40% 50% 60% 70% 80% 90%
SENDERO ECOLÓGICO RÍO LILI
DESARROLLO PREDIO CALLE 20 CON CARRERA 18
DESARROLLO PREDIO CALLE 25 CON CARRERA 99
4. PRIORIZACIÓN 
DE PROYECTOS
A través de una matriz multicriterio, se
evalúan los proyectos teniendo en
consideración su nivel de
cumplimiento a partir de la evaluación
de tres componentes: Cumplimiento de
principios DOTS, Financiero y
Gobernanza.
DOTS: Mide el grado de la
alineación del proyecto para
incentivar y facilitar el transporte
sostenible a partir de 8 criterios.
Financiero: Evalúa la vialidad de
los proyectos desde el punto de
vista de disponibilidad de recursos
a partir de 3 criterios.
Gobernanza: Evalúa la alineación
de los proyectos con el Plan de
Desarrollo y la normativa urbana
del municipio con base en el
desempeño en 3 criterios.
                       
                     
CAMINAR 
15%
PEDALEAR 
5%
CONECTAR
10%
TRANSPORTAR
10%
MEZCLAR
20%
DENSIFICA
R 
15%
COMPACTAR
10%
CAMBIAR 
15%
INVERSIÓN
50%
FINANCIACIÓN 
ICV
40%
FINANCIACIÓN 
PRIVADA
10%
ARTICULACIÓN CON 
INSTRUMENTOS DE PLANIFICACIÓN
50%
AGENTES E 
INSTITUCIONES
25%
NORMATIVIDAD
25%
A partir de la evaluación multi-criterio, se prioriza el Proyecto del sendero
ecológico Rio Lili.
5. DESCRIPCIÓN DEL PROYECTO
Los hallazgos del diagnóstico
multisectorial identifican la necesidad de
establecer conexiones en sentido oriente-
occidente para articular las diferentes
piezas de ciudad, solucionando el déficit
de infraestructura, optimizar la oferta de
usos disponible dentro el ámbito de
estudio y reduciendo los recorridos al
interior.
EL P R O Y E C T O
El sendero ecológico Río Lili busca
generar un sistema de corredores
ambientales que den prioridad al peatón
dentro de las dinámicas urbanas.
Estos corredores se articulan con el
sistema de transporte público,
incentivando el cambio hacia la
movilidad activa.
Este sendero se ubica sobre el Río Lili,
conectándose con el corredor verde y
articulándose con tren de cercanías y
terminal intermodal del sur, generando
integración social y con el medio
ambiente, a partir de una ruta segura
para el ciclista y peatón.
Carrera 98
Jardín Plaza
U. Libre
C. Alemán Terminal 
Intermodal 
Sur 
U. Autónoma
Carrera 118
Río Lili
Calle 25
Calle 16
La 14
Hacienda 
Cañasgordas
Co",
Proyectos DOTS,5 DOT y planeación urbana (Gregor Wessels)/DOTS América Latina/DOTS Colombia/Proyecto Política nacional DOTS (CCAP-SIGMA-DESPACIO)/Proyectos DOTS/DOT_Manizales.pdf,DOT_Manizales.pdf,31582257,10,BROCHURE MANIZALES_Final.pdf,ASUS,BROCHURE MANIZALES_Final.pdf,ASUS,,,,,,,"






",
Proyectos DOTS,5 DOT y planeación urbana (Gregor Wessels)/DOTS América Latina/DOTS Colombia/Proyecto Política nacional DOTS (CCAP-SIGMA-DESPACIO)/Proyectos DOTS/DOT_NAMA_Colombia.pdf,DOT_NAMA_Colombia.pdf,140756,11,Print NAMA,,Print NAMA,one. The institution will then harvest and nurture the,2015,B.1.9 Contact Person 3 Rodrigo Suárez Castaño - Ministry of Environment and,,,,eng,"NS-127 - Colombia TOD NAMA
Colombia
NAMA Seeking Support for Implementation
A Overview
A.1Party Colombia
A.2Title of Mitigation Action Colombia TOD NAMA
A.3Description of mitigation action
Across Colombia, city planners and policy makers are realizing
the need for a new model of sustainable urban development to
accommodate a growing, wealthier population within a future
carbon-consciousglobaleconomy.Theywanttostopcurrentland
use trends of accelerating new development on city outskirts and
increasing amounts of abandoned or underutilized land in central
city areas, and instead promote more compact transit oriented
mixed use neighborhoods.
TransitOrientedDevelopmentisanenergyefficient,highquality-
of-life urban form that combines walkable public spaces, mixed
usebuildingsandpublictransitincompactneighborhoodswithin
acitymatrix.CreatingtrueTODrequirestheeffortsofpoliticians,
urban planners, architects, real estate developers and others to be
directedtowardacommongoal.Therearemanybarriersforeach
of the players that must be overcome; sometimes even if many
groups are aligned, one issue can stop progress toward TOD and
divert energy and investment in another direction.
This very ambitious NAMA aims at creating a mechanism
through which city or site-specific barriers can be overcome one
by one. The institution will then harvest and nurture the
experience gained at the specific level to design local models
and national policies and interventions which can be deployed
throughout the country. The successful local examples and new
national policies will create momentum for TOD within the pilot
cities and in other metropolitan regions. We believe that given
Colombia’s motivation and experience with transforming their
transit systems, this NAMA will provide what is needed to take
the next step toward a new 21st century urban growth paradigm.
The goal of this NAMA is to trigger transformational change of
the urban template of Colombian cities and continue providing
long-term, low-carbon results for years to come by constructing
longlastinginfrastructureandbuildingsthatwilllockinefficient
land use and travel patterns. These new patterns will require
less transport energy for households and businesses to achieve
their daily tasks, because destinations and origins are brought
closer together and non-motorized and transit modes are easier
to use. The NAMA will also generate co-benefits in the areas of
quality-of-life,economicdevelopment,socialequity,preservation
of natural habitat, reduced risk, and energy independence.
Individuals will enjoy better neighborhoods, lower costs of
transportationandlesspollution.Businesseswillseenewmarkets
and employees within easy access. Governments will see
economic benefits from reduced infrastructure costs per capita
and increased revenues per unit area.
ThisNAMAtakesastructuredapproachbyaddressingeachlevel
of the process. It starts with a national policy integration aspect,
moves on to locally identified technical assistance in planning,
market research, architectural design and PPP development, and
then offers financial mechanisms for public and private funding
of TOD related construction. All the assistance is coordinated
through the CIUDAT staff, who also provide a liaison for
integrating across sectors and between governmental levels.
A.4Sector Energy supply
XResidential and Commercial
buildings
Agriculture
Waste management
XTransport and its
Infrastructure
Industry
Forestry
XOtherUrban Development
A.5Technology Bioenergy
Energy Efficiency
Hydropower
Wind energy
Carbon Capture and Storage
Land fill gas collection
Cleaner Fuels
Geothermal energy
Solar energy
Ocean energy
Low till / No till
Other
A.6Type of action
XNational/ Sectoral goal
Strategy
XNational/Sectoral policy or
program
Project: Investment in
machinery
Project: Investment in
infrastructure
Project: Other
Other
A.7Greenhouse gases covered by the action XCO2
N2O
PFCs
CH4
HFCs
SF6
Other
B National Implementing Entity
B.1.0 Name
B.1.1 Contact Person 1 Sandra P. Bejarano
B.1.2 Address Calle 103 no. 19-20, Bogotá
B.1.3 Phone +57 1 623 0388 X 1211
B.1.4 Email sbejarano@findeter.gov.co
B.1.5 Contact Person 2 Steve Winkelman - Center for Clean Air Policy
B.1.6 Address 750 First Street NE, Suite 940, Washington DC, 20002
B.1.7 Phone +1.202.408.9260
B.1.8 Email swinkelman@ccap.org
B.1.9 Contact Person 3 Rodrigo Suárez Castaño - Ministry of Environment and
Sustainable Development
B.1.10Address Calle 37 no. 8-40, Piso 2, Bogotá
B.1.11Phone +57 1 332 3400 X 2411
B.1.12Email rsuarez@minambiente.gov.co
B.1.13Comments The implementing organizations are FINDETER (financial
cooperation) and CCAP (technical cooperation). FINDETER
is the national development bank of Colombia. CCAP is an
international climate policy think tank headquartered in the
United States. Both implementing agencies will partner with
the Ministries of Transport, Housing, and Environment and
the National Planning Department. The partnership will take
place through CIUDAT, ",
Proyectos DOTS,5 DOT y planeación urbana (Gregor Wessels)/DOTS América Latina/DOTS Colombia/Proyecto Política nacional DOTS (CCAP-SIGMA-DESPACIO)/Proyectos DOTS/Plan_Parcial_San_Bernardo.pdf,Plan_Parcial_San_Bernardo.pdf,6096290,3,,,Datos Generales,tal bogota.gov.co,2022,"Instituto San Bernardo de la Salle, la Estación 11 de la Primera Línea",,,,spa,"Datos Generales
7,15 hectáreas
Área total.
9
Manzanas.
Cerca de
2.000 nuevas
viviendas VIP y VIS.
Descripción
Nuestro Plan Parcial Centro San Bernardo hace parte de la pieza
denominada ‘San Juan – San Bernardo’, intervención de
revitalización urbana y económica del límite sur de la franja prioritaria
del Plan Zonal del centro de Bogotá, completando la consolidación
de dicha franja entre la Avenida Hortúa y la calle 10, a través de la
integración de los proyectos: Plan Parcial San Bernardo - Tercer
Milenio, Parque Tercer Milenio, San Victorino y Bronx Distrito
Creativo.
Esta zona se constituye en el corazón del barrio San Bernardo, no
solo por su localización sino por congregar equipamientos como el
Instituto San Bernardo de la Salle, la Estación 11 de la Primera Línea
del Metro de Bogotá, el Cable Sur del centro histórico sobre la calle
2 y la Avenida Caracas, la Parroquia Nuestra Señora de los Dolores
y el Parque San Bernardo sobre la calle 3. 
El Plan Parcial busca brindar una oferta de vivienda diversa, que
puede ser vivienda en arriendo o en propiedad, oferta de servicios y
comercio sobre la calle 2, al constituirse en el eje que pone en
relación este sector de Las Cruces, situación que se verá reforzada
una vez entre en funcionamiento la Estación Calle 11 de la Primera
Línea del Metro de Bogotá y la Estación del Cable del Centro
Histórico.
El Plan Parcial propone desde la fase de formulación, procesos
participativos de consulta e información con la comunidad. En la fase
de implementación nuestra Empresa le apuesta a la gestión
asociada con los propietarios del suelo para definir su vinculación,
así como alternativas para la permanencia de los actuales
residentes.
Principios de ordenamiento para el Plan Parcial Centro San
Bernardo
1. Habitar:
2. Reverdecer:
Descripción Benecios Estado Alcance Multimedia Marco Normativo
Centro San Bernardo - Plan
Parcial
Entre las calles 2 y 3, entre carreras 10 y 13; y entre las calles 3 y 4, entre
carrera 12 y la Avenida Caracas.
Vivienda VIP, VIS y en arriendo para población en condiciones de
vulnerabilidad y para moradores históricos.

Mezcla de usos con la vivienda.
Cualificación del espacio público: propuesta de corredores verdes,
parques con énfasis en la intervención del Parque San Bernardo,
aumentar la arborización, ofrecer espacios lúdicos y de actividad
para niños, jóvenes y adultos; aumentar la permeabilidad del suelo
para el mejor manejo de las aguas superficiales e implementar en el
diseño de estos espacios las Soluciones Basadas en la Naturaleza
(SBN).

LA EMPRESA DE TU INTERÉS
Chatea con nosotros
Buscar

3. Movilizarse:
4. Memoria y Patrimonio:
Valoración del patrimonio material e inmaterial del sector, a partir de: 
a) El reconocimiento y definición de acciones para garantizar la
permanencia de los Bienes de Interés Cultural (BIC).
b) La identificación y definición de acciones para garantizar la
permanencia de inmuebles, que si bien no se encuentran
catalogados como Bienes de Interés Cultural (BIC), presentan
valores arquitectónicos propicios para su permanencia y reúso con
oferta de vivienda. 
c) La valoración y definición de acciones para el fortalecimiento del
patrimonio inmaterial del barrio presente en los oficios de los
muebleros, vidrieros y de los comercios tradicionales, así como en
las actividades culturales y artísticas.
5. Ciudad cuidadora:
6. Fortalecimiento económico:
Primeros pisos activos con comercio y servicios.
 RECORRID…
 GRUPO FOC…
 GRUPO FOC…
 GRUPO FOC…
 REUNIÓN C…AVANZAN TAL…RESPUESTAS …Nueva jornad…Conoce el pro…Respuestas a …Así fue la jorn…Centro San Be…Avanzan los e…Para escuchar …Instalamos pu…Distrito realiz…Segunda Jorn…
PLAN PARCIAL CENTRO SANPLAN PARCIAL CENTRO SAN
BERNARDOBERNARDO
Porque queremos que todos y todas hagan parte de la renovación, revive losPorque queremos que todos y todas hagan parte de la renovación, revive los
encuentros de co-construcción y prográmate para los que vienen, relacionados con elencuentros de co-construcción y prográmate para los que vienen, relacionados con el
Plan Parcial Centro San Bernardo.Plan Parcial Centro San Bernardo.
  
RECORRIDO CONRECORRIDO CON
ENFOQUE DEENFOQUE DE
GÉNEROGÉNERO
TimelineJS




Iluminación en las zonas peatonales y en general en el espacio
público para garantizar zonas seguras e incluyentes.

Desarrollo orientado al transporte urbano sostenible (DOT),
articulando los sistemas de transporte masivo que existirán en el
sector, como: Metro, troncales de Transmilenio, Cable del Centro
Histórico con corredores peatonales y espacio para las bicicletas.

Desarrollo con usos mixtos y mayores densidades alrededor de los
sistemas de transporte masivo.

Mejora de la red peatonal.
Equipamientos dirigidos a población residente, grupos etarios y a la
población vulnerable.

De los oficios tradicionales y actividades económicas.
De las cadenas productivas presentes en el territorio.
Enlaces adicionales
Noticias relacionadas con el proyecto
Respuestas a solicit",
Proyectos DOTS,5 DOT y planeación urbana (Gregor Wessels)/DOTS América Latina/DOTS Colombia/Proyecto Política nacional DOTS (CCAP-SIGMA-DESPACIO)/Proyectos DOTS/Resolucion_0958_DOT_Villa_Nelly.pdf,Resolucion_0958_DOT_Villa_Nelly.pdf,47974181,106,,,> SECRETARÍA DE,,2021,"diversas instancias públicas, privadas y comunitarias, y fomentar su organización y",,,,spa,"» 
> SECRETARÍA DE 
BOGOTA | PLANEACIÓN 
5 MAY 707; RESOLUCIÓN No, 0958 DE 
( ) 
“Por la cual se adoptan las Directrices para la definición de lo público para la formulación 
de la Actuación Estratégica Chucua la Vaca” 
LA SUBSECRETARIA DE PLANEACIÓN TERRITORIAL 
En ejercicio de sus facultades legales y reglamentarias, en especial las conferidas por el artículo 480 del Decreto Distrital 555 de 2021, el numeral 4 del artículo 5” de la 
- Resolución 1906 de 2022 y, 
CONSIDERANDO 
1. Competencia y marco normativo aplicable. 
Que los artículos 1 y 287 de la Constitución Política garantizan que las entidades territoriales gocen de autonomía para la gestión de sus intereses, dentro de los límites de la Constitución y la ley. 
Que el artículo 209 superior consagra que “la función administrativa está al servicio de los intereses generales y se desarrolla con fundamento en los principios de igualdad, moralidad, eficacia, economía, celeridad, imparcialidad y publicidad, mediante la desceniralización, la delegación y la desconcentración de funciones”. 
Que el artículo 311 ídem asigna a los municipios, como entidades fundamentales de la división político-administrativa del Estado, la función de “(...) prestar los servicios públicos que determine la ley, ¡construir las obras que demande el progreso local, ordenar el desarrollo de su territorio, promover la participación comunitaria, el mejoramiento social y cultural de sus habitantes y cumplir las demás Junciones que le asignen la Constitución y las leyes”. 
Que el artículo 2 de la Ley 388 de 1997, “Por la cual se modifica la Ley 9 de 1989, y la Ley 3 de 1991 y se dictan otras disposiciones”, señala, como principios del ordenamiento del territorio, la función sócial y ecológica de la propiedad, la prevalencia del interés general sobre el particular y la distribución equitativa de las cargas y los beneficios. 
Cra. 30 N* 25-90 
pisos 5, 8,13 / SuperCade piso 2 
Archivo Central de la SDP 
Cra 21 N""5695-80 ext. 9014-9018 
PBX: 335 8000 
Wwww.sdp.gov.co 
Código Postal: 1143411 
te e 
ALCALDÍA MAYOR 
DE BOGOTÁ D.C, 
* 
SECRETARÍA DE 
BOGOTA PLANEACIÓN : 
Continuación de la Resolución No. DE Pág. 2 de 17 
“Por la cual se adoptan las Directrices para la definición de lo público para la formulación 
de la Actuación Estratégica Chucua la Vaca” 1 
Que el artículo 3 ídem, establece como fines del ordenamiento del territorio “(..) 1. 
Posibilitar a los habitantes el acceso a las vías públicas, infraestructuras de transporte y 
demás espacios públicos, y su destinación al uso común, y hacer efectivos los derechos 
constitucionales de la vivienda y los servicios públicos domiciliarios "" y ""2. Atender los 
procesos de cambio en el uso del suelo y adecuarlo en aras del interés común, procurando 
su utilización racional en armonía con la función social de la propiedad a la cual le es 
inherente una función ecológica, buscando el desarrollo sostenible”. 
Que de conformidad con el artículo 8 de la Ley 388 de 1997, el ordenamiento del territorio 
se constituye en una función pública que se ejerce mediante la acción urbanística de las 
entidades distritales y municipales, referida a las decisiones administrativas que les son 
propias. E 
Que el artículo 9 de la Ley 388 de 1997 ordena a los municipios y distritos la adopción de un 
plan de ordenamiento territorial, el cual es instrumento básico para desarrollar el proceso de 
ordenamiento del territorio municipal y se define como el conjunto de objetivos, directrices, 
políticas, estrategias, metas, programas, actuaciones y normas adoptadas para orientar y 
administrar el desarrollo físico del territorio y la utilización del suelo. 
Que, en cumplimiento de lo anterior, la Alcaldía Mayor de Bogotá expidió el Decreto 
Distrital No. 555 de 2021, ""Por el cual se adopta la revisión general del Plan de 
Ordenamiento Territorial de Bogotá D.C. 
Que el artículo 5 ibídem determina que los principios rectores del POT y sus estrategias “(...) 
buscan concretar siete objetivos de largo plazo, a través de estrategias de las estructuras 
territoriales, proyectos estructurantes y actuaciones estratégicas que determinan el Modelo 
de Ocupación del Territorio (.. Y”. 
Que de conformidad con el numeral 6 del artículo 5 ibidem, es un objetivo a largo plazo del 
Plan de Ordenamiento Territorial “(...) Reducir los desequilibrios y desigualdades para un 
territorio más solidario y cuidador”, con el fin de garantizar que los ciudadanos tengan un 
oportuno y mejor acceso a los servicios. 
Cra, 30 N? 25-96 
pisos 5, 8,13 / SuperCade piso 2 — 
Archivo Central de la SDP (E 
Cra 21 N698-80 ext. 9014-8018 q 
PBX: 335 8000 icontec Www.sdp.gov.co 
Código Postal: 1413141 150 9001 
ALCALDÍA MAYOR 
DE BOGOTÁ D.C: 
* 
* SECRETARÍA DE ' 
BOGOTA | PLANEACIÓN 
0958 5 MAY 7073 
Continuación de la Resolución No. DE Pág. 3 de 17 
“Por la cual se adoptan:las Directrices para la definición de lo público para la formulación 
de la Actuación Estratégica Chucua la Vaca” 
Que de acuerdo ",
Recomendaciones de política- DOTS,5 DOT y planeación urbana (Gregor Wessels)/DOTS América Latina/DOTS Colombia/Proyecto Política nacional DOTS (CCAP-SIGMA-DESPACIO)/Recomendaciones de política- DOTS/CCAP-Findeter_Politica DOTS_Presentación Gral Proyecto.pdf,CCAP-Findeter_Politica DOTS_Presentación Gral Proyecto.pdf,3440878,22,Presentación de PowerPoint,Camilo Urbano,Presentación de PowerPoint,Camilo Urbano,2020,planteadas entre el Ministerio de Vivienda y Desarrollo Sostenible y el Ministerio de,,,,spa,"© Copyright  CONSORCIO SIGMA GP – DESPACIO 2020 Todos los derechos reservados.
FORMULACIÓN DE LOS LINEAMIENTOS 
Y RECOMENDACIONES DE POLÍTICA 
PARA LA IMPLEMENTACIÓN DE 
INICIATIVAS DE DESARROLLO 
ORIENTADO AL TRANSPORTE 
SOSTENIBLE (DOTS) EN COLOMBIA
Octubre de 
2020
CONSORCIO SIGMA GP – DESPACIO

© Copyright  CONSORCIO SIGMA GP – DESPACIO 2020 Todos los derechos reservados.
TEMAS 
© Carlosfelipe Pardo
1. ¿Qué es el DOTS y qué concepto se formula para 
la política nacional de Colombia?
2. Diagnóstico: ¿para qué un DOTS en Colombia?
3. Objetivos de la política pública
4. Propuestas estratégicas
5. Hoja de ruta
© Copyright  CONSORCIO SIGMA GP – DESPACIO 2020 Todos los derechos reservados.
TEMAS 
© Carlosfelipe Pardo
1. ¿Qué es el DOTS y qué concepto se formula para 
la política nacional de Colombia?
2. Diagnóstico: ¿para qué un DOTS en Colombia?
3. Objetivos de la política pública
4. Propuestas estratégicas
5. Hoja de ruta
© Copyright  CONSORCIO SIGMA GP – DESPACIO 2020 Todos los derechos reservados.
¿ Q U É  E S  D O T S ?
El Desarrollo Orientado al Transporte Sostenible (DOTS) es 
un modelo de desarrollo urbano que integra la gestión 
urbana y la movilidad de forma que las personas mejoren 
sus condiciones de acceso a bienes y servicios que ofrece 
la ciudad.
El modelo DOTS se implementa en el entorno de 
estaciones y corredores de transporte público de alta 
demanda, buscando mejorar su calidad urbanística. 
Mediante la generación de espacios públicos seguros, de 
alta calidad, con densidades adecuadas y una mezcla 
de actividades que faciliten el desarrollo económico y 
social,
El DOTS busca reducir la dependencia de modos 
motorizados individuales de transporte y disminuir los 
efectos negativos en el medio ambiente global y local 
(i.e. emisiones GEI, emisiones de contaminantes del aire y 
ruido). 
El DOTS involucra la articulación de acciones que 
propician la equidad y la inversión pública en conjunto 
con la privada, por medio de esquemas de participación 
público-privada, así como la aplicación de mecanismos 
de captura de valor del suelo. 
© Copyright  CONSORCIO SIGMA GP – DESPACIO 2020 Todos los derechos reservados.
¿ Q U É  E S  D O T S ?

© Copyright  CONSORCIO SIGMA GP – DESPACIO 2020 Todos los derechos reservados.
TEMAS 
© Carlosfelipe Pardo
1. ¿Qué es el DOTS y qué concepto se formula para 
la política nacional de Colombia?
2. Diagnóstico: ¿para qué un DOTS en Colombia?
3. Objetivos de la política pública
4. Propuestas estratégicas
5. Hoja de ruta
© Copyright  CONSORCIO SIGMA GP – DESPACIO 2020 Todos los derechos reservados.
Aún no se alcanzan compromisos 
definidos en Documentos CONPES
Falta mejorar los programas para la articulación de los SITM y SETP con el espacio público
y el ordenamiento territorial o estructuras que conforman el espacio público y su
generación.
Una mayor gestión y financiación de planes, programas y/o proyectos de espacio
público.
No hay una buena articulación de las estrategias sectoriales especialmente las
planteadas entre el Ministerio de Vivienda y Desarrollo Sostenible y el Ministerio de
Transporte.
La estrategia local de un proyecto DOTS dependerá de la estructura urbana de cada 
ciudad, los modos de transporte públicos, el área disponible de desarrollo y las 
condiciones jurídicas.
DIAGNÓSTICO ACTUAL POLÍTICA PÚBLICA
© Copyright  CONSORCIO SIGMA GP – DESPACIO 2020 Todos los derechos reservados.
La ejecución de las políticas públicas y programas de Vivienda y Transporte se han 
desarrollado de manera desarticulada. 
La ejecución de los proyectos de transporte público no siempre concuerda con los 
tiempos estipulados por los POT ni con las expectativas de Desarrollo Urbano.
Transporte público
Vivienda
Alrededor del 27% de las ciudades incluidas en
Misión de Ciudades tienen potencialidad para
implementación de proyectos DOTS.
Los tres sistemas definidos como ciudad primaria
y satélite (Bogotá, Cali y Medellín) que cuentan
con SITM, y Buenaventura (SETP en proceso de
definición), carecen de un modelo de
integración a nivel operativo y de infraestructura.
DIAGNÓSTICO ACTUAL POLÍTICA PÚBLICA",
Recomendaciones de política- DOTS,5 DOT y planeación urbana (Gregor Wessels)/DOTS América Latina/DOTS Colombia/Proyecto Política nacional DOTS (CCAP-SIGMA-DESPACIO)/Recomendaciones de política- DOTS/CCAP_Politica DOTS_Deber Ser Política V2 FINAL.pdf,CCAP_Politica DOTS_Deber Ser Política V2 FINAL.pdf,7175816,178,,SIGMA GP,INFORME 2: EL DEBER SER DE LA POLÍTICA DOTS – V2,SIGMA GP,2019,Tabla 3. Principios DOT propuestos por el Ministerio de Desarrollo Urbano del Gobierno,,,,spa,"Plan de Trabajo_ V0 
 
 
 
Formulación de los 
lineamientos y 
recomendaciones de política 
para la implementación de 
iniciativas de Desarrollo 
Orientado al Transporte 
Sostenible (DOTS) en 
Colombia 
Fotos de Carlosfelipe Pardo 
INFORME 2: EL DEBER SER DE LA POLÍTICA DOTS – V2 
Septiembre 6 de 2019 
Presentado a:  
CENTER FOR CLEAN AIR POLICY - CCAP 
FINDETER 
 
Presentado por: 
CONSORCIO SIGMA GP – DESPACIO 
Bogotá, Colombia 
Informe 2: Deber ser de la política DOTS – V2 
2 
 
CONTENIDO  
1 INTRODUCCIÓN 8 
2 HACIA UNA DEFINICIÓN DEL CONCEPTO DEL DESARROLLO ORIENTADO AL 
TRANSPORTE SOSTENIBLE 11 
2.1 El concepto TOD 11 
2.2 El TOD: sus APLICACIONES E INTERPRETACIONES en cuatro áreas 
geográficas 19 
 Asia 19 
 Europa 25 
 Estados Unidos 28 
 América Latina 33 
 Aprendizajes y conclusiones del análisis conceptual 37 
2.3 El concepto de Desarrollo Orientado al Transporte sostenible (DOTS) 48 
3 CASOS DE ESTUDIO 51 
3.1 CASO DE ESTUDIO 1: KING’S CROSS CENTRAL, LONDRES, REINO UNIDO  51 
 Descripción general del caso 51 
 Características DOTS 51 
 Aspectos de transporte sostenible 52 
 Aspectos del ordenamiento y desarrollo urbano 55 
 Aspectos socioambiental y reducción de GEI 59 
 Elementos claves 60 
 Análisis DOFA y consideraciones relevantes del caso 68 
3.2 CASO DE ESTUDIO 2: CURITIBA, BRASIL 71 
 Descripción general del caso 71 
 Características DOTS 71 
 Aspectos del transporte sostenible 71 
 Aspectos del ordenamiento y desarrollo urbano 74 
 Aspectos Socioambientales y reducción de GEI 78 
 Elementos claves 79 
 Análisis DOFA y consideraciones relevantes del caso 84 
3.3 CASO DE ESTUDIO 3: HONG KONG, CHINA 86 
 Descripción general del caso 86 
 Características DOTS 89 
 Aspectos del transporte sostenible 90 
Informe 2: Deber ser de la política DOTS – V2 
3 
 
 Aspectos del ordenamiento y el desarrollo urbano 92 
 Aspectos Socioambiental y reducción de GEI 101 
 Elementos claves 105 
 Análisis DOFA y consideraciones relevantes del caso 111 
3.4 CASO DE ESTUDIO 4: COMUNIDADES SOSTENIBLES Y PROTECCIÓN DEL 
CLIMA DE CALIFORNIA, EE.UU. 114 
 Descripción general del caso 114 
 Características DOTS 115 
 Aspectos del transporte sostenible 115 
 Aspectos del ordenamiento y el desarrollo 118 
 Aspectos Socio-ambiental y reducción de GEI 120 
 Revisión de casos 124 
 Elementos claves 126 
 Análisis DOFA y consideraciones relevantes del caso 128 
4 CONCLUSIONES Y CONSIDERACIONES FINALES 131 
5 REFERENCIAS 135 
6 ANEXOS 142 
6.1 ANEXO 1. Registro fotográfico y asistencia de participantes al taller DOFA
 143 
 Registro fotográfico 143 
 Listado de asistentes al taller DOFA 145 
6.2 ANEXO 2. Fichas resumen de los casos de estudio 146 
6.3 ANEXO 3. Fichas de resumen conceptos DOT 154 
 Fichas conceptos aproximación global 154 
 . Fichas conceptos Asía 165 
 Fichas conceptos Europa 170 
 Fichas conceptos Estados Unidos 173 
 Fichas conceptos América Latina 174 
  
Informe 2: Deber ser de la política DOTS – V2 
4 
 
ÍNDICE DE FIGURAS 
Figura 1. Conceptualización TOD por Calthorpe a escala local y regional. ................. 12 
Figura 2. Vista típica de un corredor TOD............................................................. 20 
Figura 3. Guangzhou, China ............................................................................... 23 
Figura 4 Estación del World Trade Center, Nueva York .......................................... 31 
Figura 5 Estación de BRT, Guadalajara, México ..................................................... 36 
Figura 6. Estaciones de King’s Cross y St. Pancras ................................................ 52 
Figura 7. Rutas de acceso de vías públicas en King’s Cross (2015) .......................... 53 
Figura 8. Escala nacional, metropolitana y zonal del proyecto de King’s Cross .......... 56 
Figura 9. Área de oportunidad de King’s Cross...................................................... 57 
Figura 10. Transporte sostenible en Londres ........................................................ 61 
Figura 11. Actores claves y asociaciones del redesarrollo de King’s Cross ................. 64 
Figura 12. Gráfico comparativo de precios de Oficinas ........................................... 67 
Figura 13. Gráfico comparativo de precios de vivienda .......................................... 68 
Figura 14. Corredor BRT de Curitiba .................................................................... 72 
Figura 15. Sistema trinario de Curitiba y densidades ............................................. 75 
Figura 16. Escala metropolitana y zonal del caso Curitiba ...................................... 78 
Figura 17. Organigrama del IPPUC ...................................................................... 82 
Figura 18. Los CEPAC y su aplicación a los sistemas de transporte sostenible ........... 83 
Figura 19. Mapa del Sistema Metro (MTR) de Hong Kong (2018) ............................ 87 
Figura 20 Distribución modal del transporte público en Hong Kong para 2016  .......... 88 
Fig",
Recomendaciones de política- DOTS,5 DOT y planeación urbana (Gregor Wessels)/DOTS América Latina/DOTS Colombia/Proyecto Política nacional DOTS (CCAP-SIGMA-DESPACIO)/Recomendaciones de política- DOTS/CCAP_Politica DOTS_Resumen Ejecutivo V5_FINAL.pdf,CCAP_Politica DOTS_Resumen Ejecutivo V5_FINAL.pdf,1539786,5,,SIGMA GP,LINEAMIENTOS PARA UNA POLÍTICA NACIONAL DOTS,SIGMA GP,2018,,,,,spa," 
  
    
1 
 
LINEAMIENTOS  PARA UNA POLÍTICA  NACIONAL  DOTS  
1 ¿QUÉ ES DOTS? 
El Desarrollo Orientado al Transporte Sostenible (DOTS) es un modelo de desarrollo urbano que integra 
la gestión urbana y la movilidad  de forma que  las personas mejoren sus condiciones de acceso a 
bienes y servicios que ofrece la ciudad. El modelo DOTS se implementa en el entorno de estaciones 
y corredores de transporte público de alta demanda, buscando mejorar su calidad urbanística.  
Mediante la generación de espacios públicos seguros, de alta calidad, con densidades adecuadas y una 
mezcla de actividades que faciliten el desarrollo económico y social, el DOTS busca reducir la 
dependencia de modos motorizados individuales de transporte y disminuir los efectos negativos 
en el medio ambiente global y local (i.e. emisiones GEI, emisiones de contaminantes del aire y ruido).  
La articulación de los anteriores aspectos se gestiona a través de diferen tes acciones que propician la 
equidad y la inversión pública en conjunto con la privada, por medio de esquemas de participación 
público-privada, así como la aplicación de mecanismos de captura de valor del suelo. Las siguientes son 
las dimensiones de política pública inmersas en DOTS:   
 

 
  
    
2 
 
2 OBJETIVOS  
La política DOTS busca desarrollar estrategias y orientar iniciativas que transform en la 
planeación de las ciudades de Colombia , mediante un crecimiento articulado con los modos de 
transporte sostenible. A continuación, se presentan los objetivos de política , que contribuyen con el 
cumplimiento de metas del PND 2018-20221, así como con el Compromiso Nacional de Mitigación de GEI 
(NDC). Si bien los objetivos están correlacionados, pueden ser alcanzados de manera independiente:  
  
3 PROPUESTAS ESTRATÉGICAS  
Las propuestas estratégicas para impulsar el modelo DOTS se pueden implementar de manera 
independiente, pero se recomienda  que sean recopiladas y articuladas mediante un Documento 
CONPES. La siguiente figura resume  el maco general  de las cuatro propuestas y  posteriormente se 
desarrollan los detalles de cada una: 
  
 
1 Ley 1955 de 2019 

 
  
    
3 
 
3.1 Incentivos Financieros 
➢ Acceso a recursos nacionales 
Desde el Gobierno Nacional se pueden crear incentivos para financiar los proyectos DOTS, de forma que 
generen cambios sustanciales y transformadores en la estructuración de proyectos que busquen 
alcanzar las metas de la política DOTS: 
 
➢ Vinculación del sector privado 
Dentro del entorno para viabilizar financieramente los proyectos, se propone estructurar, a través de los 
bancos de desarrollo , líneas de crédito directo o redescuento para proyectos avalados por la Unidad 
técnica responsable (ver numeral 3.2), con beneficios sobre la tasa y el plazo del proyecto, según el 
grado de componentes DOTS que se incluyan. Asimismo, se sugiere considerar la aplicac ión de 
mecanismos de captura de valor para financiar el proyecto. 
3.2 Unidad técnica DOTS 
Formalizar un g rupo técnico al interior del Gobierno nacional para liderar, coordinar y evaluar la 
política. La Unidad no hará la formulación de la política, lo cual es r esponsabilidad de cada ministerio, o 
de instancias como CIUDAT 2 (comité directivo).  El rol y funciones de esta unidad se explican en la 
siguiente tabla. 
 
2 CIUDAT es una instancia de articulación del Gobierno Nacional que impulsa y coordina la implementación de la NAMA de 
Desarrollo Orientado al Transporte Sostenible en Colombia, de la cual hacen parte los ministerios de Transporte, Vivienda, 
Ambiente, el DNP y Findeter. El comité directivo lo conforman el director de DNP y los viceministros. Asimismo, cuenta con 
un equipo técnico alojado en Findeter para la gestión e implementación de las iniciativas. 

 
  
    
4 
 
 
La creación de este equipo técnico y su ubicación formal en alguna de las entidades del Gobierno nacional 
será determinada por quienes hacen parte del comité directivo de CIUDAT o el Consejo CONPES, quienes 
serán los responsables de la formulación propia de la política DOTS. Para ello, estas instancias podrán 
decidir entre una de dos opciones para la creación la Unidad. La primera opción es que las funciones de 
la Unidad podrían otorgarse y formalizarse en el equipo técnico de la Colombia TOD NAMA, actualmente 
alojada en Findeter y que hace parte  de CIUDAT, aprov echado su experiencia de coordinación 
institucional y en desarrollo de proyectos DOTS. La segunda opción, será la creación de la Unidad en una 
entidad del Gobierno nacional, lo cual implicará que actúe de forma coordinada y complementaria con 
CIUDAT, de modo que la Unidad se consolide como una instancia y brazo operativo de la política 
DOTS a nivel nacional. Estas opciones de creación del equipo se describen a profundidad en el informe 
4 de la consultoría. 
3.3 Banco de Proyectos  
Actualmente, en el país no ha y proyectos que reúnan todos los elementos que constituyen el concepto 
DOTS. En ese sentido, la creación de",
DOTS Asia,5 DOT y planeación urbana (Gregor Wessels)/DOTS Asia/HCMC transport and land use research.pdf,HCMC transport and land use research.pdf,7194353,24,CE08-32-34.0,lanhn,CE08-32-34.0,,2008,The city’s rapid development provoked the World Bank in 1994 to fund the preparation of an,,,,eng," FULBRIGHT ECONOMICS TEACHING PROGRAM CE08-32-34.0  
 
This case was written by José A. Gómez-Ibáñez and Nguyen Xuan Thanh, faculty at the Kennedy School of Government and 
the Fulbright Economics Teaching Program in Ho Chi Minh City, respectively. The case is intended to se rve as a basis for 
classroom discussion only.  It does not purport to provide a complete and accurate description of the situation and should 
not be used as a source of primary material.  
Copyright © 2008 Fulbright Economics Teaching Program. 
 
Jun 22, 2008 
 
 
JOSÉ A. GÓMEZ- IBÁÑEZ  
NGUYEN XUAN THANH 
 
 
HO CHI MINH CITY TRANSPORT AND LAND USE  
 
 
In March 2008 the People’s Committee of Ho Chi Minh City approved a revised master plan designed 
to guide the development of the city through the ye ar 2025.  Ho Chi Minh City, often abbreviated as 
HCMC, was Vietnam’s commercial capital, with a popula tion nearly twice as large as Hanoi, 
Vietnam’s political capital.  Vietnam’s economy had b een growing at rates of 6 to 8 percent per year 
for nearly two decades, and much of that growth was  located in its cities, and in HCMC in particular.  
Real estate prices were at all time highs, and develo pment pressures threatened the historic French 
colonial core of the city and the wetlands to the we st and southeast.  Traffic congestion was growing 
rapidly as HCMC was registering 1300 new motorcycles an d 150 new cars per day.  The city, which 
the French had christened “the Pearl of the Orient” was now referred to by some as “the motorcycle 
capital of the world.” 
The new master plan designated areas where growth woul d be encouraged and included a 
list of transportation and other infrastructure proje cts and policies designed to support the desired 
developments.  Not all the elements of the plan seemed consistent with its goals, however, and the list 
of projects was so ambitious—including four elevated e xpressways, six urban mass transit lines, and 
many bridges and tunnels—that it was unlikely that al l would be built on schedule.  The obvious 
question was what policies and projects should receive priority. 
The Growth of the City 
HCMC is located on the west bank of the Saigon River,  57 kilometers northwest of the point where 
the river empties into the sea (Exhibits 1 and 2).  T he city is divided into 22 districts including 12 
“urban” districts (districts 1 through 12), 4 rapidly urbanizing “inner” districts (Binh Thanh, Go Vap, 
Tan Binh and Phu Nhuan) and 6 largely rural “outer”  districts (Cu Chi, Hoc Mon, Thu Duc, Binh 
Chanh, Nha Be and Can Gio).  The city’s economic act ivity spills over into parts of three adjoining 
provinces and these areas and the city are sometimes  collectively referred to as the Greater Ho Chi 
Minh Metropolitan Area.   
The Vietnamese economy and HCMC grew only slowly in the first decade after the end of the 
war and the reunification of the country in 1975.  Growth picked up after 1986, when the government 
adopted Renovation (Doi Moi) Policy to transform Vi etnam from a centrally planned to a more 
market-oriented economy.  Investment in private ente rprises by individuals and foreigners was 
Ho Chi Minh City Transport and Land Use  CE08-32-34.0 
 
Page 2 of 24 
encouraged, some state-owned enterprises were privati zed and the remainder were pressed to 
become more financially self sufficient, and the righ t to buy and sell land was established.  
Agricultural productivity improved, and Vietnam began to export light manufactured goods. 
If Vietnam grew rapidly after the economic reforms,  HCMC grew even faster.  HCMC’s 
regional product increased roughly 4 percentage poin ts faster than the nation as a whole (Exhibit 3), 
and many Vietnamese migrated to the city in search of economic opportunity.  According to official 
statistics the population of the HCMC increased from 4 .7 million in 1995 to more than 6 million in 
2007.  But as many as 2 million migrants were thought not to be accurately registered with the city, so 
that the real population was much larger than offici ally reported.  Rural provinces did not have an 
incentive to report their population losses accuratel y since the central government redistributed tax 
revenues from wealthy provinces to poor provinces with a formula that took population into account.  
And HCMC, as a wealthy area, wasn’t highly motivated to report all the population it was gaining 
because the added services it would have to provide the migrants might cost more than the additional 
tax revenues it would be allowed to retain. 
The city’s rapid development provoked the World Bank in 1994 to fund the preparation of an 
urban master plan for the year 2020, which was approved in final form by the Prime Minister in 1998.  
The plan proved ineffective, however, in part becau se it provided only general guidance on where 
growth should be encouraged and lacked the specifics on permissible land uses and densities.  This 
defect of vagueness was compounded by w",
DOTS Asia,5 DOT y planeación urbana (Gregor Wessels)/DOTS Asia/Journal Cities 2012 TOD Dalian China 1-s2.0-S0966692312000592-main.pdf,Journal Cities 2012 TOD Dalian China 1-s2.0-S0966692312000592-main.pdf,2207905,16,Establishing the conditions for effective transit-oriented development in China: the case of Dalian,Rui Mu,Establishing the conditions for effective transit-oriented development in China: the case of Dalian,Rui Mu,2004,"a Delft University of Technology, Jaffalaan 5, 2628 BX Delft, The Netherlands",,,10.1016/j.jtrangeo.2012.02.010,eng,"Establishing the conditions for effective transit-oriented development in China:
the case of Dalian
Rui Mu a,⇑, Martin de Jong a,b
a Delft University of Technology, Jaffalaan 5, 2628 BX Delft, The Netherlands
b Harbin Institute of Technology, Harbin, China
article info
Keywords:
Transit-Oriented Development (TOD)
Urbanization
Motorization
Public transport
Land use
Dalian
abstract
For many years, Dalian has been known as a green city with the modal split most favorable for public
transport in all of China. But recent years show a rapid decline in bus and rail ridership. It appears that
the consequences of the ’socialist market economy’, such as the unbundling of social life and production
activities, the marketization of urban land, and large-scale suburbanization leading many residents to live
in locations far away from their jobs and daily services, have promoted the rapid expansion of motorized
travel. Consequently, road congestion, air pollution and trafﬁc safety have become major problems in
Dalian. Many Chinese metropolises consider the possibility of leading urban growth onto a more sustain-
able development pathway and turn to the concept of Transit-Oriented Development (TOD). However,
TOD could only become a promising solution for sustainable urban transport if thorough examination
is conducted at the local and regional levels on how and to what extent conditions for developing effec-
tive TOD are fulﬁlled. Therefore, this article makes an attempt to identify conditions for effective TOD and
map them systematically. We will make a distinction between critical and important conditions. After
this, the record of Dalian, a coastal city in China with over 6 million people and a good tradition in using
public transport which ofﬁcially embraced the TOD planning method, in meeting those conditions is
examined. Conclusions are drawn as to where Dalian’s strengths and weaknesses lie and what actions
the Dalian government has taken with regard to each of these conditions. Finally, to transfer the TOD les-
sons of Dalian to other Chinese cities, we conclude that to make TOD work in China, cities should at least
meet all critical conditions such as pedestrian friendly urban design, good governance and high quality
transit services. Furthermore, they should at least meet some of the important conditions. Meeting the
latter ones can be a gradual process given the fact that most Chinese cities are still in an early stage of
their TOD learning curve.
/C2112012 Elsevier Ltd. All rights reserved.
1. Introduction
Since China’s opening-up, many ﬁrst and second-tier cities have
experienced rapid urban expansion ( Deng and Huang, 2004; Li,
2008; Han, 2010a). From 1978 to 2010, China’s urban population in-
creased from 80 million to some 640 million. By 2010, 124 out of 287
prefecture cities had a population that surpasses 1 million, and
megacities such as Beijing, Shanghai and Chongqing have each urban
populations of over 10 million. With regard to land, China’s urban
land area increased by 14,641 km 2 in the period 1985–2000 and
sprawled even faster over the past decade by 151,436 km 2 (China
Statistical Yearbook, 2011 ). Fueling the trend of large cities con-
stantly swallowing their surrounding secondary cities and rural
townships within their geographical or administrative ambit have
been China’s drastic land reforms and a rapidly growing economy
leading to rising disposable incomes. Under a series of land reforms
promulgated by the central government in the 1990s, the urban cen-
ters of Chinese cities have given to governmental and business ofﬁ-
ces and retail after having been occupied by working class families
before. Some households are forcefully moved to other places, while
others are willing to move, cashing in their valuable central-city land
holdings and seeking larger and more modern housing in suburbs
with low densities, less trafﬁc and noise. The state-owned manufac-
turing and industrial enterprises, as well as large organizations like
universities and hospitals that originally located in the central city
are also shortlisted for removal to the cities’ periphery and thus
releasing much land in the center for ﬁnancial and service industries
(Ma, 2004; Wu, 2004; Cervero and Day, 2008 ).
The centrifugal movement of people and jobs, along with rising
personal disposable incomes, generated a skyrocketing private
automobile ownership in the past decades in China. During
1985–2010 the nationwide private car ownership increased from
284,900 to 86,060,000, an annual growth rate of 46% ( China Statis-
tical Yearbook, 2011; Wang et al., 2011 ). As a result, mobility
0966-6923/$ - see front matter /C2112012 Elsevier Ltd. All rights reserved.
http://dx.doi.org/10.1016/j.jtrangeo.2012.02.010
⇑ Corresponding author. Tel.: +31 (0)152781309.
E-mail addresses: r.mu@tudelft.nl (R. Mu), w.m.dejong@tudelft.nl (M. de Jong).
Journal of Transport Geography 24 (2012) 234–249
Contents lists available at SciVerse ScienceDirect
Jou",
DOTS Europa & Estados Unidos,5 DOT y planeación urbana (Gregor Wessels)/DOTS Europa & Estados Unidos/1411_727_Final July 2008 07.pdf,1411_727_Final July 2008 07.pdf,2775764,32,,,Land Lines,,2008,j u ly 2 0 0 8 • Land Lines • LincoLn institute of Land PoLicy ,,,,eng,"Land Lines
People or Place?  l  Humane Metropolis  l  Housing Informality in Brazil  l  Superstition Vistas  l  Policy Focus Reports
L i n c o L n  i n s t i t u t e  o f  L a n d  P o L i c y
Ju Ly 2008
	 j u ly  2 0 0 8 		•		Land Lines 	•		LincoLn institute of Land PoLicy			
◗   F e a t u r e s
2		 People	or	Place?	r evisiting	the	Who	V ersus	the	Where		
	 of 	urban	Development
	 r a nDa l l	 C r a n e	 a nD 	M iC h a e l	 M a nV i l l e
One of  the longest standing debates in community economic development is between “place-
based” and “people-based” approaches. Should help go to distressed places or distressed people?
8	 after	sprawl:	the	humane	Metropolis
	 ru t h e rF o rD 	 h. 	 P l at t
The failure to control sprawl is widely blamed on the usual suspects, but a more constructive 
response is to take a deep breath and ask “What next?”
14	 urban	housing	informality:		
	 Does	Building	and	land	use	regulation	Matter?
	 C i ro 	 B iD e rM a n, 	 M a rt iM 	 s Mo l k a ,	 a nD 	 an n a	 sa n t ’a n n a
New evidence from Brazil indicates that the regulation of  land use and building standards  
can reinforce other factors that contribute to informal and irregular urban land occupation.
20	 a	Model	for	sustainable	Development	in	arizona’s	sun	Corridor
	 lu t h e r	 P roP s t
The response to emerging concerns about climate change impacts will require significantly 
changing prevalent land use planning and development patterns in the region.
◗   D e P a r t M e n t s
1	 report	from	the	President
24	 Faculty	Profile:	andrew	reschovsky
26	 new	Policy	Focus	reports
	 The City–CLT Partnership: Municipal Support  
 for Community Land Trusts
 Property T ax Assessment Limits: Lessons from  
 Thirty Years of  Experience
28	 Program	Calendar
C o n t e n t s
editor
Ann leRoyer
President & ceo
Gregory K. Ingram
chairman of the Board
Kathryn j. lincoln 
JuLy 2008 • Vo Lume 20, numBer 3
The lincoln Institute of land Policy is a private 
operating foundation whose mission is to improve 
the quality of public debate and decisions in the areas 
of land policy and land-related taxation in the united 
States and around the world. The Institute’s goals are 
to integrate theory and practice to better shape land 
policy and to provide a nonpartisan forum for discussion 
of the multidisciplinary forces that influence public 
policy. The work of the Institute is organized in four 
departments: Valuation and Taxation, Planning and 
urban Form, Economic and Community Development, 
and International Studies. 
We seek to inform decision making through education, 
research, demonstration projects, and the dissemina-
tion of information through publications, our Web  
site, and other media. Our programs bring together 
scholars, practitioners, public officials, policy advisers, 
and involved citizens in a collegial learning environ-
ment. The lincoln Institute of land Policy is an  
equal opportunity institution.
Land Lines is published quarterly in january, April, july, 
and October to report on Institute-sponsored programs. 
for more information
The lincoln Institute Web site (www.lincolninst.edu) 
provides a variety of features that make it easy for 
users to quickly obtain information on land and tax 
policy issues and on specific education programs, 
research, and publications. The e-commerce function 
permits users to order publications and multimedia 
products and to register for courses.
you can create your own “My Profile” to download 
current and past issues of Land Lines, more than  
400 Working Papers, and other materials posted on 
the Web site. After you have completed your profile, 
you can “log In” at any time by entering only your 
username and password. To create a profile, go to 
http://www.lincolninst.edu/login/createprofile.asp. 
Copyright © 2008 
Lincoln institute of Land Policy 
113 Brattle Street 
Cambridge, MA 02138-3400 uSA
Tel:  617-661-3016 or 1-800-526-3873  
Fax:  617-661-7235 or 1-800-526-3944
E-mail: annleroyer@lincolninst.edu (editorial content)     
 help@lincolninst.edu (information services)
Web:  www.lincolninst.edu
Pu BL ications assistant
Robyn F. Salbo
design & Production
David Gerratt & Amanda Wait 
www.NonprofitDesign.com 
PRINTED ON RECyClED PAPER uSING SOy-BASED INKS
Land Lines
  Page  2
   P age  4
North Shore Trail in the Allegheny 
River Park, Pittsburgh, Pennsylvania
© Alamy.com
Land Lines
People or Place?  l  Humane Metropolis  l  Housing Informality in Brazil  l  Superstition Vistas  l  Policy Focus Reports
L i n c o L n  i n s t i t u t e  o f  L a n d  P o L i c y
Ju Ly 2008
	 j u ly  2 0 0 8 		•		Land Lines 	•		LincoLn institute of Land PoLicy			
report from the President
 
Property	rights
gregory K. ingram
	 j u ly  2 0 0 8 	•		Land Lines 	•		LincoLn institute of Land PoLicy			
Property rights, the topic of the lincoln Insti-
tute’s annual land policy conference in june 
2008, are an important feature in the global 
political economy. In the united States many 
see the lack of com",
DOTS Europa & Estados Unidos,5 DOT y planeación urbana (Gregor Wessels)/DOTS Europa & Estados Unidos/1743_963_Land Lines January 2010.pdf,1743_963_Land Lines January 2010.pdf,2967176,32,,,Land Lines,,2010,The Lincoln Institute of Land Policy is a private,,,,eng,"Land Lines
Land Policy in China  l Housing and the Economy  l Mediating Land Use Disputes  l New Publications  l Fellowships l Calendar
L i n c o L n  i n s t i t u t e  o f  L a n d  P o L i c y
J a n u a ry  2 0 1 0
	 j a n u a r y  2 0 1 0 		•		Land Lines 	•		LincoLn institute of Land PoLicy			1
ed i t o r
ann Leroyer
P r e s i d e n t  &  c e o
Gregory K. Ingram
c h a i r  &  c h i e f  
i n v e s t m e n t  o f f i c e r
Kathryn j. Lincoln 
January 2010 • voLume 22, number 1
The Lincoln Institute of Land Policy is a private 
operating foundation whose mission is to improve 
the quality of public debate and decisions in the areas 
of land policy and land-related taxation in the united 
States and around the world. The Institute’ s goals are 
to integrate theory and practice to better shape land 
policy and to provide a nonpartisan forum for discussion 
of the multidisciplinary forces that influence public policy 
concerning the use, regulation, and taxation of land. 
We seek to inform decision making through education, 
research, demonstration projects, and the dissemina-
tion of information through publications, our Web  
site, and other media. Our programs bring together 
scholars, practitioners, public officials, policy advisers, 
and involved citizens in a collegial learning environ-
ment. The Lincoln Institute of Land Policy is an  
equal opportunity institution.
Land Lines is published quarterly in january, april, july, 
and October to report on Institute-sponsored programs. 
for more information
The Lincoln Institute Web site (www.lincolninst.edu) 
provides a variety of features that make it easy for 
users to quickly obtain information on land and tax 
policy issues and on specific education programs, 
research, and publications. The e-commerce function 
permits users to order publications and multimedia 
products and to register for courses.
you can create your own “My Profile” to download 
current and past issues of Land Lines, more than  
630 Working Papers, and other materials posted on 
the Web site. after you have completed your profile, 
you can “Log In” at any time by entering only your 
username and password. T o create a profile, go to 
www.lincolninst.edu/login/createprofile.asp. 
Copyright © 2010. all rights reserved. 
Lincoln institute of Land Policy
113 Brattle Street 
Cambridge, Ma 02138-3400 uSa
T el:  617-661-3016 or 1-800-526-3873  
Fax:  617-661-7235 or 1-800-526-3944
E-mail: annleroyer@lincolninst.edu (editorial content)     
 help@lincolninst.edu (information services)
Web:  www.lincolninst.edu
P u bLi c at i o n s  as s i s ta n t
robyn F . Salbo
d e s i g n  &  P ro d u c t i o n
David Gerratt & amanda Wait 
www.nonprofitDesign.com 
Land Lines
◗   F e a t u r e s
		2	 Land	Policy	Issues	in	China	
	 J oy C e 	 ya n y u n	 M a n
Despite its noteworthy accomplishments, China is facing critical land policy issues that  
will determine the direction of  its future: property rights; property tax implementation; farm-
land preservation; urban planning and development; and environmental sustainability. 
		8	 Housing,	Land,	and	the	economic	Crisis
	 K a r L 	 e. 	 C a s e
At the end of  2009, the United States faced an economic disaster of  major proportions. If  the 
jobs picture does not brighten, and the market does not speed up the process of  resolving foreclosures, 
the housing market could face a long period of  stagnation and even a return to falling prices.
14	 Integrating	Mediation	in	Land	use	Decision	Making:	a	study	of 	V ermont
	 Pat r I C K 	F I e L D, 	 K at e 	 H a rV e y,	 a nD 	 M at t 	 s t r a s s b e rg
Although mediation has successfully resolved many land use disputes, its use is often ad hoc as 
inclination and resources determine. An 18-month screening and evaluation study in Vermont 
seeks to better understand mediation across a statewide land use decision-making system.
◗   D e P a r t M e n t s
		1	 report	from	the	President
20	 Faculty	Profile:	eduardo	reese
22	 new	Lincoln	Institute	Publications:
Conservation Capital in the Americas
Challenging the Conventional Wisdom on the Property T ax
Is Land Value T axation a Better Kind of  Property T ax?
Planning for Climate Change in the West
26	 Working	Papers
27	 Fellowship	Programs
28	 Program	Calendar
29	 What’s	new	on	the	Web:	Land	and	Property	V alues	in	the	u.s.
C o n t e n t s
  Pag e 2
   P ag e 1 4
25%
Cert no. SCS-COC-001366
Construction in Shanghai
© iStockphoto.com

	 j a n u a r y  2 0 1 0 		•		Land Lines 	•		LincoLn institute of Land PoLicy			1
report from the President
 
 
Improving	access	to	Land	and	tax	Data
gregory K. ingram
a major tragedy of empirical work is the low 
ratio of analysis to data, in part due to the 
lack of publicly available datasets. Many 
data collectors are reluctant to share data 
with other researchers until they have har-
vested all its new insights. accordingly, re-
searchers often collect new data because 
they cannot access existing information. 
 a new initiative o",
DOTS Europa & Estados Unidos,5 DOT y planeación urbana (Gregor Wessels)/DOTS Europa & Estados Unidos/2007TODCaseStudies.pdf,2007TODCaseStudies.pdf,4335230,18,Microsoft Word - TOD CASE STUDIES-FINAL.doc,Sam Zimmerman-Bergman,"Income, Ethnically Diverse Neighborhoods",Sam Zimmerman-Bergman,2007,and the Surdna Foundation,,,,eng," 
 
 
 
 
TOD Case Studies: Implementation in Low-
Income, Ethnically Diverse Neighborhoods 
 
Prepared by: Center for Transit-Oriented Development 
 
Prepared for: Philadelphia Neighborhood Development Collaborative 
and the Surdna Foundation 
 
January 16, 2007 
 
Contents: 
 
1. Introduction, Site Selection, and Key Barriers/Mechanisms 
2. Bethel New Life Center, Garfield Park, Chicago, IL 
3. Harold Washington Cultural Center, Bronzeville, Chicago, IL 
4. Dudley Village, Dorchester, Boston, MA 
5. The Ellington, U Street, Washington, DC 
6. Tivoli Square, Columbia Heights, Washington, DC 
7. Town Square Condominiums, Decatur, GA 
TOD Case Studies 
Prepared By: the Center for Transit-Oriented Development 
Prepared For: Philadelphia Neighborhood Development Collaborative and the Surdna Foundation 
Updated: January 17, 2007 
 
Introduction 
These case studies, funded through the support of the Surdna Foundation, present transit-oriented development 
(TOD) examples from diverse, low-income neighborhoods around transit, all built within the last 10 years. The 
goal of this survey is to provide examples that can help spur development around Philadelphia’s underutilized 
transit resources in similar types of neighborhoods. To that end, the examples in these case studies all overcame 
barriers to implementation using innovative, but replicable approaches. These examples are intended to allow 
the Philadelphia Neighborhood Development Collaborative and others to advocate for more involvement by the 
public sector, test some of the same mechanisms for financing and land assembly, and provide examples of 
successful TOD to developers and community members. 
This brief memo provides a narrative of the case study examples, some of the key implementation issues, and 
mechanisms used to overcome these implementation issues. 
Site Selection and Characteristics 
The case studies come from four cities with similar characteristics to Philadelphia. None of the transit systems 
were constructed in the most recent era of transit construction in the United States (although the two 
Washington, DC case studies are located at infill stations opened in the last 15 years) and the four transit 
systems are all at least of “medium” size as classified by the Center for Transit-Oriented Development’s 
National TOD Database1. All four cities have similar demographic characteristics to Philadelphia, as well, in 
terms of ethnic breakdown and the regional Area Median Income. Each case study provides the demographic 
and income breakdown of the station area, as well as information on the region as a whole. 
While the regions and neighborhoods were all screened for rough consistency among demographic 
characteristics, the individual projects include a mix of uses, development and financing structures, and 
community processes, in order to highlight some of the various barriers to TOD in low-income, diverse 
neighborhoods. None of the projects are greater than ¼ mile from a transit station, and almost all are 
immediately adjacent to a station facility. The following are some of the key characteristics of each case study 
example: 
• The Bethel New Life Center, in the Garfield Park neighborhood of Chicago, houses a number of 
community services and local-serving retail. The center was developed by a community based non-
profit organization. The project included participation by the Chicago Transit Authority, the regional 
transit agency. 
• The Harold Washington Cultural Center, in the Bronzeville neighborhood of Chicago, provides arts 
space as the centerpiece of the revitalization of the Bronzeville neighborhood. The center was developed 
by a non-profit organization as well. 
• Dudley Village, in the Dorchester section of Boston, is a planned mixed-use affordable housing 
development that is currently under construction. The project is the result of a partnership of two 
community-based non-profit organizations, and includes local-serving retail space as well. The project 
includes  
• The Ellington, in the U Street corridor in Washington, DC,  is a market-rate mixed-use rental 
housing development. The project is the most dense residential project of the case study examples, and 
includes ground floor local-serving retail spaces. The project also involved the participation of 
WMATA, the regional transit agency. 
                                                        
1  For more information, see Hidden in Plain Sight: Capturing the Demand for Housing Near Transit (2005). Center for 
Transit-Oriented Development. Oakland, CA. 
TOD Case Studies 
Prepared By: the Center for Transit-Oriented Development 
Prepared For: Philadelphia Neighborhood Development Collaborative and the Surdna Foundation 
Updated: January 17, 2007 
 
• Tivoli Square, in the Columbia Heights neighborhood of Washington, DC, combines a mix of 
housing, local- and community-serving retail, and the preservation of the historic Tivoli Theater in one 
development project",
DOTS Europa & Estados Unidos,5 DOT y planeación urbana (Gregor Wessels)/DOTS Europa & Estados Unidos/abc dutch planning.pdf,abc dutch planning.pdf,31744,8,01-ABCpolicy,mma,01-ABCpolicy,,1989,"laid down in a work document on parking policy published by the Ministry of Transport (1991), the so-",,,,eng,"TRANSLAND / ABC policy
3-9-99 / 1
The ABC location policy in the Netherlands
‘The right business at the right place’
TNO Inro
M.J.Martens and S.v.Griethuysen
The ABC location policy in the Netherlands .........................................................................................................................1
Context:....................................................................................................................................................................................2
Introduction / presentation: .............................................................................................................................................2
Objectives and policies:....................................................................................................................................................2
How does it rule?....................................................................................................................................................................3
Territorial and spatial competence: .................................................................................................................................3
Planned or adopted institutional arrangements: ...........................................................................................................4
The used tools: ..................................................................................................................................................................4
Elements on the assessment of the results: .......................................................................................................................5
Implementation and deviations from the objectives: ...................................................................................................5
Elements about assessment: ............................................................................................................................................5
Conclusion: Lessons learned from this case: ................................................................................................................7
TRANSLAND / ABC policy
3-9-99 / 2
Context:
Introduction / presentation:
In the past years, there has been a tendency of businesses moving from the city centres to the urban
fringes. This is identified as one of the causes of the growing auto dependency among commuters. A
promising way to achieve a reduction in car traffic is to encourage use of public transport through
integrative land use and transportation planning. Locating companies near public transport facilities can
reduce the growth of car mobility. This however requires a balanced policy. The land around public
transport facilities is scarce and not all companies will make use of these facilities even when they are
located near them. Companies with employees which can not easily use public transport and which
produce large volumes of freight transport can better be located near motorway exits while companies
with employees and visitors witch do have the possibility to use public transport should be located
around public transport stations. The ABC location policy introduced in 1989 in the Netherlands aims to
achieve this better matching of companies and types of accessibility.
Objectives  and policies:
The ABC location policy is designed to help reduce the growth of car travel. It is first introduced in the
Fourth Report on Physical Planning in 1988. The policy aims to match the mobility needs of businesses
and amenities with the accessibility of different locations (‘The right business at the right place’ ).
Besides the reduction of car use the policy also contributes to the reinforcement of the urban vitality.
The core element of the ABC location policy for companies is the classification of types of locations
and types of companies. Companies are graded according to access needs and modal shift potential
(mobility profile) while locations are graded according to their accessibility by public and private
transport (accessibility profile). The accessibility profiles are graded A, B or C. A-locations are highly
accessible by Public Trans port. Examples of A-locations are major Public Transport nodes such as
central stations in the larger urban areas. B-locations are reasonably accessible both by Public
Transport and by car while C-locations are defined as typical car-oriented locations. Examples can be
found near motorway exits in fringe areas having poor Public Transport access. R(est)-locations have
bad access to both the road system and the public transport system (Table 1).
Table 1: accessibility profiles
Accessibility by car
Accessibility by
public transport Poor Well
Poor R-locations C-location
Well A-location B-location
The mobility profiles have been determined for different homogeneous classes of companies in the
Netherlands (Verroen, 1990) with comparable mobility characteristics.  The main d",
DOTS Europa & Estados Unidos,"5 DOT y planeación urbana (Gregor Wessels)/DOTS Europa & Estados Unidos/Applying DOT Rail Policy to Washington, D.C.'s Metrorail System Could Save Federal Funds.pdf","Applying DOT Rail Policy to Washington, D.C.'s Metrorail System Could Save Federal Funds.pdf",2954162,42,"RCED-83-24 Applying DOT Rail Policy to Washington, D.C.'s Metrorail System Could Save Federal Funds",,"RCED-83-24 Applying DOT Rail Policy to Washington, D.C.'s Metrorail System Could Save Federal Funds",THE U.S. GENERAL ACCOUNTING OFFICE,1983,The Department of Transportation’s policy,,,,eng,"l * r . 
aw . * . 
BY THE U.S. GENERAL ACCOUNTING OFFICE 
Report To The 
Secretary Of Transportation 
Applying DOT’s Rail Policy To 
Washington, D.C.‘s Metrorail System 
Could Save Federal Funds 
The Department of Transportation’s policy 
crf requiring full funding--setting a ceiling on 
the level of Federal funding--and a modified 
Version of its incremental construction pol- 
icy for rapid-rail systems should be applied 
to the 26 unfunded miles of the Washing- 
t n, D.C., rapid-rail system. The system has 
f 
een planned as a 101 -mile system; full or 
artial funding has b88n received for about 
75 miles. 
GAO b8li8V8S that if the Department’s rail 
bolicy were applied to the 26 unfunded 
miles (1) Federal savings could be realized, 
(12) better use of limited Federal funds could 
be made, and (3) more realistic cost esti- 
b 
ates could be made, allowing for better 
orecasts of future needs. In addition, GAO 
elieves that the Department needs to bet- 
ter define the type of funding commitment 
required from local jurisdictions to support 
bhe system and require periodic reevaluat- 
lions of funding commitments. 
llIlllllllllllll 120318 ' 
GAO/WED-83-24 
JANUARY 12,1983 
. . 
Request for copies of GAO reports should be 
sent to: 
U.S. General Accounting Office 
Document Handling and Information 
Services Facility 
P.O. Box 6015 
Gaithersburg, Md. 20760 
Telephone (202) 2756241 
The first five copies of individual reports are 
free of charge. Additional copies of bound 
audit reports are $3.25 each. Additional 
copies of unbound report (i.e., letter reports) 
and most other publications are $1.00 each. 
There will be a 25% discount on all orders for 
100 or more copies mailed to a single address. 
Sales orders must be prepaid on a cash, check, 
or money order basis. Check should be made 
out to the “Superintendent of Documents”. 
UNITED STATES GENERAL ACCOUNTING OFFICE 
WASHINGTON, D.C. 20648 
RESOURCES, COMMUNIW, 
AND ECONOMIC DEVELOPMENT 
DIVISION 
B-206068 
The Honorable Drew Lewis 
The Secretary of Transportation 
Dear Mr. Secretary: 
This report discusses the Washington, D.C., Metrorail 
system and suggests possible ways to save Federal dollars and 
make more cost-effective use of limited Federal funds for 
Metrorail construction. This review was made because of the 
large Federal dollar investment in Metrorail construction. 
This report contains recommendations to you on pages 10, 
15, and 22. As you know, 31 U.S.C. S720 requires the head of a 
Federal agency to submit a written statement on actions taken on 
our recommendations to the HOuSe Committee on Go'vernment Opera- 
tions and the Senate Committee on Governmental Affairs not later 
than 60 days after the date of the report and to the House and 
Senate Committees on Appropriations with the agency's first 
request for appropriations made more than 60 days after the date 
of the report. 
We are sending copies of this report to the Director, 
Office of Management and Budget; the Chairman, Board of Direc- 
tors, and the General Manager, Washington Metropolitan Area 
Transit Authority; interested congressional committees; and 
other parties. 
pyJJ-~- 
J. Dextbr Peach 
I Director 1 
. 
BY THE U.S. GENERAL 
ACCOUNTING OFFICE 
REPORT TO THE SECRETARY 
OF TRANSPORTATION 
APPLYING DOT'S RAIL POLICY TO 
WASHINGTON, D.C.'S METRORAIL 
SYSTEM COULD SAVE FEDERAL 
FUNDS 
DIGEST ------ 
The Federal Government could save money if 
the Urban Mass Transportation Administration's 
(UMTA's) policy of setting a ceiling on the 
level of Federal expenditures for rail systems 
were applied to the remaining 26 miles of the 
Washington, D.C., system (Metrorail). 
In addition, better use of limited funds can 
be made by applying a modified version of 
UMTA's policy of requiring rail construction 
in increments based on specified priorities 
to the 26 unfunded miles. Also, UMTA needs to 
require periodic reevaluations of local juris- 
dictions’ funding commitments and provide bet- 
ter guidance on the type of funding commitment 
it requires to satisfy the congressionally 
mandated requirements for Metrorail. 
In 1969 the Washington Metropolitan Area 
Transit Authority began constructing a plan- 
ned 101-mile rail system which is being funded 
by local and Federal governments. In March 
1976 rail operations began on a 4.6-mile seg- 
ment, and by August 1982, 39 miles were in 
operation. 
As of June 30, 1982, the Federal Government had 
contributed $3.1 billion out of $4.9 billion 
for Metrorail, with local governments and the 
authority contributing $1.8 billion. Construc- 
tion has been fully or partially funded for 
about 75 miles of Metrorail; however, 26 miles 
are still unfunded. 
Because of the sizable Federal dollar invest- 
ment in Metrorail, GAO conducted this review to 
evaluhte (1) the effectiveness and efficiency 
with which Federal funds are used to construct 
Metrorail and (2) local jurisdictions' ability 
to support Metrorail. 
Tear Sheet 
GAO/RCED-83-24 
JAN",
DOTS Europa & Estados Unidos,5 DOT y planeación urbana (Gregor Wessels)/DOTS Europa & Estados Unidos/Columbia Heights case.pdf,Columbia Heights case.pdf,6179363,124,0-Cover-ExecSum.indd,ocondon,0-Cover-ExecSum.indd,,2004,Parcel 24 Dance Institute,,,,eng,"COLUMBIA
HEIGHTS
Public
Realm
Framework
Government of the District of Columbia
Office of Planning
October 2004
Executive Summary
The Public Realm Framework and the Vision for the Civic Plaza (below) has been Guided by the Aspirations of the Community.
Public Realm Framework 
Executive Summary
Government of the District of Columbia
DC Office of Planning
 October 2004October 2004 ES.1
The Neighborhood
Background
In 1997, concerned residents and stakeholders in Columbia 
Heights participated in a series of community workshops to create a 
redevelopment strategy for the neighborhood called “A Community-Based 
Plan for the Columbia Heights Metro Station Area”. The strategy identified 
and proposed redevelopment solutions for several major parcels, 
concentrating on the 14th Street commercial corridor.  These solutions 
included:
• ‘mixed-use’ development in the neighborhood ‘core area’, along 
the 14th Street corridor, in relation to the development of the new 
Columbia Heights Metro Station,
• development of a new Civic Plaza on a publicly-owned parcel at 
the intersection of Park Road, Kenyon Street, and 14th Street,
• development of high quality public streetscape improvements along 
14lh Street, connecting to the new Metro station.
The strategy also established a list of ‘Planning Principles’ to guide and 
inform future development within the neighborhood.
Since the plan was completed, the Columbia Heights area has been 
the focus of a major neighborhood redevelopment effort by the District 
government and other public entities, including the National Capitol 
Revitalization Corporation (NCRC), the RLA Revitalization Corporation 
(RLA), and the Washington Metropolitan Area Transit Authority (WMATA). 
In 1999, WMATA opened the Columbia Heights Metro Station. Since then, 
RLA and NCRC have been responsible for awarding redevelopment rights 
for many parcels within the Columbia Heights neighborhood ‘core area’, 
along the 14th Street corridor.
The DC Office of Planning (DC-OP) initiated this planning project in early 
2003, to coordinate high quality ‘Public Realm’ improvements -- those 
within the public domain of civic space and public streetscape -- to foster 
a unified community identity for Columbia Heights. 
Planning Goals
The following ‘Project Goals’ were developed by DC-OP and the Design 
Team, endorsed by the Advisory Committee, and presented and adopted 
during the first community meeting.
• To understand the cultural and physical background and evolving 
history of the Columbia Heights Neighborhood.
• To create an urban design ‘Framework Plan’ for the Public Realm, 
to define public places and streetscapes, which integrate public 
space with private and public development.
• To create streetscapes which define a ‘Community Design identity’, 
which captures the unique qualities of Columbia Heights.
• To define design guidelines and design development documents 
for the Public Realm, consistent with the Planning Principles of the 
1997 Community-Based Plan.
• To develop and recommend implementation strategies for the Plan, 
which coordinate public and private investment.
14th Street Commercial Corridor, 1940s
Source:  1997 Community-Based Plan, WAF
A Community Based Plan for the Columbia Heights 
Metro Station Area, 1997
Civic
Hub
Commercial
Hub
Link
The Neighborhood’s identity is represented in its art
Redevelopment Activity
(RLARC Development Parcels identified  in yellow)
27
26
29
15
38
24
19
5
20
11
32
34
40
Metro
Giant
Bell
Lincoln
School
The location of 
Columbia Heights 
neighborhood  within the 
District
Parcel Number Project
 • Parcel 24 Dance Institute
 • Parcel 29 Tivoli Partners
 • Parcel 27 DC USA
 • Parcel 38 Civic Plaza Site
 • Metro  Triangle, II
 • Parcels 15 & 26 Columbia Heights Ventures
 • Parcel 40 Urban League
 • Parcel   5 NPCDC
 • Parcel 19 & 32  Triangle, II
 • Parcel 11  Duron, Inc.
 • Parcel 20 & 34  In Progress
October 2004October 2004
ES.2
Public Realm Framework Goals
The following goals guided the development of the Framework:
1. Strengthen Community Identity
2. Celebrate Diversity
3. Create a Lively Urban Experience
4. Make it Easy to Walk
5. Make Public Transit Convenient
6. Make it Safe.
Neighborhood Characteristics
Community residents identified the following: 
• a commitment to embrace the extraordinary cultural and economic 
diversity,
• a sense of enthusiasm and vitality for the public realm,
• a spirit of openness and tolerance,
• an interest in promoting development which respects its past while 
looking forward to the future. 
Design Concept
The Public Realm Framework Design Concept illustrates the 
urban design strategy for Columbia Heights.  The Concept:
• focuses on the neighborhood “core area” -- the “Civic/
Cultural” and “Commercial Heart” -- extending along 14 th
Street from Columbia Road to Monroe Street,
• creates a new Civic Plaza, at the intersection of Park Road, 
Kenyon Street and 14 th Street,
• enhances the connection between the Civic Plaza, the 
",
DOTS Europa & Estados Unidos,5 DOT y planeación urbana (Gregor Wessels)/DOTS Europa & Estados Unidos/Journal cities 2012 TOD Denver 1-s2.0-S0264275112001527-main.pdf,Journal cities 2012 TOD Denver 1-s2.0-S0264275112001527-main.pdf,2591280,16,The reshaping of land use and urban form in Denver through transit-oriented development,Keith A. Ratner,The reshaping of land use and urban form in Denver through transit-oriented development,Keith A. Ratner,2012,"a Department of Geography, Salem State University, Salem, MA, United States",,,10.1016/j.cities.2012.08.007,eng,"The reshaping of land use and urban form in Denver through
transit-oriented development
Keith A. Ratner a, Andrew R. Goetz b,⇑
a Department of Geography, Salem State University, Salem, MA, United States
b Department of Geography, University of Denver, Denver, CO, United States
article info
Article history:
Available online 22 October 2012
Keywords:
Rail transit
Accessibility
Transit-oriented development
Denver
abstract
As large cities seek to expand their transit systems to accommodate increasing travel demand, provide
alternatives to growing road trafﬁc congestion, and improve accessibility, more research attention has
been focused on the land use effects of transit, most notably in the form of transit-oriented development
(TOD). Many cities in the USA are starting or expanding rail transit systems with objectives that include
more focused economic development near transit stations and along transit corridors. Denver, Colorado is
one of the cities that is aggressively expanding its rail transit system and encouraging high-density,
mixed-use development in the station areas. This study analyzes TOD data from the Denver Regional
Transportation District and the Denver Regional Council of Governments for 0.5-mile areas around cur-
rent and proposed rail transit stations. Early evidence indicates that the scope of transit-oriented devel-
opment in Denver is considerable, resulting in nearly 18,000 residential dwelling units, 5.3 million square
feet of retail space, 5.4 million square feet of ofﬁce space, and 6.2 million square feet of medical space
within one-half mile of existing or planned transit stations from 1997 to 2010. As one of the critical ele-
ments of the regional land use and transportation plan, the rail transit system and the emphasis on tran-
sit-oriented development is contributing to an increase in the average density of the Denver urbanized
area.
/C2112012 Elsevier Ltd. All rights reserved.
Introduction
Many large cities in the United States are experiencing an
explosion of interest in starting new or expanding existing rail
transit systems to improve accessibility and encourage transit-
oriented development (TOD). Reconnecting America (2011) has
identiﬁed a total of 643 potential new ﬁxed-guideway projects in
106 metropolitan regions. Of these projects, 138 are in the con-
struction and engineering phase that will yield 1464 miles of
new transit. Most of the cities with these projects have witnessed
an upsurge in interest for residential, ofﬁce, and retail development
in areas directly served by their rail transit systems. Demographic
changes, frustration with motor vehicle trafﬁc congestion, high
gasoline prices, and other factors are creating strong demand for
housing, retail, and ofﬁces in walkable, mixed-use neighborhoods
close to transit ( Center for Transit-Oriented Development, 2011 ).
As one prominent example of this trend, Denver, Colorado is
presently developing a 157-mile regional rail transit system, and
is in the forefront of encouraging major changes in its land use
and urban form featuring transit-oriented development. This is
especially true as the ambitious rail transit program called
‘‘FasTracks’’, approved by regional voters in 2004, was labeled a re-
gional land use and transit development program, not just a transit
program.
With the FasTracks emphasis on regional land use development,
TOD has become a major focus within the entire Denver region.
The City and County of Denver, the Denver Regional Council of
Governments [DRCOG] (the area’s metropolitan planning organiza-
tion), and the Denver Regional Transportation District [RTD] (the
area’s transit agency) now all have TOD programs with full-time
TOD staff. The Metro Denver Economic Development Corporation
has a TOD focus, and TOD plans are being created at different scales
from individual station areas to the entire region. The City and
County of Denver has even developed its own TOD typology that
separates its rapid transit stations into seven individual TOD sta-
tion types, recognizing the important differences between different
places and destinations within the region.
The goal of this paper is to examine the impact on land use and
urban form that transit accessibility and TOD are having in the
Denver region. It begins with a brief overview of the concepts of
accessibility and transit-oriented development, and the role they
play in reshaping land use and urban form within transit corridors
in large cities in the US and throughout the world. The focus then
shifts to the Denver region by discussing the reintroduction of rail
transit there, including the FasTracks program and its current
0264-2751/$ - see front matter /C2112012 Elsevier Ltd. All rights reserved.
http://dx.doi.org/10.1016/j.cities.2012.08.007
⇑ Corresponding author. Tel.: +1 303 871 2866.
E-mail address: agoetz@du.edu (A.R. Goetz).
Cities 30 (2013) 31–46
Contents lists available at SciVerse ScienceDirect
Cities
journal homepage: www.else vier.com/locat",
DOTS Europa & Estados Unidos,5 DOT y planeación urbana (Gregor Wessels)/DOTS Europa & Estados Unidos/LAND TAX Jerry Jones M Star 1 Feb 06.pdf,LAND TAX Jerry Jones M Star 1 Feb 06.pdf,442578,1,,,LAND TAX Jerry Jones M Star 1 Feb 06,,,,,,,,,
DOTS Europa & Estados Unidos,5 DOT y planeación urbana (Gregor Wessels)/DOTS Europa & Estados Unidos/land use europe technical_report_9_2007.pdf,land use europe technical_report_9_2007.pdf,21365831,78,Land use scenarios for Europe — Qualitative and quantitative analysis on a European scale,Dr. Axel Volkery,Land use scenarios for Europe — Qualitative and quantitative analysis on a European scale,Dr. Axel Volkery,2007,Commission or other institutions of the European Communities. Neither the European Environment,,9789291679270,,eng,"Land-use scenarios for Europe: qualitative and 
quantitative analysis on a European scale
ISSN 1725–2237
EEA Technical report No 9/2007
X
Land-use scenarios for Europe: qualitative and 
quantitative analysis on a European scale
EEA Technical report No 9/2007
Cover design: EEA
Layout: Diadeis and EEA
Legal notice 
The contents of this publication do not necessarily reflect the official opinions of the European 
Commission or other institutions of the European Communities. Neither the European Environment 
Agency nor any person or company acting on behalf of the Agency is responsible for the use that 
may be made of the information contained in this report.
All rights reserved 
No part of this publication may be reproduced in any form or by any means electronic or mechanical, 
including photocopying, recording or by any information storage retrieval system, without the 
permission in writing from the copyright holder. For translation or reproduction rights please contact 
EEA (address information below).
Information about the European Union is available on the Internet. It can be accessed through the 
Europa server (www.europa.eu).
Luxembourg: Office for Official Publications of the European Communities, 2007
ISBN 978-92-9167-927-0
ISSN 1725-2237
© EEA, Copenhagen, 2007
European Environment Agency
Kongens Nytorv 6
1050 Copenhagen K
Denmark
Tel.: +45 33 36 71 00
Fax: +45 33 36 71 99
Web: eea.europa.eu
Enquiries: eea.europa.eu/enquiries
5
Contents
Land-use scenarios for Europe: qualitative and quantitative analysis on a European scale
Contents
Acknowledgements .................................................................................................... 6
Acronyms ................................................................................................................... 7
1 Landscapes to the living: which way to the future? ...............................................8
2 Methodological framework .................................................................................. 10
2.1 Background: building compelling scenarios ..........................................................10
2.2 The story-and-simulation approach in PRELUDE ...................................................11
2.3 PRELUDE scenario logics ...................................................................................12
2.4 The Louvain-la-Neuve model .............................................................................13
2.5 Model input .....................................................................................................16
2.6 Model output ...................................................................................................24
3 The PRELUDE scenarios ....................................................................................... 27
3.1 The base-year situation ....................................................................................27
3.2 Great Escape — Europe of contrast ....................................................................27
3.3 Evolved Society — Europe of harmony ................................................................33
3.4 Clustered Networks — Europe of structure ..........................................................38
3.5 Lettuce Surprise U — Europe of innovation ..........................................................43
3.6 Big Crisis — Europe of cohesion .........................................................................46
4 Land-use change and environment ...................................................................... 53
4.1 Land-use/land cover changes ............................................................................53
4.2 Landscape type changes ...................................................................................54
4.3 A scan of potential environmental consequences ..................................................56
5 Lessons from participatory land-use scenario development and outreach action  
 on a European scale ............................................................................................. 59
6 References........................................................................................................... 63
7 Annex .................................................................................................................. 66
7.1 Scenario storylines (included in the PRELUDE presentation tool) .............................66
7.2 Description of driving forces and their relation to model input parameter and  
 spatial allocation rules ..................................................................................... 73
Land-use scenarios for Europe: qualitative and quantitative analysis on a European scale6
Acknowledgements
Acknowledgements
The content of this report derives from the PRELUDE 
project (PRospective environmental analysis of 
land-use development in Europe) of the European 
Environment Agency and information that was 
generated during several ",
DOTS Europa & Estados Unidos,5 DOT y planeación urbana (Gregor Wessels)/DOTS Europa & Estados Unidos/land-use-regulations-USA.pdf,land-use-regulations-USA.pdf,2151898,40,BrkgsResBrfPendall2.qxd (Page 1),,BrkgsResBrfPendall2.qxd (Page 1),,2006,,,,,eng,"1
“Places with tradi-
tional land use
regulations—mostly
in the Northeast and
Midwest—have
lower densities and
fewer housing
opportunities for
lower income resi-
dents than those
that have embraced
a new paradigm for
regulating growth
and development.”
Metropolitan Policy Program
The Brookings Institution
I. Introduction
A
key component of the struggle for prosperity in American metropolitan areas is devel-
opment patterns, which define everything from density to the socioeconomic make up
of residents. Development patterns are partly a consequence of decisions by local gov-
ernments—often with very little coordination, oversight, or even guidance from state
or regional entities—about the physical character of new growth. Among the most important of
these decisions is how to regulate land; a prerogative that local governments guard jealously.
Land use regulations contribute to many metropolitan problems. Economists attribute high
housing costs in part to regulations that restrict supply and increase the quality of housing and
neighborhoods, especially on the nation’s coasts. Advocates for low-income families blame cer-
tain types of zoning for the lack of housing opportunities in suburban areas. Environmental
advocates contend that low density zoning exacerbates urban sprawl and thereby aggravates
habitat loss and the degradation of air and water quality. And planners have found that some
land use regulations displace development, leading to excessive land consumption and
increased driving times. 
Yet land use regulations related to housing also hold out the promise of benefits. Indeed,
Local land use regulations help define the character of cities, towns, counties, and entire
regions. Zoning, comprehensive plans, infrastructure control, urban containment, build-
ing moratoriums, and permit caps can drive development outward, promote density, or
something in between. They can also directly affect the composition of inhabitants by
facilitating rental properties and low-income residents, especially when these regulations
are coupled with programs to promote housing affordability. This comprehensive survey
of local land use regulations finds a wide variety of regulatory regimes, classifying them in
four broad typologies, across the nation’s 50 largest metropolitan areas. They range from
exclusionary and restrictive to innovative and accommodating. These produce a variety of
effects on metropolitan growth and density, and on the opportunities afforded to the resi-
dents that live there. 
From Traditional to
Reformed: 
A Review of the Land Use 
Regulations in the Nation’s 
50 largest Metropolitan Areas
Rolf Pendall, Robert Puentes, and Jonathan Martin1
AUGUST 2006 • T HE BROOKINGS INSTITUTION • RESEARCH BRIEF
their origin is rooted in that very promise. In theory, they can offer an efficient mechanism both
to limit exposure to “externalities,” that is, negative effects of development on neighboring prop-
erties, and to reduce those externalities in the first place. To the jurisdictions that use them, of
course, regulations allow residents to reduce competition for public services, balance the
budget, and protect valued open space, thereby raising property values and wealth for property
owners. Land use regulations can also promote beneficial development patterns that would not
appear in their absence, shaping land markets to encourage high densities, mixed uses, and
transit oriented developments that the market currently fails to provide in sufficient quantities.
However, despite their fundamental importance, too little is known about the current land-
scape of housing regulation in the United States.
The absence of a detailed national database on land use regulations has made it difficult to
begin a comprehensive look at their costs and benefits. The headlines and popular attention
tend to concentrate on non-regulatory programs—bond issues and land trusts—to secure open
space. Academic inquiry is focused on a few tools, such as urban containment, impact fees, and
building permit caps. Research in general has been hindered by a lack of systematic data that
permit a comprehensive assessment of regulation on the ground. 
For a more comprehensive view of the conditions under which most housing is now built in
the United States, we surveyed local governments in the 50 largest metropolitan areas to learn
how they regulate land use and promote housing affordability. Over 160 million residents—57
percent of the population in the United States—live in these 50 metropolitan areas, and they
account for about 300,000 square miles of land.
This study reports on the results of the survey (conducted in 2003) in which over 1,800
cities, townships, and counties responded to questions about land use regulations that affect
housing. Their responses allow us to reach conclusions about the nature of land use regulation
at the metropolitan level, where local land use regulations combine to produce sometimes unex-
pected regional resu",
DOTS Europa & Estados Unidos,5 DOT y planeación urbana (Gregor Wessels)/DOTS Europa & Estados Unidos/Measuring Equity in Transit-Oriented Development_ Application to.pdf,Measuring Equity in Transit-Oriented Development_ Application to.pdf,3063130,115,Measuring Equity in Transit-Oriented Development: Application to Affordable Housing,Beryl Oranga,Measuring Equity in Transit-Oriented Development: Application to Affordable Housing,Beryl Oranga,2015,SIT Graduate Institute/SIT Study Abroad,,,,eng,"SIT Graduate Institute/SIT Study Abroad
SIT Digital Collections
Capstone Collection SIT Graduate Institute
Summer 8-21-2015
Measuring Equity in Transit-Oriented
Development: Application to Affordable Housing
Beryl Oranga
SIT Graduate Institute, Beryl.Oranga@mail.sit.edu
Follow this and additional works at:http://digitalcollections.sit.edu/capstones
This Thesis (Open Access) is brought to you for free and open access by the SIT Graduate Institute at SIT Digital Collections. It has been accepted for
inclusion in Capstone Collection by an authorized administrator of SIT Digital Collections. For more information, please contact
digitalcollections@sit.edu.
Recommended Citation
Oranga, Beryl, ""Measuring Equity in Transit-Oriented Development: Application to Affordable Housing"" (2015).Capstone Collection.
2811.
http://digitalcollections.sit.edu/capstones/2811
Measuring Equity in Transit-Oriented Development: Application to Affordable Housing 
 
Page | 1  
 
 
 
  
MEASURING EQUITY IN TRANSIT-ORIENTED DEVELOPMENT: 
APPLICATION TO AFFORDABLE HOUSING. 
By 
  
Beryl Sylvie Oranga 
  
Capstone Paper 
Submitted to the Faculty of the SIT Graduate Institute 
in partial fulfillment of the requirements 
for the degree of  
MASTER OF ARTS 
In 
Sustainable Development: International Policy and Management  
  
August 7, 2015 
Washington, DC 
 
Measuring Equity in Transit-Oriented Development: Application to Affordable Housing 
 
Page | 2  
 
Statement of permission to Reuse: 
I hereby grant permission for World Learning to publish my Capstone on its websites and in any 
of its digital/electronic collections, and to reproduce and transmit my CAPSTONE 
ELECTRONICALLY. I understand that World Learning’s website and digital collections are 
publicly available via the Internet. I agree that World Learning is NOT responsible for any 
unauthorized use of my Capstone by any third party who might access it on the Internet or 
otherwise. 
Student Name: Beryl Sylvie Oranga                                                              Date: August 07, 2015 
 
 
 
 
 
 
 
 
 
 
 
 
 
 
 
 
 
Measuring Equity in Transit-Oriented Development: Application to Affordable Housing 
 
Page | 3  
 
Contents 
List of Figures...................................................................................................................................................... 4 
Acknowledgements ............................................................................................................................................. 5 
Abstract ............................................................................................................................................................... 6 
1.0 Introduction ............................................................................................................................................ 7 
1.2 Purpose and Methods of the Research ................................................................................................. 12 
1.2.1 Purpose of the Research .................................................................................................................... 12 
1.2.2 Methods of the Research................................................................................................................... 13 
1.2.3 Limitations and Recommendations ................................................................................................... 14 
2.0 Thematic and Technical Research: Literature Review ..................................................................... 15 
2.1 What is Equitable TOD? ................................................................................................................. 15 
2.2 Monitoring and Evaluating Equity ................................................................................................. 19 
2.2.1 Transformative Paradigm in Monitoring and Evaluating Equity ...................................................... 20 
2.2.2 Approaches to Monitoring and Evaluating Equity ........................................................................... 23 
2.3 Overview of Affordable Housing in Washington D.C ................................................................... 25 
2.3.1 Fort Totten Metro Area ..................................................................................................................... 28 
2.4 Discussions and findings .................................................................................................................. 32 
3.0: The Product: Refined Monitoring and Evaluation Framework ............................................................ 38 
3.1 Introduction: ............................................................................................................................................... 41 
3.2 Purpose of the evaluation ........................................................................................................................... 42 
3",
DOTS Europa & Estados Unidos,5 DOT y planeación urbana (Gregor Wessels)/DOTS Europa & Estados Unidos/property tax sprawl hpd_1701_goodman.pdf,property tax sprawl hpd_1701_goodman.pdf,299613,26,30599_Cvr_,Ann McCollum,30599_Cvr_,Ann McCollum,2001,© 2006 FANNIE MAE FOUNDATION. ALL RIGHTS RESERVED.,,,,eng,"Houses, Apartments, and the
Incidence of Property Taxes 
Jack Goodman
Hartrey Advisors
Abstract
The residential property tax is a major component of local government
revenues and consumers’ housing costs. This study uses newly available data
from the 2001 Residential Finance Survey to investigate the incidence of this
tax. 
The study finds that for the nation as a whole, multifamily rental housing
bears an effective tax rate (tax divided by property value) that is at least 18
percent higher than the rate on single-family owner-occupied housing. This gap
appears to have arisen during the 1990s. The level of taxation and the apart-
ment/house differential vary considerably by location. Much—but not all—of
the differential is associated with the fact that apartments have a lower average
property value per unit than houses. The residential property tax, as imple-
mented, promotes low-density development, disproportionately burdens
lower-value properties, and may impose higher taxes on apartment residents
than on homeowners with identical incomes.
Keywords: Rental housing; State and local governments; Tax issues
Introduction
The property tax on residential and commercial real estate—typically an
annual levy set as a percentage of market value—is the principal source of
revenue for state and local governments, a significant operating cost for busi-
nesses, and one of the biggest components of housing costs for many
consumers. The tax has been a prominent topic of research in both public
finance and urban economics, and its implications for the fiscal position of
state and local governments and for spatial development patterns have been
studied extensively and intensively. A recent volume that surveys the literature
and offers new contributions is Oates (2001). 
The incidence of the property tax on residential real estate has been
another focus of research. “Who Pays the Property Tax?” is not only the title
of a major work of the 1970s (Aaron 1975), but also the topic of considerable
1
HOUSING POLICY DEBATE VOLUME 17 ISSUE 1
© 2006 FANNIE MAE FOUNDATION. ALL RIGHTS RESERVED.
research both before and afterward. Thinking on the issue has evolved (Fisher
1993): For a long time, the standard view among economists was that the
property tax was regressive. It was thought to operate as an excise tax on hous-
ing, with the tax proportional to consumption. Because poor people spend a
greater proportion of their current income on housing than those with high
incomes do, the property tax, in this view, claimed a greater share of their
income than it did for wealthy people. 
But in the 1970s, research showed the situation to be more complicated.
First, the case for regressivity weakens if alternative measures of income are
used. Specifically, because the elasticity of the demand for housing out of long-
run income exceeds the elasticity based on current income and is close to 1.0,
the property tax by this measure is closer to proportional—that is, neither
regressive nor progressive.1 
More fundamental rethinking on the property tax during this period ques-
tioned whether it should be viewed as a tax on consumption rather than as a
capital tax. Housing is an asset: As is the case with most assets, ownership is
disproportionately found among higher-income households, especially when
rental housing is included in the calculation. Viewed as a capital tax, the prop-
erty tax is clearly progressive (Pechman 1985). 
Research has also investigated how differences in property tax rates (tax
divided by value) by location can affect values, housing capital allocations, resi-
dential mobility, and tax incidence. Differences in tax rates across jurisdictions
have also been found to matter. Capital is expected to move from high- to low-
tax-rate areas, and all else being equal, consumers would similarly be expected
to be attracted to jurisdictions where taxes are low. These movements of capi-
tal and consumers among taxing jurisdictions will themselves alter local prop-
erty values, with the equilibrium results determined by supply and demand
elasticities in each jurisdiction. The upshot is that the long-run equilibrium
differences in property values and the incidence of the tax may differ consider-
ably from its initial impact (Zodrow 2001).
FANNIE MAE FOUNDATION
2 Jack Goodman
1 The income elasticity of housing demand refers to the percentage change in housing
consumption associated with a 1 percent change in income. If consumption changes more than
1 percent (more than proportionally to income), demand is said to be elastic. If consumption
changes less than 1 percent, demand is inelastic. If consumption changes 1 percent, or propor-
tionally with income, demand elasticity is unitary. 
A consumer’s current income has two components: a long-run expected income and a
short-run deviation from that expected long-run level. Consumers base their spending decisions
not only on current income, but also on their expectations of future income. To ",
DOTS Europa & Estados Unidos,5 DOT y planeación urbana (Gregor Wessels)/DOTS Europa & Estados Unidos/TOD tcrp_rpt_95c17.pdf,TOD tcrp_rpt_95c17.pdf,2765671,147,TCRP Report 95 – Chapter 17—Transit Oriented Development,TRB,TCRP Report 95 – Chapter 17—Transit Oriented Development,TRB,2007,"Nicholas J. Garber, Henry L. Kinnier Professor, Department of Civil Engineering, University of Virginia,",9780309098,9780309098922,,eng,"TRANSIT COOPERATIVE 
RESEARCH PROGRAM
TCRP
REPORT 95
Sponsored by 
the Federal Transit Administration
Sponsored by 
the Federal Transit Administration
CHAPTER 17
Transit Oriented Development
Traveler Response to 
Transportation System Changes

TRANSPORTATION RESEARCH BOARD 2007 EXECUTIVE COMMITTEE*
OFFICERS
CHAIR: Linda S. Watson, CEO, LYNX–Central Florida Regional Transportation Authority, Orlando 
VICE CHAIR: Debra L. Miller, Secretary, Kansas DOT, Topeka 
EXECUTIVE DIRECTOR: Robert E. Skinner, Jr., Transportation Research Board
MEMBERS
J. Barry Barker, Executive Director, Transit Authority of River City, Louisville, KY
Michael W. Behrens, Executive Director, Texas DOT, Austin
Allen D. Biehler, Secretary, Pennsylvania DOT, Harrisburg
John D. Bowe, President, Americas Region, APL Limited, Oakland, CA 
Larry L. Brown, Sr., Executive Director, Mississippi DOT, Jackson
Deborah H. Butler, Vice President, Customer Service, Norfolk Southern Corporation and Subsidiaries,
Atlanta, GA 
Anne P. Canby, President, Surface Transportation Policy Partnership, Washington, DC
Nicholas J. Garber, Henry L. Kinnier Professor, Department of Civil Engineering, University of Virginia,
Charlottesville 
Angela Gittens, Vice President, Airport Business Services, HNTB Corporation, Miami, FL
Susan Hanson, Landry University Professor of Geography, Graduate School of Geography, Clark 
University, Worcester, MA
Adib K. Kanafani, Cahill Professor of Civil Engineering, University of California, Berkeley
Harold E. Linnenkohl, Commissioner, Georgia DOT, Atlanta
Michael D. Meyer, Professor, School of Civil and Environmental Engineering, Georgia 
Institute of Technology, Atlanta
Michael R. Morris, Director of Transportation, North Central Texas Council of Governments, Arlington 
John R. Njord, Executive Director, Utah DOT, Salt Lake City
Pete K. Rahn, Director, Missouri DOT, Jefferson City
Sandra Rosenbloom, Professor of Planning, University of Arizona, Tucson
Tracy L. Rosser, Vice President, Corporate Traffic, Wal-Mart Stores, Inc., Bentonville, AR
Rosa Clausell Rountree, Executive Director, Georgia State Road and Tollway Authority, Atlanta
Henry G. (Gerry) Schwartz, Jr., Senior Professor, Washington University, St. Louis, MO
C. Michael Walton, Ernest H. Cockrell Centennial Chair in Engineering, University of Texas, Austin
Steve Williams, Chairman and CEO, Maverick Transportation, Inc., Little Rock, AR
EX OFFICIO MEMBERS
Thad Allen (Adm., U.S. Coast Guard), Commandant, U.S. Coast Guard, Washington, DC
Thomas J. Barrett (Vice Adm., U.S. Coast Guard, ret.), Pipeline and Hazardous Materials 
Safety Administrator, U.S.DOT 
Marion C. Blakey, Federal Aviation Administrator, U.S.DOT
Joseph H. Boardman, Federal Railroad Administrator, U.S.DOT
John A. Bobo, Jr., Acting Administrator, Research and Innovative Technology Administration, U.S.DOT
Rebecca M. Brewster, President and COO, American Transportation Research Institute, Smyrna, GA
George Bugliarello, Chancellor, Polytechnic University of New York, Brooklyn, and Foreign Secretary, 
National Academy of Engineering, Washington, DC 
J. Richard Capka, Federal Highway Administrator, U.S.DOT
Sean T. Connaughton, Maritime Administrator, U.S.DOT
Edward R. Hamberger, President and CEO, Association of American Railroads, Washington, DC
John H. Hill, Federal Motor Carrier Safety Administrator, U.S.DOT 
John C. Horsley, Executive Director, American Association of State Highway and Transportation 
Officials, Washington, DC 
J. Edward Johnson, Director, Applied Science Directorate, National Aeronautics and Space Administration,
John C. Stennis Space Center, MS 
William W. Millar, President, American Public Transportation Association, Washington, DC 
Nicole R. Nason, National Highway Traffic Safety Administrator, U.S.DOT
Jeffrey N. Shane, Under Secretary for Policy, U.S.DOT
James S. Simpson, Federal Transit Administrator, U.S.DOT
Carl A. Strock(Lt. Gen., U.S. Army), Chief of Engineers and Commanding General, U.S. Army Corps of
Engineers, Washington, DC 
TCRP OVERSIGHT AND PROJECT
SELECTION COMMITTEE*
CHAIR
David A. Lee
Connecticut Transit
MEMBERS
Ann August
Santee Wateree Regional Transportation Authority
Linda J. Bohlinger
HNTB Corp.
Robert I. Brownstein
PB Consult, Inc.
Peter Cannito
Metropolitan Transportation Authority—Metro
North Railroad
Gregory Cook
Ann Arbor Transportation Authority
Nathaniel P. Ford
San Francisco MUNI
Ronald L. Freeland
Booz Allen Hamilton, Inc.
Fred M. Gilliam
Capital Metropolitan Transportation Authority
Kim R. Green
GFI GENFARE
Jill A. Hough
North Dakota State University
John Inglish
Utah Transit Authority
Jeanne W. Krieg
Eastern Contra Costa Transit Authority
Celia G. Kupersmith
Golden Gate Bridge, Highway and Transportation
District
Clarence W. Marsella
Denver Regional Transportation District
Faye L. M. Moore
Southeastern Pennsylvania Transportation
Authority
Stephanie L. Pinson
Gilbert Tweed Associates, Inc.
Robert H. Prince, Jr.
DMJM+Harris
Jeffrey M. Rosenberg
Amalgamated Transi",
DOTS Europa & Estados Unidos,5 DOT y planeación urbana (Gregor Wessels)/DOTS Europa & Estados Unidos/TOD-infrastructure-financing-report-2013.pdf,TOD-infrastructure-financing-report-2013.pdf,9286702,251,Infrastructure Financing Options for Transit-Oriented Development,US EPA | Office of Sustainanble Communities | Smart Growth,Infrastructure Financing Options for Transit-Oriented Development,US EPA | Office of Sustainanble Communities | Smart Growth,,A. Special Assessment District: New York Ave -Florida Ave -Gallaudet University Metrorail Station .18,,,,eng,", Q I U D V W U X F W X U H  ) L Q D Q F L Q J  2 S W L R Q V
I R U  7 U D Q V L W  2 U L H Q W H G  ' H Y H O R S P H Q W
- D Q X D U \     
Z Z Z  H S D  J R Y  V P D U W J U R Z W K
2 I I L F H  R I  6 X V W D L Q D E O H  & R P P X Q L W L H V
6 P D U W  * U R Z W K  3 U R J U D P

 
 
PROJECT CONTRIBUTORS  
FEDERAL PARTNERS  
Lee Sobel, EPA Office of Sustainable Communities, 1200 Pennsylvania Avenue, NW, Mail Code: 1807T,  
Washington DC  20460, Phone: 202.566.2851, Email: sobel.lee@epa.gov 
Melissa Kramer, EPA Office of Sustainable Communities
Anne Keller, EPA Region 4 
Ramona McConney, EPA Region 4 
Heinz Mueller, EPA Region 4 
Alan Powell, EPA Region 4 
Christopher Choi, EPA Region 5 
Stephanie Cwik, EPA Region 5 
Jon Grosshans, EPA Region 5 
Deborah Orr, EPA Region 5 
James Vanderkloot, EPA Region 5 
Cynthia Cody, EPA Region 8 
Elaine Lai, EPA Region 8 
Brian Gillen, HUD 
Pauline Zvonkovic, HUD 
Charles Goodman, DOT 
Michael Patella, DOT 
Dwayne Weeks, DOT 
Robert Buckley, Federal Transit Administration 
Keith Melton, Federal Transit Administration 
Jeff Price, Federal Transit Administration 
CONSULTANT TEAM  
Michael Matichich, CH2MHill 
Dena Belzer, Strategic Economics 
Sarah Graham, Strategic Economics 
Alison Nemirow, Strategic Economics 
Eli Pouch, Strategic Economics 
Ellen Greenberg, Arup 
Abigail Rolon, Arup 
 
COMMUNITY TEAM  
Malaika Rivers, Cumberland Community 
Improvement District 
Brantley Day, Cumberland Community 
Improvement District 
Tom Boland, Cumberland Community 
Improvement District 
Reggie Greenwood, South Suburban Mayors 
and Managers Association 
Janice Morrissy, South Suburban Mayors and 
Managers Association 
Dave Chandler, Center for Neighborhood 
Technology 
Dominic Tocci, Metropolitan Planning Council 
Christina Oliver, Utah Transit Authority 
Kathy Olson, Utah Transit Authority 
Matthew Sibul, Utah Transit Authority 
Nick Duerksen, Sandy City 
Kasey Dunlavy, Sandy City 
Jill Wilkerson-Smith, Redevelopment Agency of 
Salt Lake City 
Gabriel Epperson, Envision Utah 
Kevin Fayles, Envision Utah 
Christina Oostema, Envision Utah 
Kenneth Johnstone, City of Wheat Ridge 
Sarah Showalter, City of Wheat Ridge
Cover photos and credits: The Crossings, Gresham, Oregon (Metro, Portland, Oregon); Seattle South Lake Union Streetcar 
(Steve Morgan via Wikipedia); Denver Union Station (K_Gradinger via Flickr.com). Back cover photos and credits: Corvallis, 
Oregon (Wendell Ward via Flickr.com); Sacramento Regional Transit District light rail (Ian Britton via FreeFoto.com); White Flint 
Metrorail station (EPA).
 
 
 
  
   
  
  
   
    
    
   
 
   
   
    
     
    
   
     
     
   
     
      
    
   
          
   
   
     
    
     
    
TABLE OF CONTENTS 
FREQUENTLY USED ACRONYMS AND ABBREVIATIONS ........................................................................v
 
EXECUTIVE SUMMARY......................................................................................................................V
 
I. INTRODUCTION............................................................................................................................1
 
A. Transit-Oriented Development and Smart Growth .....................................................................2
 
B. The Benefits of TOD ...............................................................................................................2
 
C. The Challenge of Funding Infrastructure for TOD ......................................................................3
 
II. OVERVIEW OF TOOLS AND STRATEGIES FOR FUNDING AND FINANCING TOD INFRASTRUCTURE....5
 
A. Background on Infrastructure Funding and Financing ..................................................................5
 
B. Tools for Funding and Financing TOD Infrastructure ...................................................................7
 
III. CASE STUDIES: COMBINING FUNDING AND FINANCING SOURCES TO FORM STRATEGIES.............15
 
A. Special Assessment District: New York Ave -Florida Ave -Gallaudet University Metrorail Station .18
 
B. Joint Development: West Dublin BART Station ....................................................................... 22
 
C. Federal Loans, Grants, and Credit Enhancement: Denver Union Station .................................. 26
 
D. Special Assessment District: Downtown Stamford ................................................................... 32
 
E. Public-Private Partnership: The New Quincy Center................................................................ 36
 
F. Special Tax and Density Incentives: The White Flint Sector Plan ............................................. 41
 
G. Corridorwide Tax -Increment Financing: Atlanta BeltLine .......................................................... 48
 
H.	 Multistation Tax -Increment Financing: Dallas TOD TIF District ................................................. 54
 
I.	 Supporting TOD with Federal Transportation Grants: Transportation f",
DOTS Europa & Estados Unidos,5 DOT y planeación urbana (Gregor Wessels)/DOTS Europa & Estados Unidos/WMATA-TOD-Presentation072213.pdf,WMATA-TOD-Presentation072213.pdf,1341879,27,Microsoft PowerPoint - TOD Presentation to Md Sust Growth (7-22-2013),e003876,Microsoft PowerPoint - TOD Presentation to Md Sust Growth (7-22-2013),,2013,Presentation to the Maryland Sustainable Growth Commission,,,,eng,"Washington Metropolitan Area Transit Authority
WMATA Transit-Oriented 
Development in MarylandDevelopment in Maryland 
Presentation to the Maryland Sustainable Growth Commission
July 22 2013July 22, 2013
Goals
• WMATA Development Objectivespj
• Joint Development in Maryland
Pd O t i t i• Progress and Opportunities
• Keys to Success
• Case Studies: White Flint, Branch Avenue
• Taking ActionTaking Action
WMATA Development Objectives
Transit-Oriented Development Definition
Transit-oriented development, or 
Transit Oriented Development Definition
p,
TOD, is a type of community 
development that includes a 
mixture of housing, office, retail 
g, ,
and/or other commercial 
development and amenities 
integrated into a walkable
integrated into a walkable
neighborhood and located 
within a half-mile of quality 
public transportation
public transportation.
SOURCE: Center for Transit Oriented Development 
WMATA Development Objectives
Joint Development Definition
• A public transportation project 
Joint Development Definition
p pp j
that is integrally related to and 
often co-located with commercial, 
residential, or mixed-use 
,
development. 
• Joint development may include partnerships for public, private, 
and/or non-profit development associated with fixed guideway
(i l ) b t i t t t h t b i i d t h h(rail) or bus transit systems that are being improved through 
new construction, renovation, or extension. 
• Joint development may also include bus and intermodal• Joint development may also include bus and intermodal 
facilities, intercity bus and rail facilities, transit malls, and 
historic transportation facilities.
SOURCE:  Federal Transit Administration
WMATA Development Objectives
“TOD”vs “TAD”
• Transit-Oriented Development
TOD  vs. TAD
p
– Synergistic relationship between transit and development
– Development pattern enhances ridership, and 
vice versa
• Transit Adjacent Development
– Lack of synergy between transit and developmentLack of synergy between transit and development
– Transit happens to run through developed area but is unrelated 
to development pattern, and 
vice versa
• Successful TOD must consider the integrated effect of 
transit and office, multifamily, single-family, retail, mixed ,y , g y, ,
use, and – most importantly –placemaking.
WMATA Development Objectives
Joint Development Objectives
• Integrate WMATA's transit facilities
Joint Development Objectives
• Integrate WMATA s transit facilities
• Reduce automobile dependency
• Increase pedestrian/bicycle originated transit trips
• Foster safe station areas
• Enhance surrounding area connections to transit stations
• Provide mixed-use development including housing and theProvide mixed use development including housing and the 
opportunity to obtain goods and services near transit 
stations
• Offer active public spaces• Offer active public spaces
• Promote and enhance ridership
• Generate long-term revenues for WMATA
• Encourage revitalization and sound growth in the 
communities that WMATA serves
Progress and Opportunities
Montgomery County – ½ Mile from Metro
Montgomery County ½ Mile from Metro
Station Population Households Median Income Businesses Employees
Bethesda 7,273                         4,220 $82,108 2,872 39,897
Forest Glen 4,853                         1,962 $82,355 170 4,263
Friendship Heights 9,514                         5,086 $101,368 1,154 19,807
Glenmont 3 973 13 3 0 $69 306 52 420
Line
Glenmont 3,973                       1,330 $69,306 52 420
Grosvenor-Strathmore 4,725                         2,977 $76,779 91 853
Medical Center 1,346                         416 $120,890 330 3,311
Rockville 4,997                         2,168 $63,674 982 8,926
Shady Grove 1,786                         855 $109,458 196 3,015
Silver Spring 13,306                       7,608 $58,150 1,587 18,165
Twinbrook 4 860 21 1 3 $68 507 552 12 394Twinbrook 4,860                       2,113 $68,507 552 12,394
Wheaton 6,132                         2,269 $66,813 759 6,575
White Flint 3,478                         1,942 $90,346 855 15,256
TOTAL 66,243                       32,946                       9,600                         132,882                    
AVER AG E 5,520                         2,746                         $82,480 800                            11,074                      
7 560Ri l A $67 637 11 1 7 20 6433 5197,560Regional Averages: $67,637 1,117 20,6433,519
SOURCE: RCLCO, CLARITAS
Progress and Opportunities
Montgomery County Metro Stations
Montgomery County Metro Stations
DEVELOPMENT COMPLETE
UNDER DEVELOPMENT
2. White Flint
3. Twinbrook
1. Bethesda
UNDER NEGOTIATION
4. Shady Grove (Arena)
5. Glenmont  (West)
6. Silver Spring9
4
UPCOMING SOLICITATIONS
7. Grosvenor
PLANNING
5
2
8
11
3
PLANNING
8. Wheaton
FUTURE SITES
9. Rockville
8
7
6
9
10. Forest Glen
11. Glenmont (East)
61",
Planeación territorial,5 DOT y planeación urbana (Gregor Wessels)/Planeación territorial/land use and transport challenges for research and policy making.pdf,land use and transport challenges for research and policy making.pdf,185045,19,Microsoft Word - TRAIL2000 conference version.do,Antoine,12 December 2000,Antoine,2000,National Institute of Public Health and the Environment (RIVM),,,,eng,"Land use and transport: challenges for research and policy
making
Bert van Wee
National Institute of Public Health and the Environment (RIVM)
Utrecht University, Faculty of Geographical Sciences
Paper presented for the TRAIL 6th Annual PhD Congress and Knowledge Market
Transport, Infrastructure and Logistics,
Kurhouse Hotel, The Hague / Scheveningen, the Netherlands
12 December 2000
2
1. Introduction
The transport of humans answers people’s desire to participate in different activities (like
living, working, shopping and recreating) in different places. The t ransport of goods is
necessary because the different locations for mining, production in its several stages,
distribution and consumption of good differ. Land-use patterns therefore would seem to have
a potentially large impact on transport. However, there is no consensus about the impact of
land use on transport. For many years a scientific and a policy debate has been going on about
the possible impact of land use on transport. Some researchers conclude that land use may
have a significant impact on mobility, while others have found no or hardly any impact. Some
say influencing travel behaviour via land-use planning is an illusion, while others say it is a
very fundamental way to influence mobility (Banister, 1999). Besides – say some -  even if
land use does affect mobility, the impact is not important enough to play a role in the policy
debate, since other aspects, such as the desire of many people to live in lower density areas,
should get more emphasis.
And so the central questions posed in the debate are: (1) Does land use affect mobility? and
(2) If land use affects mobility, should land-use policies be partly based on (expected or
assumed) transport impacts? These questions have been raised fairly often. For example, the
Netherlands’ VROM Council (VROM-Raad, 1999), an advisory board for the Ministry of
Housing, Spatial Planning and the Environment, stated recently that influencing land-use
patterns is considered to be ineffective in reducing national mobility levels. Martens (2000) is
also  very sceptical about this item. He is concerned with transport-related mobility policy in
the Netherlands, focusing on the concept of the compact city and the so-called location policy.
Part of the location policy consists of building new offices near railway stations. Martens
concludes that both the compact city concept and the location policy lack a sound basis.
The purpose of this paper is to contribute to the discussion on the impact of land use on
transport and on the policy implications of this discussion. Many aspects and suggestions
have a somewhat speculative character and are not the result of extended scientific result.
The following three statements will play a central role:
1. Land use does affect mobility.
2. Land-use scenarios with the lowest level of car use are not necessarily the best scenarios;
for policy making a much broader evaluation is needed, including all costs and benefits.
3. In the discussion on land use and transport, the positive aspects receive too little attention;
especially accessibility should get more emphasis here.
Section 2 presents a conceptual model for passenger transport. Section 3 answers the
question: why, should and how can land use affect mobility? Section 4 focuses on the
literature on land-use impacts in transport. Section 5 discusses reasons for the differences in
conclusions between the studies. Section 6 represents a synthesis of literature as based on the
perspective of section 5 and put a broader evaluation of land-use scenario’s op the agenda.
Section 7 addresses several related challenges for research. Section 8 focuses on the policy
implications. Finally, section 9 presents the conclusions.
3
2. A conceptual model for personal transport 1
Given the overall population size and demographic characteristics, the total volume of
passenger transport and the split between transport modes depend on the locations of human
activities, the needs and desires of people and the transport resistances (generalised transport
costs). Locations are related to activities such as living, working, shopping, recreation and
education. The needs and desires of people are related to socio-economic and cultural factors.
Income is an important determinant, but not the only one. Availability of cultural facilities
such as museums within the travel distance might stimulate people to think about wanting to
visit them. Transport resistances are dependent on monetary factors, travel times, comfort and
reliability of all alternatives. Figure 1 illustrates the relationships between these determinant
categories.
Figure 1: Relationships between activity locations, needs and desires, transport
resistances and passenger transport.
Source: Van Wee (1997).
Figure 1 shows that all three categories are influential in all directions. Changes occurring in
one of the three categories of determinants, could have an impact on the complete system.
C",
Planeación territorial,5 DOT y planeación urbana (Gregor Wessels)/Planeación territorial/land use and transport planning New Zealand.pdf,land use and transport planning New Zealand.pdf,544212,118,RR 333. Integrating Land Use and Transport Planning,,RR 333. Integrating Land Use and Transport Planning,tion of its funds on research that contributes to this objective.,2007,"J Dixon, University of Auckland",,9780478287462,,eng,"Integrating land use and 
transport planning  
November 2007 
 
 
 
Land Transport New Zealand 
Research Report 333 

 
 
Integrating land use and 
transport planning  
 
 
 
 
 
 
M Ward, Ward-Wilson Research 
J Dixon, University of Auckland 
B Sadler, EA Worldwide (UK) 
J Wilson, Ward-Wilson Research and The Open Polytechnic of 
New Zealand 
 
 
 
 
 
 
 
 
 
 
 
 
 
 
 
 
 
 
 
 
 
 
 
Land Transport New Zealand Research Report 333 
 
 
 
ISBN 978-0-478-28746-2 
ISSN 1177–0600 
 
 
 
 
© 2007, Land Transport New Zealand 
PO Box 2840, Waterloo Quay, Wellington, New Zealand 
Telephone 64-4 931 8700; Facsimile 64-4 931 8701 
Email: research@landtransport.govt.nz  
Website: www.landtransport.govt.nz 
 
 
 
Ward, M.*, Dixon, J., Sadler, B., and Wilson, J.* 2007. Integrating land use 
and transport planning. Land Transport New Zealand Research Report 333. 
116pp. 
 
 
*Ward-Wilson Research, PO Box 9096, Wellington 
martinward@xtra.co.nz 
jessica.wilson@paradise.net.nz 
 
 
 
 
 
 
 
 
 
 
 
 
 
 
 
 
 
 
 
 
 
 
 
 
Keywords:  environment, integration, land  use, New Zealand, planning, 
sustainability, transport.  
 
 
An important note for the reader 
 
 
Land Transport New Zealand is a Crown entity established under the Land Transport 
New Zealand Amendment Act 2004. The objective of Land Transport New Zealand is to 
allocate resources in a way that contributes to an integrated, safe, responsive and 
sustainable land transport system. Each year, Land Transport New Zealand invests a 
portion of its funds on research that contributes to this objective.  
 
The research detailed in this report was commissioned by Land Transport New Zealand. 
 
While this report is believed to be correct at the time of its preparation, Land Transport 
New Zealand, and its employees and agents involved in its preparation and publication, 
cannot accept any liability for its contents or for any consequences arising from its use. 
People using the contents of the document, whether directly or indirectly, should apply 
and rely on their own skill and judgement. They should not rely on its contents in 
isolation from other sources of advice and information. If necessary, they should seek 
appropriate legal or other expert advice in relation to their own circumstances, and to 
the use of this report.  
 
The material contained in this report is the output of research and should not be 
construed in any way as policy adopted by Land Transport New Zealand but may be 
used in the formulation of future policy. 
 
 
 
 
Acknowledgments 
 
 
The researchers wish to thank the following for their assistance and support during the 
course of the project: Rosemary Barrington (Ministry of Transport), David Lee (Transit 
New Zealand), Dean McLaren (Ministry for the Environment), Anna Percy (Auckland 
Regional Transport Authority) and Don Wignall (Transport Futures Ltd.).  
 
The authors also wish to thank the Auckland Regional Transport Authority for 
permission to reproduce Figure 4.1 and the Christchurch City Council for permission to 
reproduce Figure 4.2.  
 
 
 
5 
Contents 
 
Executive summary ........................................................................................... 7  
Abstract............................................................................................................11  
1. Introduction ............................................................................................13  
1.1 Background ......................................................................................13 
1.2 Purpose of this report ........................................................................13  
1.3 Links to other research.......................................................................14  
1.4 Structure of report.............................................................................14  
2. Understanding land use and transport planning .......................................15 
2.1 Connections between land use and transport.........................................15  
2.2 The role of integration........................................................................17  
2.3 Barriers to integration........................................................................18  
3. New Zealand’s planning arrangements.....................................................21  
3.1 The changing role of planning .............................................................21  
3.2 Overview of current legislation ............................................................24 
3.3 Alignment of planning documents ........................................................25 
3.4 Recent legislative changes ..................................................................26 
3.5 The case of Auckland .........................................................................26 
4. Analysis of the New Zealand situation......................................................29  
4.1 Introduction .................................",
Planeación territorial,5 DOT y planeación urbana (Gregor Wessels)/Planeación territorial/TRB-landuse-VMT.pdf,TRB-landuse-VMT.pdf,1101705,180,NRCcolor cover.eps,jweeks,Transportation Research Board,,2009,"Academy of Sciences, the National Academy of Engineering, and the Institute of Medicine. The",,9780309142557,,eng,"Transportation Research Board
Special Report 298
Driving and the Built Environment
Prepublication Copy   Uncorrected Proofs
The Effects of Compact Development on
Motorized Travel, Energy Use, and CO2 Emissions
 
 
 
Driving and the Built Environment
Committee for the Study on the Relationships Among Development Patterns,
Vehicle Miles Traveled, and Energy Consumption
Transportation Research Board
Board on Energy and Environmental Systems
Transportation Research Board
Special Report 298
Transportation Research Board
Washington, D.C.
2009
www.TRB.org
The Effects of Compact Development on
Motorized Travel, Energy Use, and CO2 Emissions
 
Transportation Research Board Special Report 298 
 
Subscriber Category 
IB energy and environment 
 
Transportation Research Board publications are available by ordering individual publications 
directly from the TRB Business Office, through the Internet at www.TRB.org or national-
academies.org/trb, or by annual subscription through organizational or individual affiliation with 
TRB. Affiliates and library subscribers are eligible for substantial discounts. For further 
information, contact the Transportation Research Board Business Office, 500 Fifth Street, NW, 
Washington, DC 20001 (telephone 202-334-3213; fax 202-334-2519; or e-mail 
TRBsales@nas.edu).  
 
Copyright 2009 by the National Academy of Sciences. All rights reserved. 
Printed in the United States of America. 
 
NOTICE: The project that is the subject of this report was approved by the Governing Board of 
the National Research Council, whose members are drawn from the councils of the National 
Academy of Sciences, the National Academy of Engineering, and the Institute of Medicine. The 
members of the committee responsible for the report were chosen for their special competencies 
and with regard for appropriate balance. 
 This report has been reviewed by a group other than the authors according to the 
procedures approved by a Report Review Committee consisting of members of the National 
Academy of Sciences, the National Academy of Engineering, and the Institute of Medicine. 
 This study was sponsored by the U.S. Department of Energy. 
 
Library of Congress Cataloging-in-Publication Data 
 
Information will be provided in the printed publication. 
 
ISBN 978-0-309-14255-7 
 
 
 
 
 
The National Academy of Sciences is a private, nonprofit, self-perpetuating society of distinguished scholars 
engaged in scientific and engineering research, dedicated to the furtherance of science and technology and to 
their use for the general welfare. On the authority of the charter granted to it by the Congress in 1863, the 
Academy has a mandate that requires it to advise the federal government on scientific and technical matters. 
Dr. Ralph J. Cicerone is president of the National Academy of Sciences.  
 
The National Academy of Engineering was established in 1964, under the charter of the National Academy 
of Sciences, as a parallel organization of outstanding engineers. It is autonomous in its administration and in the 
selection of its members, sharing with the National Academy of Sciences the responsibility for advising the 
federal government. The National Academy of Engineering also sponsors engineering programs aimed at 
meeting national needs, encourages education and research, and recognizes the superior achievements of 
engineers. Dr. Charles M. Vest is president of the National Academy of Engineering. 
 
The Institute of Medicine was established in 1970 by the National Academy of Sciences to secure the services 
of eminent members of appropriate professions in the examination of policy matters pertaining to the health of 
the public. The Institute acts under the responsibility given to the National Academy of Sciences by its 
congressional charter to be an adviser to the federal government and, on its own initiative, to identify issues of 
medical care, research, and education. Dr. Harvey V. Fineberg is president of the Institute of Medicine. 
 
The National Research Council was organized by the National Academy of Sciences in 1916 to associate the 
broad community of science and technology with the Academy’s purposes of furthering knowledge and 
advising the federal government. Functioning in accordance with general policies determined by the Academy, 
the Council has become the principal operating agency of both the National Academy of Sciences and the 
National Academy of Engineering in providing services to the government, the public, and the scientific and 
engineering communities. The Council is administered jointly by both the Academies and the Institute of 
Medicine. Dr. Ralph J. Cicerone and Dr. Charles M. Vest are chair and vice chair, respectively, of the National 
Research Council. 
 
The Transportation Research Board is one of six major divisions of the National Research Council. The 
mission of the Transportation Research Board is to provide leadership in transportation innovation and progress 
thro",
Teoria DOTS,5 DOT y planeación urbana (Gregor Wessels)/Teoria DOTS/TODandEmploymentFINALMay2011.pdf,TODandEmploymentFINALMay2011.pdf,913184,28,Microsoft Word - TOD and Employment FINAL May 2011t.docx,ssrivastava,Transit-Oriented Development,,2011,"America and the Federal Transit Administration (FTA), U.S. Department of",,,,eng," 
 
 
 
 
 
 
 
 
 
 
 
Transit-Oriented Development  
(TOD) and Employment 
 
 
 
 
 
 
 
May 2011 

Center for Transit-Oriented Development 
Transit-Oriented Development and Employment 
 
 
 
 
 
About This Study 
 
Transit-Oriented Development and Employment was prepared by the Center for 
Transit-Oriented Development (CTOD).  The CTOD is the only national nonprofit 
effort dedicated to providing best practices, research and tools to support market-
based development in pedestrian-friendly communities near public transportation. 
We are a partnership of two national nonprofit organizations – Reconnecting 
America and the Center for Neighborhood Technology – and a research and 
consulting firm, Strategic Economics. Together, we work at the intersection of 
transportation planning, regional planning, climate change and sustainability, 
affordability, economic development, real estate and investment. Our goal is to 
help create neighborhoods where young and old, rich and poor, can live 
comfortably and prosper, with affordable and healthy lifestyle choices and ample 
and easy access to opportunity for all. 
Report Authors 
This report was prepared by Dena Belzer and Sujata Srivastava of Strategic 
Economics and the CTOD, Jeff Wood of Reconnecting America and the CTOD, 
and Ellen Greenberg of ARUP.  Copy-editing was performed by Derek Braun and 
John Hughes.     
Notice 
This report was funded through a cooperative agreement between Reconnecting 
America and the Federal Transit Administration (FTA), U.S. Department of 
Transportation.  The views and policies expressed herein do not necessarily 
represent the views or policies of the Federal Transit Administration.  The United 
States government assumes no liability for the contents or use of this report. 
Center for Transit-Oriented Development 
Transit-Oriented Development and Employment 
 
 
 
 
Table of Contents 
 
Executive Summary ......................................................................................................................... 4 
i. Introduction .................................................................................................................................... 6 
II. Transit and the Commute Trip ..................................................................................................... 7 
III. Employment Growth Patterns and Transit Ridership ................................................................ 10 
Decentralization Trends .......................................................................................................................... 10 
The Relationship between Transit Service and Employment Density ...................................................... 10 
Destination Form and Placemaking ........................................................................................................ 13 
Summary of Literature Review ................................................................................................................ 14 
v. Case Studies of Transit Systems and Regional Employment Patterns ..................................... 16 
Mapping Methodology ............................................................................................................................. 16 
Case Study Findings ................................................................................................................................ 16 
Implications for Transit Planning ........................................................................................................... 26 
Vi. Key Conclusions ....................................................................................................................... 26 
 
 
 
Center for Transit-Oriented Development 
Transit-Oriented Development and Employment 
 
 
 
-4- 
EXECUTIVE SUMMARY 
Historically, many regional transit systems were  designed in a “hub and spoke” pattern, focusing on 
moving residents from relatively low-density r esidential communities to a single high-density 
employment center – typically the region’s historic central business district (CBD).  In general, these 
systems have worked well for those workers with jobs in central cities.  The effectiveness of this kind of 
system hinges directly on the density of the jobs co-l ocated in close proximity to each other and within a 
short distance of transit stations.  
 
Although CBDs and downtowns remain important regi onal employment locations, American cities have 
experienced significant decentralization over the last 60 years, as job centers have shifted from urban 
downtowns to suburban communities.  This “employment sprawl” has he lped to generate much of the 
traffic congestion experienced across regions today, contributing to over 100 billion dollars in lost time 
and fuel every year.1 In addition to traffic congestion, there are other important impacts to the dispersal of 
jobs, such as increased infrastructure costs, the lo ss of open space, and ",
Teoria DOTS,5 DOT y planeación urbana (Gregor Wessels)/Teoria DOTS/WB TOD 113822-REVISED-4-17-MAIN-3Vapproach-orginal-Enhanc1.pdf,WB TOD 113822-REVISED-4-17-MAIN-3Vapproach-orginal-Enhanc1.pdf,24305668,268,World Bank Document,World Bank Group,Public Disclosure Authorized,World Bank Group,2017,© 2017 International Bank for Reconstruction and Development / The World Bank,,,,eng,"Public Disclosure Authorized
Public Disclosure Authorized
Public Disclosure Authorized
Public Disclosure Authorized

Transforming the Urban Space 
through Transit-Oriented  
Development 
The 3V Approach
MDTF Sustainable Urbanization 
Serge Salat and Gerald Ollivier
© 2017 International Bank for Reconstruction and Development / The World Bank
1818 H Street NW, Washington, DC 20433
Telephone: 202-473-1000; Internet: www.worldbank.org
Some rights reserved
1 2 3 4   18 17 16 15
This work is a product of the staff of The World Bank with external contributions. The ﬁndings, 
interpretations, and conclusions expressed in this work do not necessarily reﬂect the views of The World 
Bank, its Board of Executive Directors, or the governments they represent.
The World Bank does not guarantee the accuracy of the data included in this work. The boundaries, 
colors, denominations, and other information shown on any map in this work do not imply any judgment 
on the part of The World Bank concerning the legal status of any territory or the endorsement or 
acceptance of such boundaries.
Nothing herein shall constitute or be considered to be a limitation upon or waiver of the privileges and 
immunities of The World Bank, all of which are speciﬁcally reserved.
Rights and Permissions
This work is available under the Creative Commons Attribution 3.0 IGO license (CC BY 3.0 IGO) http://
creativecommons.org/licenses/by/3.0/igo. Under the Creative Commons Attribution license, you are 
free to copy, distribute, transmit, and adapt this work, including for commercial purposes, under the 
following conditions:
Attribution —Salat Serge and Ollivier Gerald, Transforming the Urban Space through Transit-Oriented 
Development: The 3V Approach, World Bank, Washington, DC. License: Creative Commons Attribution 
CC BY 3.0 IGO
Translations—If you create a translation of this work, please add the following disclaimer along with the 
attribution: This translation was not created by The World Bank and should not be considered an ofﬁcial 
World Bank translation. The World Bank shall not be liable for any content or error in this translation.
Adaptations—If you create an adaptation of this work, please add the following disclaimer along with the 
attribution: This is an adaptation of an original work by The World Bank. Views and opinions expressed in 
the adaptation are the sole responsibility of the author or authors of the adaptation and are not endorsed 
by The World Bank.
Third-party content—The World Bank does not necessarily own each component of the content con-
tained within the work. The World Bank therefore does not warrant that the use of any third-party-owned 
individual component or part contained in the work will not infringe on the rights of those third parties. The 
risk of claims resulting from such infringement rests solely with you. If you wish to re-use a component of 
the work, it is your responsibility to determine whether permission is needed for that re-use and to obtain 
permission from the copyright owner. Examples of components can include, but are not limited to, tables, 
ﬁgures, or images.
All queries on rights and licenses should be addressed to the Publishing and Knowledge Division, The 
World Bank, 1818 H Street NW,
Washington, DC 20433, USA; fax: 202-522-2625; e-mail: pubrights@worldbank.org.
Cover design: Françoise Labbé
Top picture: New York Midtown. © Françoise Labbé. Used with the permission of Françoise Labbé. Further 
permission required for reuse.
Below picture: Tokyo Flickr and Tweet map. © Eric Fischer. Used with the permission of Eric Fischer. Further 
permission required for reuse.
iii
Contents
Acknowledgments  .......................................................  ix
About the Authors  ....................................................... x i
Book at a Glance ......................................................... xiii
Message to City Leaders  .................................................. x v
Abbreviations ........................................................... x i x
Glossary ................................................................ x x i
Introduction ............................................................. 1
Benefits of Transit-Oriented Development ..................................  1
Making Cities More Competitive, Raising Real Estate Values,  
and Contributing to Growth  .........................................  1
Saving People Time and Money  .......................................  2
Reducing Greenhouse Gas Emissions and Increasing Resilience to  
Natural Hazards ...................................................  2
Principles of Transit-Oriented Development  ................................  2
Transit-Oriented Development at the City and Station Level  ...................  3
Typologies for Identifying Where, When, and How to Create Economic Value  .....  4
Traditional Transit-Oriented Development Typologies .......................  4
Going beyond Traditional Typologies",
Teoria DOTS,5 DOT y planeación urbana (Gregor Wessels)/Teoria DOTS/World Bank transit book 2013.pdf,World Bank transit book 2013.pdf,12024203,233,,,Sustainable Urban Development,3.0) http://creativecommons.org/licenses/by/3.0. Under the Creative Commons Attribution,2013,THE WORLD BANK,,9780821397459,10.1596/978-0-8213-9745-9,eng,"

T ransforming Cities 
with T ransit

T ransforming Cities 
with T ransit
Transit and Land-Use Integration for 
Sustainable Urban Development
THE WORLD BANK
Washington, DC
Hiroaki Suzuki
Robert Cervero
Kanako Iuchi
© 2013 International Bank for Reconstruction and Development / The World Bank
1818 H Street NW, Washington DC 20433
Telephone: 202-473-1000; Internet: www.worldbank.org
Some rights reserved
1 2 3 4  15 14 13 12
This work is a product of the staff of The World Bank with external contributions. Note that 
The World Bank does not necessarily own each component of the content included in the work. 
The World Bank therefore does not warrant that the use of the content contained in the work 
will not infringe on the rights of third parties. The risk of claims resulting from such infringe-
ment rests solely with you.
The findings, interpretations, and conclusions expressed in this work do not necessarily 
reflect the views of The World Bank, its Board of Executive Directors, or the governments they 
represent. The World Bank does not guarantee the accuracy of the data included in this work. 
The boundaries, colors, denominations, and other information shown on any map in this work 
do not imply any judgment on the part of The World Bank concerning the legal status of any 
territory or the endorsement or acceptance of such boundaries.
Nothing herein shall constitute or be considered to be a limitation upon or waiver of the 
privileges and immunities of The World Bank, all of which are specifically reserved.
Rights and Permissions
This work is available under the Creative Commons Attribution 3.0 Unported license (CC 
BY 3.0) http://creativecommons.org/licenses/by/3.0. Under the Creative Commons Attribution 
license, you are free to copy, distribute, transmit, and adapt this work, including for commercial 
purposes, under the following conditions:
Attribution—Please cite the work as follows: Suzuki, Hiroaki, Robert Cervero, and Kanako 
Iuchi. 2013. Transforming Cities with Transit: Transit and Land-Use Integration for Sustain-
able Urban Development. Washington, DC: World Bank. DOI: 10.1596/978-0-8213-9745-9
License: Creative Commons Attribution CC BY 3.0.
Translations—If you create a translation of this work, please add the following disclaimer along 
with the attribution: This translation was not created by The World Bank and should not be 
considered an official World Bank translation. The World Bank shall not be liable for any 
content or error in this translation.
All queries on rights and licenses should be addressed to the Office of the Publisher, The World 
Bank, 1818 H Street NW, Washington, DC 20433, USA; fax: 202-522-2625; e-mail: pubrights@
worldbank.org.
ISBN (paper): 978-0-8213-9745-9
ISBN (electronic): 978-0-8213-9750-3
DOI: 10.1596/978-0-8213-9745-9
Cover photo: Bogota, Colombia; photo taken by Karl Fjellstrom, ITDP  
(www.transportphoto.net)
Cover design: Debra Naylor
Library of Congress Cataloging-in-Publication Data
Suzuki, Hiroaki, 1951– 
 Transforming cities with transit : transit and land-use integration for sustainable urban  
development / Hiroaki Suzuki, Robert Cervero, and Kanako Iuchi. 
  p. cm. —  (Urban development series) 
 Includes bibliographical references and index. 
 ISBN 978-0-8213-9745-9 (alk. paper) — ISBN 978-0-8213-9750-3 (electronic : alk. paper) 
 1. City planning. 2. Sustainable urban development. 3. Urban transportation. 4. Land 
use. I. Title.  
 HT166.S96 2013 
 307.1’216—dc23  
 2012045174

v
Contents
Acknowledgments xi
About the Authors xv
Abbreviations xvii
Glossary xix
Message to City Leaders in Developing Countries xxii
Overview 1
Transit and Land-Use Integration 3
Global Best Cases of Transit and Land-Use Integration 3
Lessons from Case Studies in Developing Countries 7
Toward Transit and Land-Use Integration 14
Core Lessons on Transit Investments and Urban Growth 20
Roles of Development Financial Institutions 21
Conclusion 21
References 23
1.  Introduction: Critical Challenges Facing Cities and 
Urban Transport  25
Expanding Cities, Shrinking Green Space  26
Cities for Cars, Not for People  29
Integrating Transit and Land Use toward Sustainable Urban
 Development 33
Study Objectives, Framework, and Methodology  42
Structure of This Book 45
Notes  45
References 46
vi   Transforming Cities with Transit
2. Lessons from Sustainable Transit-Oriented Cities 49
Transit and Land-Use Integration in Adaptive Cities  52
Integrating Transit and Land-Use Planning through Adaptive Transit
 and Bus Rapid Transit  82
Conclusion 89
Note  91
References 91
3.  Integrating Transit and Urban Development  
in Cities in the Developing World 95
Ahmedabad: A City at a Critical Juncture 96
Bogota: Beyond TransMilenio  109
Guangzhou: Adaptive Bus Rapid Transit 129
Ho Chi Minh City: Building a Green Transit Corridor  138
Notes  142
References  145
4. Toward Sustainable Urban Futures 147
Barriers to Integrating Transit and Urban Development 147
The Challenge of Inclusive Transit-Or",
Desarrollo orientado al tranporte sustentable,5 DOT y planeación urbana (Gregor Wessels)/Teoria DOTS/Desarrollo orientado al tranporte sustentable/DOTS_bibliografia_glosario_creditos.pdf,DOTS_bibliografia_glosario_creditos.pdf,2582564,12,,,DOTS_bibliografia_glosario_creditos,,,,,,,,"






",
Desarrollo orientado al tranporte sustentable,5 DOT y planeación urbana (Gregor Wessels)/Teoria DOTS/Desarrollo orientado al tranporte sustentable/DOTS_Quienes_Participan_Agradecimientos.pdf,DOTS_Quienes_Participan_Agradecimientos.pdf,3483932,16,,,DOTS_Quienes_Participan_Agradecimientos,,,,,,,,"






",
Desarrollo orientado al tranporte sustentable,5 DOT y planeación urbana (Gregor Wessels)/Teoria DOTS/Desarrollo orientado al tranporte sustentable/DOTS_seccion1_porque_importante.pdf,DOTS_seccion1_porque_importante.pdf,1931899,8,,,DOTS_seccion1_porque_importante,,,,,,,,"






",
Desarrollo orientado al tranporte sustentable,5 DOT y planeación urbana (Gregor Wessels)/Teoria DOTS/Desarrollo orientado al tranporte sustentable/DOTS_seccion2_a_que_es.pdf,DOTS_seccion2_a_que_es.pdf,5809267,26,,,DOTS_seccion2_a_que_es,,,,,,,,"






",
Desarrollo orientado al tranporte sustentable,5 DOT y planeación urbana (Gregor Wessels)/Teoria DOTS/Desarrollo orientado al tranporte sustentable/DOTS_seccion2_b_que_es.pdf,DOTS_seccion2_b_que_es.pdf,5822473,24,,,DOTS_seccion2_b_que_es,,,,,,,,"






",
Desarrollo orientado al tranporte sustentable,5 DOT y planeación urbana (Gregor Wessels)/Teoria DOTS/Desarrollo orientado al tranporte sustentable/DOTS_seccion3_como_hacer.pdf,DOTS_seccion3_como_hacer.pdf,4355621,20,,,DOTS_seccion3_como_hacer,,,,,,,,"






",
Desarrollo orientado al tranporte sustentable,5 DOT y planeación urbana (Gregor Wessels)/Teoria DOTS/Desarrollo orientado al tranporte sustentable/DOTS_seccion4_hacia_donde_vamos_0.pdf,DOTS_seccion4_hacia_donde_vamos_0.pdf,824230,4,,,DOTS_seccion4_hacia_donde_vamos_0,,,,,,,,"


",
Desarrollo orientado al tranporte sustentable,5 DOT y planeación urbana (Gregor Wessels)/Teoria DOTS/Desarrollo orientado al tranporte sustentable/DOTS_seccion5_anexos.pdf,DOTS_seccion5_anexos.pdf,8253992,36,,,DOTS_seccion5_anexos,,,,,,,,"






",
Smart Growth,5 DOT y planeación urbana (Gregor Wessels)/Teoria DOTS/Smart Growth/Driven Apart How sprawl is lengthening our commutes and why misleading mobility measures.pdf,Driven Apart How sprawl is lengthening our commutes and why misleading mobility measures.pdf,342928,20,,,D R I V E N,,2010,Funded by the Rockefeller Foundation,,,,eng,"D R I V E N
A P A R T
HOW SPRAWL IS LENGTHENING OUR COMMUTES AND 
WHY MISLEADING MOBILITY MEASURES ARE MAKING 
THINGS WORSE.
EXECUTIVE SUMMARY
Joe Cortright, Senior Policy Advisor for CEOs for Cities
Funded by the Rockefeller Foundation
September 2010

While peak hour travel is a perennial headache for many Americans – 
peak hour travel times average 200 hours a year in large metropolitan 
areas – some cities have managed to achieve shorter travel times 
and actually reduce the peak hour travel times. The key is that some 
metropolitan areas have land use patterns and transportation systems 
that enable their residents to take shorter trips and minimize the 
burden of peak hour travel. 
That’s not the conclusion promoted by years of highway-oriented 
transportation research. The Urban Mobility Report (UMR) produced 
annually by the Texas Transportation Institute and widely used to 
gauge metropolitan traffic problems has completely overlooked 
the role that variations in travel distances play in driving urban 
transportation problems. 
The secret to reducing the amount of 
time Americans spend in peak hour 
traffic has more to do with how we 
build our cities than how we build 
our roads. 
This report offers a new view of urban transportation performance. 
It explores the key role that land use and variations in travel distances 
play in determining how long Americans spend in peak hour travel. 
It shows how the key tool contained in the Urban Mobility Report – 
the Travel Time Index – actually penalizes cities that have shorter 
travel distances and conceals the additional burden caused by 
longer trips in sprawling metropolitan areas. Finally, it critically 
examines the reliability and usefulness of the methodology used in 
the Urban Mobility Report, finding it does not accurately estimate 
travel speeds, it exaggerates travel delays, and it overestimates the 
fuel consumption associated with urban travel. How we measure 
transportation systems matters, and the nation needs a better set of 
measures than it has today.
> Travelers in some cities – those with more compact development patterns – tend to spend less 
time in peak hour traffic because they don't have to travel as far. 
> IF EVERY ONE OF THE TOP 50 METRO AREAS 
ACHIEVED THE SAME LEVEL OF PEAK 
HOUR TRAVEL DISTANCES AS THE BEST 
PERFORMING CITIES, THEIR RESIDENTS 
WOULD DRIVE ABOUT 40 BILLION FEWER 
MILES PER YEAR AND USE TWO BILLION 
FEWER GALLONS OF FUEL, AT A SAVINGS OF
 $31 BILLION ANNUALLY.
> In the best performing cities the typical traveler spends 40 fewer hours per year in peak hour 
travel than the average American because of the shorter distances they have to travel. 
In the best performing cities – those that have achieved the shortest peak hour travel distances – such 
as Chicago, Portland and Sacramento, the typical traveler spends 40 fewer hours per year in peak 
hour travel than the average American. In contrast, in the most sprawling metropolitan areas, such as 
Nashville, Indianapolis and Raleigh, the average resident spends as much as 240 hours per year in peak 
period travel because travel distances are so much greater. These data suggest that reducing average 
trip lengths is a key to reducing the burden of peak period travel. Over the past two decades, for example, 
Portland, Oregon, which has smart land use planning and has invested in alternative transportation, has 
seen its average trip lengths decline by 20 percent.
5
HOW LAND USE PATTERNS AND TRAVEL 
DISTANCE AFFECT PEAK TRAFFIC
The following chart shows the nation’s 51 largest metropolitan areas, all with a population of one million 
or more, and the average amount of peak period travel per traveler in hours per year. The dark-shaded 
portion of each bar illustrates the number of additional hours of travel that are associated with longer 
travel distances, compared to the most compact metropolitan areas. 
The additional travel time associated with longer average trip distances is the chief determinant of 
which metropolitan areas have the longest travel times. Longer trip distances add 80 hours a year or more 
to peak travel times in Nashville, Oklahoma City, Richmond, and Birmingham. Areas with the shortest 
average travel distances, including Chicago, New Orleans, Sacramento and New York, have among the 
lowest total hours of peak period travel.
These results are a stark contrast to the picture of urban transportation painted by the UMR, which 
has long been used to measure traffic problems and compare cities. A close examination shows that the 
UMR has a number of key flaws that misstate and exaggerate the effects of congestion, and it ignores 
the critical role that sprawl and travel distances play in aggravating peak period travel. 
RANKING METROPOLITAN AREAS ON PEAK 
PERIOD TRAVEL TIMES
TRAVEL TIME
INDEX 
CONGESTION TRAVEL TIME
FREE FLOW TRAVEL TIME
THE TRAVEL TIME INDEX MAKES NO 
ALLOWANCE FOR THE EFFECTS OF 
LONGER TRAVEL DISTANCES ON
TRAVEL TIMES.
Number of a",
Smart Growth,5 DOT y planeación urbana (Gregor Wessels)/Teoria DOTS/Smart Growth/LA law to taclke sprawl and global warming.pdf,LA law to taclke sprawl and global warming.pdf,54790,1,Los Angeles Times: Legislat...,Carlos Pardo,Los Angeles Times: Legislat...,Carlos Pardo,2008,,,,,eng,"http://www.latimes.com/news/science/environment/la-me-sprawl21-2008aug21,0,7950716.story
From the Los Angeles Times
Legislature takes aim at urban sprawl and global warming
A bill calling for financial incentives to target greenhouse gases would be the first in the nation.
By Margot Roosevelt
Los Angeles Times Staff Writer
August 21, 2008
Will Californians drive less to reduce global warming? Maybe not on our own -- but state officials are ready to nudge us.
The Legislature is on the verge of adopting the nation's first law to control planet-warming gases by curbing sprawl. The bill, sponsored by incoming
state Senate leader Darrell Steinberg (D-Sacramento), is expected to pass the Assembly today and the Senate on Friday.
Gov. Arnold Schwarzenegger has not taken a position on the bill, but sponsors expect him to sign it once the state passes a budget.
The legislation, SB 375, would offer incentives to steer public funds away from sprawled development. The state spends about $20 billion a year on
transportation, and under the new law, projects that meet climate goals would get priority.
An earlier version of the bill was blocked last year by the building industry and by organizations representing cities and counties. Developers feared
their suburban projects would be delayed or halted. Local officials were wary of ceding zoning powers and transportation planning to the state.
But momentum for the legislation has grown as the state seeks to implement its landmark 2006 global warming law, which would slash California's
greenhouse gas emissions to 1990 levels by 2020, a 30% cut from expected emissions. To accomplish that, state officials say, fuel-efficient cars and
factories won't be enough. Subdivisions, commercial centers and highways must be planned so that Californians can live and work closer together,
reducing the amount they drive.
""Our communities must change the way they grow,"" Steinberg said.
A compromise 17,000-word bill was hammered out this month and endorsed by builders, environmentalists and local officials. It requires the state's
17 metropolitan planning organizations and its regional transportation plans to meet concrete targets to reduce global-warming emissions. The targets
will be set by the state Air Resources Board. ""California led the way into our culture of car dependence, so it is only appropriate that the state lead
the way out,"" said David Goldberg, a spokesman for Smart Growth America, a Washington-based nonprofit. The law could ""provide a model for
other states,"" he added, noting that the number of miles Americans drive has risen at more than double the rate of population growth in recent
decades.
Scientists agree that the earth is heating up at a dangerous pace, in part because of excess car bon dioxide and other gases from vehicles, power
plants and other human sources. The expected effects in California include coastal flooding from rising sea levels, reduced water supply and the
disappearance of many species of plants and animals, according to researchers.
The legislation would lead to better-designed communities and save consumers on gas bills, advocates said. Thomas Adams, board president of the
California League of Conservation Voters, called it the most important land-use bill in California since the Coastal Act in the 1970s. ""It is also the
first legislation to link transportation funding with climate policy,"" he said.
margot.roosevelt@
latimes.com
If you want other stories on this topic, search the Archives at latimes.com/archives.
Article licensing and reprint options
Copyright 2008 Los Angeles Times | Privacy Policy | Terms of Service
Home Delivery | Advertise | Archives | Contact | Site Map | Help
partners:    
 
Los Angeles Times: Legislature takes aim at urban sprawl and global warming http://www.latimes.com/news/science/environment/la-me-sprawl21-200...
1 of 1 28/08/2008 05:03 PM
",
Smart Growth,5 DOT y planeación urbana (Gregor Wessels)/Teoria DOTS/Smart Growth/landuse-globalwarming-GrowingCooler9-18-07small.pdf,landuse-globalwarming-GrowingCooler9-18-07small.pdf,5308635,158,Microsoft Word - GrowingCooler9-18-07-STEVE.doc,Steve Davis,"Reid Ewing, Keith Bartholomew, Steve Winkelman,",Steve Davis,2007,Publisher: Urban Land Institute,,,,eng," 
Growing Cooler: The Evidence on 
Urban Development and Climate 
Change  
Reid Ewing, Keith Bartholomew, Steve Winkelman,  
Jerry Walters, and Don Chen 
 
with Barbara McCann and David Goldberg 
 
 
 
 
 
 
 
 
 
 
 
 
 
 
 
 
 
 
 
 
 
      
       
       
  
 
This new book documents how key changes in land development patterns could help reduce vehicle 
greenhouse gas emissions. Based on a comprehensive review of dozens of studies by leading urban 
planning researchers, the book concludes that urban development is both a key contributor to climate 
change and an essential factor in combating it. The authors make the case that one of the best ways to 
reduce vehicle travel is compact development: building places in which people can get from one place to 
another without driving. This includes developments with a mix of uses and pedestrian-friendly designs. 
Changing demographics, shrinking households, rising gas prices, and lengthening commutes are 
contributing to the demand for smaller homes and lots, townhouses, and condominiums near jobs and 
other activities. Current government policies and regulations encourage sprawling, auto-dependent 
development. The book recommends changes that can be made to make green neighborhoods more 
available and more affordable.  
 
Urban Planning, approximately 60 pages, 6 x 9 Paper, $19.95 (CAN $23.95) 978-0-87420-082-9 
Publication Date: October 2007 
Publisher: Urban Land Institute 
Publicity Contact: Patricia Riggs (202) 624-7086 E-mail: priggs@uli.org  
Distributed by Independent Publishers Group 
814 N. Franklin Street 
Chicago, IL 60610 
 
 
 
 
 
 
 
 
 
 
 
 
 
 
 
 
 
 
 
 
Growing Cooler: The Evidence on 
Urban Development and Climate 
Change  
Reid Ewing, Keith Bartholomew, Steve Winkelman,  
Jerry Walters, and Don Chen 
 
with Barbara McCann and David Goldberg 
 
 
 
 
 
 
 
 
 
 
 
 
 
 
 
 
 
The policy recommendations presented in this book do not 
necessarily reflect the opinions of the Urban Land Institute. 
 
Copyright © 2007 by ULI–the Urban Land Institute 
 
All rights reserved. No part of this book may be reproduced in any form or by any means, including 
photocopying and recording, or by any information storage and retrieval system, without written 
permission of the publisher. 
 
ULI–the Urban Land Institute 
1025 Thomas Jefferson Street, N.W. 
Washington, D.C. 20007-5201 
 
ISBN: 978-0-87420-082-2 
 
ULI Project Staff 
Rachelle L. Levitt 
Executive Vice President, Information Group 
Publisher 
 
Nancy H. Stewart 
Director, Book Program 
Managing Editor 
 
Lori Hatcher 
Managing Director, Publications Marketing 
 
Julie D. Stern 
JDS Communications 
Manuscript Editor 
 
Betsy Van Buskirk 
Art Director 
 
Craig Chapman 
Director, Publishing Operations 
 
 
 
 
About ULI 
 
The mission of the Urban Land Institute is to provide leadership in the responsible use of land 
and in creating and sustaining thriving communities worldwide. ULI is committed to  
 
• Bringing together leaders from across the fields of real estate and land use policy to 
exchange best practices and serve community needs; 
 
• Fostering collaboration within and beyond ULI’s membership through mentoring, 
dialogue, and problem solving; 
 
• Exploring issues of urbanization, conservation, regeneration, land use, capital formation, 
and sustainable development; 
 
• Advancing land use policies and design practices that respect the uniqueness of both built 
and natural environments; 
 
• Sharing knowledge through education, applied research, publishing, and electronic 
media; and 
 
• Sustaining a diverse global network of local practice and advisory efforts that address 
current and future challenges. 
 
Established in 1936, the Institute today has some 38,000 members in over 90 countries, 
representing the entire spectrum of the land use and development disciplines. ULI relies heavily 
on the experience of its members. It is through member involvement and information resources 
that ULI has been able to set standards of excellence in development practice. The Institute has 
long been recognized as one of the world’s most respected and widely quoted sources of 
objective information on urban planning, growth, and development.  
 
 
 
 
 
 
 
 
 
 
 
 
 
About the Authors  
 
Reid Ewing is a research professor at the National Center for Smart Growth, University of Maryland; 
an associate editor of the Journal of the American Planning Association; a columnist for Planning 
magazine; and a fellow of the Urban Land Institute. Earlier in his career, he served two terms in the 
Arizona legislature, analyzed urban policy issues at the Congressional Budget Office, and lived and 
worked in Ghana and Iran.  
 
Keith Bartholomew is an assistant professor of urban planning in the University of Utah’s 
College of Architecture + Planning. An environmental lawyer, he worked for ten years as the 
staff attorney for 1000 Friends of Oregon, where he directed “Making the Land Use, 
Transportatio",
Smart Growth,5 DOT y planeación urbana (Gregor Wessels)/Teoria DOTS/Smart Growth/smart growth - economic_success.pdf,smart growth - economic_success.pdf,906423,30,"Smart Growth and Economic Success: Strategies for Real Estate Developers, Investors, Businesses, and Local Governments",U.S. EPA;Office of Sustainable Communities,"Smart Growth and Economic Success: Strategies for Real Estate Developers, Investors, Businesses, and Local Governments",U.S. EPA;Office of Sustainable Communities,2012,"Growth Network, an organization of diverse partners who work to encourage development that benefits",,,,eng,"United States
Environmental Protection
Agency
December 2012 
www.epa.gov/smartgrowth
SMART GROWTH AND ECONOMIC SUCCESS:  
BENEFITS FOR REAL ESTATE DEVELOPERS, INVESTORS, 
BUSINESSES, AND LOCAL GOVERNMENTS
Office of Sustainable Communities
Smart Growth Program
Acknowledgments 
This report was prepared by the EPA’s Office of Sustainable Communities with the assistance of 
Renaissance Planning Group under contract number EP-W-11-009/010/11. 
Principal Staff Contacts: Melissa Kramer and Lee Sobel 
Mention of trade names, products, or services does not convey official EPA approval, endorsement, or 
recommendation. 
 
 
 
 
 
 
 
 
 
 
 
 
 
 
 
Cover photos (left to right, top to bottom): Barracks Row in Washington, D.C., courtesy of Lee Sobel; 
TRAX light rail in Sandy, Utah, courtesy of Melissa Kramer; Mission Creek Senior Community in San 
Francisco, California, courtesy of Alan Karchmer and Mercy Housing Inc. 
 
 
Table of Contents 
Executive Summary ........................................................................................................................................ i 
I. Economic Advantages of Smart Growth Strategies .............................................................................. 1 
II. Economic Advantages of Compact Development ................................................................................. 4 
A. Higher Revenue Generation per Acre of Land .................................................................................. 4 
B. Infrastructure and Service Delivery Cost Savings ............................................................................. 4 
C. Redevelopment and Reuse Opportunities ........................................................................................ 7 
D. Economic Productivity and Job Creation ........................................................................................ 10 
III. Economic Advantages of Walkability .............................................................................................. 11 
A. Price Premium ................................................................................................................................. 11 
B. Economic Revitalization .................................................................................................................. 13 
IV. Economic Advantages of a Diverse Range of Choices .................................................................... 15 
A. Meeting Market Demand................................................................................................................ 15 
B. Responding to Changing Demographics ......................................................................................... 16 
C. Reducing Housing and Transportation Costs .................................................................................. 21 
V. Conclusion ........................................................................................................................................... 24 
 
 
i 
Executive Summary 
Smart growth development is compact and walkable and provides a diverse range of choices in land 
uses, building types, transportation, homes, workplace locations, and stores. Such development projects 
are attractive to private-sector interests because they can find a ready market and compete financially. 
They appeal to local governments because they can be the building blocks of a growing economy and 
high-quality, economically sustainable neighborhoods and communities while also helping to create a 
cleaner, healthier environment. Some of the advantages for developers, communities, and local 
governments associated with smart growth include:  
• Compact development: Using land and resources more efficiently and redeveloping old or 
neglected areas while retaining existing infrastructure can create economic advantages for real 
estate developers and investors, businesses, and local governments. Compact development can 
generate more revenue per acre because it uses land more efficiently. It can reduce the costs of 
land and infrastructure for individual projects and the costs of providing fire and police 
protection, utilities, schools, and other public amenities. By locating companies closer together, 
compact development can create a density of employment that increases economic productivity 
and attracts additional investment.  
• Walkability: Walkable neighborhoods have well-connected streets and a mix of land uses near 
each other, making not only walking but also bicycling and transit more convenient and 
appealing. Projects in walkable neighborhoods command a price premium, earning real estate 
developers and investors a higher return on investment. Improvements to streets and sidewalks 
to make them more appealing to pedestrians can benefit local businesses by attracting more 
customers. In turn, local governments benefit through additional property and sales tax 
revenue.  
• Range of choices: People ",
Smart Growth,5 DOT y planeación urbana (Gregor Wessels)/Teoria DOTS/Smart Growth/Smart Growth vs travel demand - SHRP2_S2-C16-RR-1.pdf,Smart Growth vs travel demand - SHRP2_S2-C16-RR-1.pdf,30647132,160,SHRP 2 Report S2-C16-RR-1,Maren Outwater and Colin Smith; Jerry Walters and Brian Welch; Robert Cervero; Kara Kockelman; J. Richard Kuzmyak,SHRP 2 Report S2-C16-RR-1,Maren Outwater and Colin Smith; Jerry Walters and Brian Welch; Robert Cervero; Kara Kockelman; J. Richard Kuzmyak,2014,"Chair: Kirk T. Steudle, Director, Michigan Department of Transportation, Lansing",,9780309272889,,eng,"Accelerating solutions for highway safety, renewal, reliability, and capacity
2014 Effect of Smart Growth Policies on Travel Demand
65+ pages; Perfect Bind with SPINE COPY or 0–64 pages; Saddlewire (NO SPINE COPY)
Effect of Smart 
Growth Policies 
on Travel Demand
REPORT S2-C16-RR-1
TransporTaTion research Board 2014 execuTive commiTTee*
OFFICERS
Chair: Kirk T. Steudle, Director, Michigan Department of Transportation, Lansing
ViCe Chair: Daniel Sperling, Professor of Civil Engineering and Environmental Science and Policy; Director, Institute of Transportation Studies, 
University of California, Davis
exeCutiVe DireCtor: Robert E. Skinner, Jr., Transportation Research Board
MEMBERS
Victoria A. Arroyo, Executive Director, Georgetown Climate Center, and Visiting Professor, Georgetown University Law Center, Washington, D.C.
Scott E. Bennett, Director, Arkansas State Highway and Transportation Department, Little Rock
Deborah H. Butler, Executive Vice President, Planning, and CIO, Norfolk Southern Corporation, Norfolk, Virginia (Past Chair, 2013)
James M. Crites, Executive Vice President of Operations, Dallas–Fort Worth International Airport, Texas
Malcolm Dougherty, Director, California Department of Transportation, Sacramento
A. Stewart Fotheringham, Professor and Director, Centre for Geoinformatics, School of Geography and Geosciences, University of St. Andrews, 
Fife, United Kingdom
John S. Halikowski, Director, Arizona Department of Transportation, Phoenix
Michael W. Hancock, Secretary, Kentucky Transportation Cabinet, Frankfort
Susan Hanson, Distinguished University Professor Emerita, School of Geography, Clark University, Worcester, Massachusetts 
Steve Heminger, Executive Director, Metropolitan Transportation Commission, Oakland, California
Chris T. Hendrickson, Duquesne Light Professor of Engineering, Carnegie Mellon University, Pittsburgh, Pennsylvania
Jeffrey D. Holt, Managing Director, Bank of Montreal Capital Markets, and Chairman, Utah Transportation Commission, Huntsville, Utah
Gary P. LaGrange, President and CEO, Port of New Orleans, Louisiana
Michael P. Lewis, Director, Rhode Island Department of Transportation, Providence
Joan McDonald, Commissioner, New York State Department of Transportation, Albany
Abbas Mohaddes, President and CEO, Iteris, Inc., Santa Ana, California
Donald A. Osterberg, Senior Vice President, Safety and Security, Schneider National, Inc., Green Bay, Wisconsin
Steven W. Palmer, Vice President of Transportation, Lowe’s Companies, Inc., Mooresville, North Carolina
Sandra Rosenbloom, Professor, University of Texas, Austin (Past Chair, 2012)
Henry G. (Gerry) Schwartz, Jr., Chairman (retired), Jacobs/Sverdrup Civil, Inc., St. Louis, Missouri
Kumares C. Sinha, Olson Distinguished Professor of Civil Engineering, Purdue University, West Lafayette, Indiana
Gary C. Thomas, President and Executive Director, Dallas Area Rapid Transit, Dallas, Texas
Paul Trombino III, Director, Iowa Department of Transportation, Ames
Phillip A. Washington, General Manager, Regional Transportation District, Denver, Colorado
EX OFFICIO MEMBERS
Thomas P. Bostick, (Lt. General, U.S. Army), Chief of Engineers and Commanding General, U.S. Army Corps of Engineers, Washington, D.C.
Alison J. Conway, Assistant Professor, Department of Civil Engineering, City College of New York, New York, and Chair, TRB Young 
Members Council
Anne S. Ferro, Administrator, Federal Motor Carrier Safety Administration, U.S. Department of Transportation
David J. Friedman, Acting Administrator, National Highway Traffic Safety Administration, U.S. Department of Transportation
LeRoy Gishi, Chief, Division of Transportation, Bureau of Indian Affairs, U.S. Department of the Interior, Washington, D.C.
John T. Gray II, Senior Vice President, Policy and Economics, Association of American Railroads, Washington, D.C.
Michael P. Huerta, Administrator, Federal Aviation Administration, U.S. Department of Transportation
Paul N. Jaenichen, Sr., Acting Administrator, Maritime Administration, U.S. Department of Transportation
Therese W. McMillan, Acting Administrator, Federal Transit Administration
Michael P. Melaniphy, President and CEO, American Public Transportation Association, Washington, D.C.
Gregory Nadeau, Acting Administrator, Federal Highway Administration, U.S. Department of Transportation
Cynthia L. Quarterman, Administrator, Pipeline and Hazardous Materials Safety Administration, U.S. Department of Transportation
Peter M. Rogoff, Under Secretary for Policy, U.S. Department of Transportation
Craig A. Rutland, U.S. Air Force Pavement Engineer, Air Force Civil Engineer Center, Tyndall Air Force Base, Florida
Joseph C. Szabo, Administrator, Federal Railroad Administration, U.S. Department of Transportation
Barry R. Wallerstein, Executive Officer, South Coast Air Quality Management District, Diamond Bar, California
Gregory D. Winfree, Assistant Secretary for Research and Technology, Office of the Secretary, U.S. Department of Transportation
F",
Smart Growth,5 DOT y planeación urbana (Gregor Wessels)/Teoria DOTS/Smart Growth/Smart-growth-this-is-smart-growth.pdf,Smart-growth-this-is-smart-growth.pdf,2523020,32,This Is Smart Growth,The Smart Growth Network,This Is Smart Growth,The Smart Growth Network,1995,Any individual or organization interested in ﬁ nd-,,,,eng,"Is
This
Smart
Growth

About the Smart Growth Network
The Smart Growth Network (SGN) is a network 
of private, public, and non-governmental partner 
organizations seeking to improve development 
practices in neighborhoods, communities, and 
regions across the United States. The network 
was formed in response to increasing community 
concerns about the need for new ways to grow 
that boost the economy, protect the environment 
and public health, and enhance community vital-
ity. SGN partners include environmental groups, 
historic preservation organizations, professional 
organizations, developers, real estate interests, 
and local and state government entities.
SGN works to encourage development that 
serves the economy, community, public health, 
and the environment. It is a forum for:
 Raising public awareness of how growth can 
improve quality of life;
 Promoting smart growth best practices;
 Developing and sharing information, innovative 
policies, tools, and ideas; and
 Cultivating strategies to address barriers to and 
advance opportunities for smart growth.
For more information about SGN and its partners, 
visit www.smartgrowth.org.
Join the Smart Growth Network
Any individual or organization interested in ﬁ nd-
ing innovative tools and strategies for community 
development can become a member of the Smart 
Growth Network. As an SGN member, you will be 
part of a diverse network of private, public, and 
nonproﬁ t partners seeking to encourage better 
development decisions, and you’ll gain informa-
tion to help implement smart growth principles in 
your own community. Membership is free! To join, 
visit www.smartgrowth.org/sgn/join.asp, or send 
an e-mail to smartgrowth@icma.org. You can also 
contact SGN by calling 202/962-3623.
Acknowledgements
This is a Smart Growth Network publication, pro-
duced under a cooperative agreement between 
the International City/County Management 
Association (ICMA) and the U.S. Environmental 
Protection Agency (EPA). The writing team 
included: ICMA—Dan Emerine, Christine Shenot; 
EPA—Mary Kay Bailey, Lee Sobel, and Megan 
Susman. Research assistance was provided by 
Reginald LaFond and Sheritha Wright. Thanks 
to Jane Cotnoir for her editing and to Will Kemp 
for the graphic design. Special thanks to ICMA’s 
Nadejda Mishkovsky and EPA’s Geoff Anderson 
for their guidance and leadership.
ICMA would also like to thank the Smart Growth 
Network working group for shaping the publica-
tion, providing essential ideas, and reviewing 
the text for accuracy. Members of ICMA’s Smart 
Growth Advisory Group and colleagues, friends, 
and family of the writing team also reviewed 
early drafts of the document and provided helpful 
comments.

Contents
Introduction: What Is Smart Growth? . . . . . . . . . . . . . . . . . . . . . . . . . . . . . . . . . . . . . . . . . . . . . . . . . . . . . . . . 1
 1  A Shot at the American Dream of Opportunity for All . . . . . . . . . . . . . . . . . . . . . . . . . . . . . . . . . . . . . . . . 2
 2  Safe, Convenient Neighborhoods With Homes That People Can Afford . . . . . . . . . . . . . . . . . . . . . . . . . . 4
 3  Development Decisions That Are Fair to Everyone . . . . . . . . . . . . . . . . . . . . . . . . . . . . . . . . . . . . . . . . . . 6
 4  Investing Taxpayer Money Wisely in Our Communities . . . . . . . . . . . . . . . . . . . . . . . . . . . . . . . . . . . . . . . 8
 5  Protecting and Preserving Our Natural Heritage and Working Lands . . . . . . . . . . . . . . . . . . . . . . . . . . . 10
 6  Freedom to Choose How We Get Around . . . . . . . . . . . . . . . . . . . . . . . . . . . . . . . . . . . . . . . . . . . . . . . . 12
 7  Healthy Communities for All Ages . . . . . . . . . . . . . . . . . . . . . . . . . . . . . . . . . . . . . . . . . . . . . . . . . . . . . . 14
 8  Places Designed for People . . . . . . . . . . . . . . . . . . . . . . . . . . . . . . . . . . . . . . . . . . . . . . . . . . . . . . . . . . . 16
 9  A Lasting Legacy in Our Communities . . . . . . . . . . . . . . . . . . . . . . . . . . . . . . . . . . . . . . . . . . . . . . . . . . . 18
10  Growth and Development That Improves Our Communities  . . . . . . . . . . . . . . . . . . . . . . . . . . . . . . . . . 20
A Better Future for Everyone . . . . . . . . . . . . . . . . . . . . . . . . . . . . . . . . . . . . . . . . . . . . . . . . . . . . . . . . . . . . . 22
Resource Guide . . . . . . . . . . . . . . . . . . . . . . . . . . . . . . . . . . . . . . . . . . . . . . . . . . . . . . . . . . . . . . . . . . . . . . . . 23
Endnotes and Photo Credits . . . . . . . . . . . . . . . . . . . . . . . . . . . . . . . . . . . . . . . . . . . . . . . . . . . . . . . . . . . . . . 26

Smart Growth 
Principles
 Mix land uses
 Take advantage of compact building design
  Create a range of housing opportunities and 
choices
 Create walkable neighborhoods
  Foster distinctive, attractive communities with 
a strong sense of place
  Preserve open space, farmla",
Smart Growth,5 DOT y planeación urbana (Gregor Wessels)/Teoria DOTS/Smart Growth/Smart_Growth-econdev.pdf,Smart_Growth-econdev.pdf,3224327,50,TRANSIT-ORIENTED DEVELOPMENT,IEDC,TRANSIT-ORIENTED DEVELOPMENT,IEDC,2006,,,,,eng," 
 
 
 
 
 
 
Economic Development and
Smart Growth
 
 
8 Case Studies on the Connections 
between Smart Growth Development 
and Jobs, Wealth, and Quality of Life 
in Communities 
 
 
 
 
 
 
 
1 
 
 
Economic Development and Smart Growth 
8 Case Studies on the Connections Between Smart Growth Development 
and Jobs, Wealth, and Quality of Life in Communities  
 
 
 
Editors: 
Alex Iams 
Pearl Kaplan 
 
 
 
 
 
 
 
 
 
 
 
 
 
 
August 2006 
 
 
International Economic Development Council 
734 15th St. NW, Suite 900 
Washington, DC 20005 
202.223.7800 
www.iedconline.org 
 
 
 
This report was developed under a cooperative agreement between IEDC and the US 
Environmental Protection Agency (PI-83224701-0). The opinions in this report do not 
necessarily represent the views of the EPA.
 2
 
 
 
ACKNOWLEDGEMENTS 
 
 
Editors 
Alex Iams 
Associate, Advisory Services & Research 
International Economic Development Council 
Washington, DC  
 
Pearl Kaplan 
Senior Associate, Advisory Services & Research 
International Economic Development Council 
Washington, DC  
 
Case Study Authors 
Alex Iams 
Pearl Kaplan 
Andrea Bauerfeind 
Jenifer Huestis  
Kathleen Quillinan 
 
Contributing authors
Mary Kay Bailey 
Jessica Schaeffer  
 
Project Advisor 
Ed Gilliland, CEcD, AICP 
Vice President, Advisory Services & Research 
International Economic Development Council 
Washington, DC  
 
 
Cover Photo: Arena District in Columbus, Ohio. Courtesy of Nationwide Realty Investors. 
 3
 
 
 
 
 
TABLE OF CONTENTS 
 
 
 
 
1
Introduction..................................................................................................................................... 5 
Transit-Oriented Development ....................................................................................................... 8 
The Brewery Blocks, Portland, OR .......................................................................................................... 8 
Silver Spring Downtown Redevelopment, Silver Spring, MD............................................................... 14 
 
Commercial Corridor Revitalization............................................................................................. 20 
East Carson Street, Pittsburgh, PA ......................................................................................................... 20 
Main Street Program, Burlington, IA ..................................................................................................... 24 
 
Targeted Area Redevelopment ..................................................................................................... 29 
Arena District, Columbus, OH ............................................................................................................... 29 
Belmar, Lakewood, CO .......................................................................................................................... 34 
 
Arts and Entertainment District .................................................................................................... 39 
Fountain Square, Indianapolis, IN .......................................................................................................... 39 
Artist Relocation Program, Paducah, KY .................................................................................................... 44 
 
 
 4
 
 
INTRODUCTION 
 
Why Smart Growth? 
Communities a re fa cing n ew ch allenges in 
attaining economic growth, increasing wealth, and 
improving quality of life for residents. Economi c 
development organizations (EDOs) strive to grow 
and im prove th e c ommunities they serve by 
attracting a nd retai ning develo pment, residents, 
and jobs. However, gr owth and develo pment, i f 
managed im properly, ca n neg atively affec t a 
community’s quality of life, leading to automobile 
congestion, pollu tion, pedestrian-hostile 
neighborhoods, and sprawl.  To ac commodate a n 
increasing p opulation a nd demand for  housing,  
services and infrastructure, local governments are 
seeking t o sustain gr owth and incr ease their tax 
base without upsetting the qualities that make 
their c ommunities pl easant plac es to l ive and  
work.  
 
Local governments seeking to create quality places 
are employing a range of asset-building techniques 
such as targeted area redevelopment, revitalization 
of commercial corridors with businesses, shops, 
and homes, and increasing transportation options.  
These strategies aim to provide more convenience 
and choice for residents  and empl oyees and 
emphasize quality of life. Increasingly, EDOs are 
recognizing that such l and development practices 
are tied to economic success as well.  
 
For co mmunities and busi nesses, at tracting a nd 
retaining qualified empl oyees is a major concern. 
To c ompete, many c ommunities ar e empl oying 
innovative develop ment str ategies, oft en referre d 
to as sma rt g rowth, that si multaneously support 
multiple economic and quality of life g",
Smart Growth,5 DOT y planeación urbana (Gregor Wessels)/Teoria DOTS/Smart Growth/Sprawling Cities Getting Hotter.pdf,Sprawling Cities Getting Hotter.pdf,136903,2,Sprawling Cities Getting Ho...,CarlosF,Sprawling Cities Getting Ho...,CarlosF,2010,,,,,eng,"Follow us:   Search 
Sprawling Cities Getting Hotter Faster 
Jun 23, 2010  10:18 AM ET 
By OurAmazingPlanet Staff 
Ads by Google 
Confused About Carbon? 
www.The-Green-Guide.info/ 
Download Our Free Information About 
Carbon Footprint. Learn More Today! 
Global Warming 
www.climateactio2n.com 
Carbon Reduction Projects Tackling 
Climate Change 
Future Generation Energy 
www.konicaminolta.com 
Protects the environment with 24hour 
clean electrical production. 
The number of extreme hot summer days is increasing around the world with global warming, but sprawling 
cities are racking up these sweltering days faster than more compact cities are, a new study finds. 
This finding could be important to city planners, particularly because heat waves  are a killer worldwide (heat 
waves kill more U.S. residents than any other natural disaster) and the number of hot days is expected to 
increase as climate change ramps up. 
Researchers at Georgia Tech examined the number of very hot 
days in 53 U.S. metropolitan regions between 1956 and 2005 to see 
if there were any differences in the number of hot days between 
both kinds of cities. (By the U.S. Census Bureau definition, a 
metropolitan region includes some counties surrounding a city 
proper.) 
Examples of sprawling cities are Atlanta, Tampa and Grand Rapids, 
Mich., while Chicago, Boston and Baltimore are all examples of 
more compact urban areas. 
The study found that for sprawling cities the annual number of very 
hot days had increased by 14.8 days on average over the five 
decades examined, compared to an increase of just 5.6 days for the 
most compact areas. 
""These findings show that the pace of climate change is greater in sprawling cities than in others, which has 
not been shown before,"" said study leader Brian Stone of Georgia Tech. ""Because severe heat kills more 
people on average per year than any other type of dangerous weather, residents of sprawling cities  may be 
more vulnerable to this significant health threat posed by climate change."" 
A 1995 heat wave in Chicago killed 500 people over just five days, while the major 2003 European heat 
wave  is estimated to have killed tens of thousands of people over a few months. 
Sprawl appeared to influence the frequency of hot days through its effect on local vegetation. The study 
found that between 1992 and 2001, the rate of deforestation in the most sprawling cities was more than 
double that of compact regions. Previous studies have attributed some of the urban heat island  trend to loss 
of trees and other vegetation, which are replaced by roofs and paved surfaces that absorb and hold on to 
more heat 
Extremely hot days were identified with the National Climatic Data Center's city-specific heat stress index 
that covers 187 cities. 
Development patterns of cities were judged using a widely published metric developed in 2003 called the 
sprawl index. This index includes land-use data from the 2000 census to show features such as population 
density, proximity of commercial and residential buildings and street network patterns — all of which can 
indicate the level of sprawl in a city. 
Can Earth Survive? 
10 Surprising Results of Global Warming 
Earth in the Balance: 7 Crucial Tipping Points 
 
Ads by Google 
Heat Transfer Fluids 
www.paratherm.com/fluids 
Cooling to -148 F Heating to +650 Application 
Support, Fluid Analysis 
Games for Girls 
MyPlayCity.com 
Vogue Tales is an exciting game for girls. Download 
and play for free! 
Spidered News 
www.SpideredNews.com 
Breaking News - Worldwide Essential Daily Reading 
Jade Dynasty–Free MMORPG 
jd.perfectworld.com 
Fight in the Territory Wars Explore the Unknown 
Land! 
 www.konicaminolta.com Ads by Google 
Sprawling Cities Getting Hotter Faster | Our Amazing Planet http://www.ouramazingplanet.com/sprawling-cities-getting-hotter-faster-... 
1 of 2 04/10/2010 05:35 p.m. 

Sprawling Cities Getting Hotter Faster | Our Amazing Planet http://www.ouramazingplanet.com/sprawling-cities-getting-hotter-faster-... 
2 of 2 04/10/2010 05:35 p.m. ",
Smart Growth,5 DOT y planeación urbana (Gregor Wessels)/Teoria DOTS/Smart Growth/TRB-smart_growth_guide.pdf,TRB-smart_growth_guide.pdf,409314,55,"Smart Growth, A Guide to Developing and Implementing Greenhouse Gas Reduction Programs",US EPA,"Smart Growth, A Guide to Developing and Implementing Greenhouse Gas Reduction Programs",US EPA,2010,,,,,eng," 
DRAFT 
Local Government Climate and Energy Strategy Guides: Smart Growth 
EPA’s Local Government Climate and Energy Strategy Guides 
The Local Government Climate and Energy Strategy Guides provide a comprehensive, 
straightforward overview of greenhouse gas (GHG) emissions reduction strategies that local 
governments can employ. Topics include energy efficiency, transportation, community planning 
and design, solid waste and materials management, and renewable energy. City, county, 
territorial, tribal, and regional government staff and elected officials can use these guides to plan, 
implement, and evaluate climate and energy projects.  
Each guide provides an overview of project benefits, policy mechanisms, investments, key 
stakeholders, and other implementation considerations. Examples and case studies highlighting 
achievable results from programs implemented in communities across the United States are 
incorporated throughout the guides. 
While each guide stands on its own, the entire series contains many interrelated strategies that 
can be combined to create comprehensive, cost-effective programs that generate multiple 
benefits. For example, efforts to improve energy efficiency can be combined with transportation 
and community planning and design programs to reduce GHG emissions, decrease the costs of 
energy and transportation for businesses and residents, improve air quality and public health, and 
enhance quality of life.  
Local Government Climate and Energy Strategy Guides 
All guides are available at www.epa.gov/statelocalclimate/resources/strategy-guides.html. 
Energy Efficiency 
• Energy Efficiency in Local Government Operations 
• Energy Efficiency in K-12 Schools  
• Energy Efficiency in Affordable Housing 
• Energy-Efficient Product Procurement 
• Combined Heat and Power 
• Energy Efficiency in Water and Wastewater Facilities (in development) 
 
Transportation 
• Transportation Control Measures 
• Efficient Fleets (in development) 
 
Community Planning and Design 
• Smart Growth 
• Urban Heat Island Reduction (in development) 
 
Draft i March 22, 2010 
Local Government Climate and Energy Strategy Guides: Smart Growth 
Solid Waste and Materials Management 
• Resource Conservation and Recovery (in development) 
 
Renewable Energy 
• Green Power Procurement 
• On-Site Renewable Energy Generation  
• Landfill Gas Energy  
 
Please note: All Web addresses in this document were working as of the time of publication, but 
links may break over time as sites are reorganized and content is moved. 
Draft ii March 22, 2010 
Local Government Climate and Energy Strategy Guides: Smart Growth 
Contents 
Executive Summary ..................................................................................................................... iv 
1.  Overview ................................................................................................................................ 1 
2.  Benefits of Smart Growth .................................................................................................... 3 
3.  Planning and Design Approaches to Smart Growth ......................................................... 7 
Where Development Occurs ............................................................................................... 7 
How Development Occurs .................................................................................................. 9 
4.  Key Participants .................................................................................................................. 12 
5.  Foundations for Program Development ........................................................................... 14 
6.  Strategies for Effective Program Implementation ........................................................... 22 
7.  Investment and Funding Opportunities............................................................................ 23 
Investment ......................................................................................................................... 23 
Funding Opportunities ...................................................................................................... 24 
Financing..................................................................................................................... 24 
Funding Sources.......................................................................................................... 26 
8.  Federal, State, and Other Program Resources ................................................................ 27 
Federal Programs .............................................................................................................. 27 
State Programs .................................................................................................................. 29 
Other Programs ................................................................................................................. 30 
Metropolitan Planning Organ",
